Contact ID,Contact Name,GHL Contact ID,CSV Amount,CSV Date,CSV Source,Correct Donation ID,Correct Donation Date,Correct Donation Campaign,Orphan Donation ID,Orphan Date,Orphan Campaign,Orphan Campaign ID,Action
52563,Unknown,5KVQgGDzEGdQ3jso6sUa,10.00,2025-12-24,General Donation form With Recurring Donations and Manual Donations,135491,2025-12-24,254,135966,2025-12-15,General Donation form With Recurring Donations,941,Delete
52563,Unknown,5KVQgGDzEGdQ3jso6sUa,10.00,2025-12-24,General Donation form With Recurring Donations and Manual Donations,135491,2025-12-24,254,135978,2025-12-01,New Invoice,946,Delete
52563,Unknown,5KVQgGDzEGdQ3jso6sUa,10.00,2025-12-24,General Donation form With Recurring Donations and Manual Donations,135491,2025-12-24,254,135981,2025-11-28,General Donation form With Recurring Donations and Manual Donations,942,Delete
52563,Unknown,5KVQgGDzEGdQ3jso6sUa,10.00,2025-12-24,General Donation form With Recurring Donations and Manual Donations,135491,2025-12-24,254,135995,2025-11-22,General Donation form With Recurring Donations and Manual Donations,942,Delete
52562,Unknown,caayNzHyAtv1INYh1teW,26.00,2025-12-24,Manual Payment,135490,2025-12-24,165,136135,2025-10-09,Manual Payment,944,Delete
52562,Unknown,caayNzHyAtv1INYh1teW,26.00,2025-12-24,Manual Payment,135490,2025-12-24,165,136460,2025-04-01,Manual Payment,944,Delete
23336,Mrs. Roslyn Blatt,0l8Xx53uxkWc4XvVImyj,10.00,2025-12-24,Manual Payment,135489,2025-12-24,None,134576,2025-04-10,None,,Delete
52561,Jonathan Ely,YgtMcuEWu2snFWO2aOa5,18.00,2025-12-24,General Donation form With Recurring Donations and Manual Donations,135487,2025-12-24,254,135979,2025-12-01,New Invoice,946,Delete
52561,Jonathan Ely,YgtMcuEWu2snFWO2aOa5,18.00,2025-12-24,General Donation form With Recurring Donations and Manual Donations,135487,2025-12-24,254,136353,2025-04-16,Thanksgiving,949,Delete
52556,Unknown,P9esadnBlYspgW1gmO4g,36.00,2025-12-23,General Donation form With Recurring Donations and Manual Donations,135482,2025-12-23,254,136183,2025-10-01,RH25 Donation Form - Other Amount,940,Delete
52549,Unknown,h7yVAlzNbwpFJDP313aL,360.00,2025-12-22,Chanuka-CH25,135466,2025-12-22,855,135976,2025-12-02,Giving Tuesday,858,Delete
52549,Unknown,h7yVAlzNbwpFJDP313aL,360.00,2025-12-22,Chanuka-CH25,135466,2025-12-22,855,136456,2025-04-08,Passover Form,967,Delete
52441,Unknown,gXO2MaynN9oOrG3l8Gwh,36.00,2025-12-21,General Donation form With Recurring Donations,135221,2025-12-21,None,136458,2025-04-01,Passover Form,967,Transfer campaign then delete
52429,Unknown,G13Zi1gEj4mYuhw46hk2,2.00,2025-12-18,General Donation form With Recurring Donations,132592,2025-12-18,229,134907,2025-02-13,None,,Delete
52429,Unknown,G13Zi1gEj4mYuhw46hk2,2.00,2025-12-18,General Donation form With Recurring Donations,132592,2025-12-18,229,134907,2025-02-13,None,,Delete
52429,Unknown,G13Zi1gEj4mYuhw46hk2,2.00,2025-12-18,General Donation form With Recurring Donations,132592,2025-12-18,229,134907,2025-02-13,None,,Delete
52427,David BECHHOFER,FUyYDzuapRT9mf7iyMhs,36.00,2025-12-17,General Donation form With Recurring Donations and Manual Donations,132614,2025-12-17,None,133491,2025-09-28,None,,Delete
26532,Stephen Brandt,D2sJk0QXJo819gH7ELn7,18.00,2025-12-16,General Donation form With Recurring Donations and Manual Donations,132618,2025-12-16,None,134780,2025-03-19,None,,Delete
26532,Stephen Brandt,D2sJk0QXJo819gH7ELn7,18.00,2025-12-16,General Donation form With Recurring Donations and Manual Donations,132618,2025-12-16,None,134896,2025-02-18,None,,Delete
52563,Unknown,5KVQgGDzEGdQ3jso6sUa,10.00,2025-12-15,General Donation form With Recurring Donations,135966,2025-12-15,941,135978,2025-12-01,New Invoice,946,Delete
52563,Unknown,5KVQgGDzEGdQ3jso6sUa,10.00,2025-12-15,General Donation form With Recurring Donations,135966,2025-12-15,941,135981,2025-11-28,General Donation form With Recurring Donations and Manual Donations,942,Delete
52563,Unknown,5KVQgGDzEGdQ3jso6sUa,10.00,2025-12-15,General Donation form With Recurring Donations,135966,2025-12-15,941,135995,2025-11-22,General Donation form With Recurring Donations and Manual Donations,942,Delete
52563,Unknown,5KVQgGDzEGdQ3jso6sUa,10.00,2025-12-15,General Donation form With Recurring Donations,135966,2025-12-15,941,135491,2025-12-24,CF25,254,Delete
52379,Isaac Alfaks,NHsbwnYhYInjvWjewSHH,5000.00,2025-12-12,Rav Feinstein Donation Form - Copy,135967,2025-12-12,947,132610,2025-12-18,Rav Feinstein,859,Delete
39587,Trina Fleischmann,Vwoh1np1uJqzwCn0n8Lb,5.00,2025-12-12,Chanuka-CH25,132633,2025-12-12,None,133483,2025-09-29,None,,Delete
39587,Trina Fleischmann,Vwoh1np1uJqzwCn0n8Lb,5.00,2025-12-12,Chanuka-CH25,132633,2025-12-12,None,134704,2025-03-31,None,,Delete
39513,Batya Van Wijncoop,rEt4Q28N9pT3UZpwA9PN,72.00,2025-12-12,New General Donation form,132635,2025-12-12,None,134061,2025-06-13,None,,Delete
39513,Batya Van Wijncoop,rEt4Q28N9pT3UZpwA9PN,72.00,2025-12-12,New General Donation form,132635,2025-12-12,None,134876,2025-02-27,None,,Delete
28409,Ronald Ziff,VkxRdt35pxDx1sK3prNS,36.00,2025-12-11,Chanuka-CH25,132636,2025-12-11,None,133561,2025-09-18,None,,Delete
22153,Eddie Sherman,RDviMZQnbcFpj8QqWVaZ,54.00,2025-12-10,General Donation form With Recurring Donations and Manual Donations,132638,2025-12-10,None,101674,2025-03-28,Thanksgiving25,479,Transfer campaign then delete
34314,Sandra Wintman Welkes,UdIzgWZA5MV73jrjUtc1,36.00,2025-12-10,"Giving Tuesday ",132640,2025-12-10,None,133931,2025-07-09,None,,Delete
35472,Rose Kacenberg,z3nHmmEgfan63vsh2IQu,10.00,2025-12-10,Thanksgiving ,132642,2025-12-10,None,133550,2025-09-19,None,,Delete
35472,Rose Kacenberg,z3nHmmEgfan63vsh2IQu,10.00,2025-12-10,Thanksgiving ,132642,2025-12-10,None,134736,2025-03-26,None,,Delete
29702,Sol Herzig,kwIafh4BWSKUjOUvRcsP,50.00,2025-12-09,New Invoice,132646,2025-12-09,None,54404,2025-03-18,None,,Delete
29702,Sol Herzig,kwIafh4BWSKUjOUvRcsP,50.00,2025-12-09,New Invoice,132646,2025-12-09,None,134761,2025-03-21,None,,Delete
29340,Israel Sherman,k0wBxznsW2sNraVY4Uru,200.00,2025-12-09,New Invoice,132650,2025-12-09,None,51774,2025-06-10,None,,Delete
29340,Israel Sherman,k0wBxznsW2sNraVY4Uru,200.00,2025-12-09,New Invoice,132650,2025-12-09,None,51776,2025-04-07,None,,Delete
29340,Israel Sherman,k0wBxznsW2sNraVY4Uru,200.00,2025-12-09,New Invoice,132650,2025-12-09,None,51779,2025-01-13,None,,Delete
29340,Israel Sherman,k0wBxznsW2sNraVY4Uru,200.00,2025-12-09,New Invoice,132650,2025-12-09,None,100611,2025-11-06,Recurring,472,Transfer campaign then delete
29340,Israel Sherman,k0wBxznsW2sNraVY4Uru,200.00,2025-12-09,New Invoice,132650,2025-12-09,None,100632,2025-10-15,Recurring,472,Transfer campaign then delete
29340,Israel Sherman,k0wBxznsW2sNraVY4Uru,200.00,2025-12-09,New Invoice,132650,2025-12-09,None,100651,2025-09-09,Recurring,472,Transfer campaign then delete
29340,Israel Sherman,k0wBxznsW2sNraVY4Uru,200.00,2025-12-09,New Invoice,132650,2025-12-09,None,100683,2025-08-07,Recurring,472,Transfer campaign then delete
29340,Israel Sherman,k0wBxznsW2sNraVY4Uru,200.00,2025-12-09,New Invoice,132650,2025-12-09,None,100691,2025-07-08,Recurring,472,Transfer campaign then delete
29340,Israel Sherman,k0wBxznsW2sNraVY4Uru,200.00,2025-12-09,New Invoice,132650,2025-12-09,None,132795,2025-11-10,None,,Delete
29340,Israel Sherman,k0wBxznsW2sNraVY4Uru,200.00,2025-12-09,New Invoice,132650,2025-12-09,None,132941,2025-10-20,None,,Delete
29340,Israel Sherman,k0wBxznsW2sNraVY4Uru,200.00,2025-12-09,New Invoice,132650,2025-12-09,None,133599,2025-09-17,None,,Delete
29340,Israel Sherman,k0wBxznsW2sNraVY4Uru,200.00,2025-12-09,New Invoice,132650,2025-12-09,None,133722,2025-08-12,None,,Delete
29340,Israel Sherman,k0wBxznsW2sNraVY4Uru,200.00,2025-12-09,New Invoice,132650,2025-12-09,None,133868,2025-07-24,None,,Delete
29340,Israel Sherman,k0wBxznsW2sNraVY4Uru,200.00,2025-12-09,New Invoice,132650,2025-12-09,None,134040,2025-06-13,None,,Delete
29340,Israel Sherman,k0wBxznsW2sNraVY4Uru,200.00,2025-12-09,New Invoice,132650,2025-12-09,None,134192,2025-05-06,None,,Delete
29340,Israel Sherman,k0wBxznsW2sNraVY4Uru,200.00,2025-12-09,New Invoice,132650,2025-12-09,None,134403,2025-04-15,None,,Delete
29340,Israel Sherman,k0wBxznsW2sNraVY4Uru,200.00,2025-12-09,New Invoice,132650,2025-12-09,None,134799,2025-03-13,None,,Delete
30029,Mr. & Mrs. Bernard Perlowitz,LrCau6OHZdz8ZzcwOcBb,500.00,2025-12-03,New Invoice,132656,2025-12-03,None,99382,2025-10-02,Bergen25,458,Transfer campaign then delete
30029,Mr. & Mrs. Bernard Perlowitz,LrCau6OHZdz8ZzcwOcBb,500.00,2025-12-03,New Invoice,132656,2025-12-03,None,136100,2025-10-17,New Invoice,946,Delete
30029,Mr. & Mrs. Bernard Perlowitz,LrCau6OHZdz8ZzcwOcBb,500.00,2025-12-03,New Invoice,132656,2025-12-03,None,136310,2025-05-29,New General Donation form,943,Delete
28904,Rochelle Ackerman,IybuBtKuBbaLlwlQrLF9,18.00,2025-12-03,New Invoice,132660,2025-12-03,None,49015,2025-01-08,None,,Delete
27444,Mr. & Mrs. Ephraim Weingarten,Fesuqd6RnrSGG5Zaw8it,36.00,2025-12-03,New Invoice,132663,2025-12-03,475,134224,2025-05-05,Maos Chitim 2025,470,Delete
30625,Tzvi Hershfang,nat9e81z2Qdjd0CtuS2g,25.00,2025-12-03,New Invoice,132669,2025-12-03,None,60262,2025-04-09,None,,Delete
30625,Tzvi Hershfang,nat9e81z2Qdjd0CtuS2g,25.00,2025-12-03,New Invoice,132669,2025-12-03,None,134556,2025-04-14,None,,Delete
24710,Evan Krisch,n7rlU8Wfy3x2upQZAA3i,150.00,2025-12-03,New Invoice,132671,2025-12-03,None,22837,2025-04-20,None,,Delete
24710,Evan Krisch,n7rlU8Wfy3x2upQZAA3i,150.00,2025-12-03,New Invoice,132671,2025-12-03,None,22839,2025-02-24,None,,Delete
24710,Evan Krisch,n7rlU8Wfy3x2upQZAA3i,150.00,2025-12-03,New Invoice,132671,2025-12-03,None,22840,2025-01-16,None,,Delete
24710,Evan Krisch,n7rlU8Wfy3x2upQZAA3i,150.00,2025-12-03,New Invoice,132671,2025-12-03,None,100643,2025-09-23,Recurring,472,Transfer campaign then delete
24710,Evan Krisch,n7rlU8Wfy3x2upQZAA3i,150.00,2025-12-03,New Invoice,132671,2025-12-03,None,100663,2025-09-04,Recurring,472,Transfer campaign then delete
24710,Evan Krisch,n7rlU8Wfy3x2upQZAA3i,150.00,2025-12-03,New Invoice,132671,2025-12-03,None,100686,2025-07-29,Recurring,472,Transfer campaign then delete
24710,Evan Krisch,n7rlU8Wfy3x2upQZAA3i,150.00,2025-12-03,New Invoice,132671,2025-12-03,None,135882,2025-12-26,CH25,855,Delete
24710,Evan Krisch,n7rlU8Wfy3x2upQZAA3i,150.00,2025-12-03,New Invoice,132671,2025-12-03,None,132896,2025-10-23,None,,Delete
24710,Evan Krisch,n7rlU8Wfy3x2upQZAA3i,150.00,2025-12-03,New Invoice,132671,2025-12-03,None,133433,2025-09-30,None,,Delete
24710,Evan Krisch,n7rlU8Wfy3x2upQZAA3i,150.00,2025-12-03,New Invoice,132671,2025-12-03,None,133636,2025-09-09,None,,Delete
24710,Evan Krisch,n7rlU8Wfy3x2upQZAA3i,150.00,2025-12-03,New Invoice,132671,2025-12-03,None,133739,2025-08-12,None,,Delete
24710,Evan Krisch,n7rlU8Wfy3x2upQZAA3i,150.00,2025-12-03,New Invoice,132671,2025-12-03,None,134122,2025-05-23,None,,Delete
24710,Evan Krisch,n7rlU8Wfy3x2upQZAA3i,150.00,2025-12-03,New Invoice,132671,2025-12-03,None,134311,2025-04-25,None,,Delete
24710,Evan Krisch,n7rlU8Wfy3x2upQZAA3i,150.00,2025-12-03,New Invoice,132671,2025-12-03,None,134734,2025-03-26,None,,Delete
24710,Evan Krisch,n7rlU8Wfy3x2upQZAA3i,150.00,2025-12-03,New Invoice,132671,2025-12-03,None,134864,2025-03-04,None,,Delete
24710,Evan Krisch,n7rlU8Wfy3x2upQZAA3i,150.00,2025-12-03,New Invoice,132671,2025-12-03,None,136289,2025-07-02,New Invoice,946,Delete
24543,Philip Kazlow,6F8li2ijC7g7SLoBkej9,1000.00,2025-12-03,New Invoice,132677,2025-12-03,None,21741,2025-06-19,None,,Delete
24543,Philip Kazlow,6F8li2ijC7g7SLoBkej9,1000.00,2025-12-03,New Invoice,132677,2025-12-03,None,21742,2025-04-23,None,,Delete
24543,Philip Kazlow,6F8li2ijC7g7SLoBkej9,1000.00,2025-12-03,New Invoice,132677,2025-12-03,None,99375,2025-09-18,Bergen25,458,Transfer campaign then delete
24543,Philip Kazlow,6F8li2ijC7g7SLoBkej9,1000.00,2025-12-03,New Invoice,132677,2025-12-03,None,101201,2025-10-02,RH25,475,Delete
24543,Philip Kazlow,6F8li2ijC7g7SLoBkej9,1000.00,2025-12-03,New Invoice,132677,2025-12-03,None,133104,2025-10-17,None,,Delete
24543,Philip Kazlow,6F8li2ijC7g7SLoBkej9,1000.00,2025-12-03,New Invoice,132677,2025-12-03,None,133457,2025-09-29,None,,Delete
24543,Philip Kazlow,6F8li2ijC7g7SLoBkej9,1000.00,2025-12-03,New Invoice,132677,2025-12-03,None,133995,2025-06-23,None,,Delete
24543,Philip Kazlow,6F8li2ijC7g7SLoBkej9,1000.00,2025-12-03,New Invoice,132677,2025-12-03,None,134274,2025-04-28,None,,Delete
31937,Mr. & Mrs. Norman Schmutter,qJW9xz4h2CtyWHuk4Nh9,1800.00,2025-12-03,New Invoice,132678,2025-12-03,None,99376,2025-09-01,Bergen25,458,Transfer campaign then delete
31937,Mr. & Mrs. Norman Schmutter,qJW9xz4h2CtyWHuk4Nh9,1800.00,2025-12-03,New Invoice,132678,2025-12-03,None,99387,2025-09-30,Bergen25,458,Transfer campaign then delete
31937,Mr. & Mrs. Norman Schmutter,qJW9xz4h2CtyWHuk4Nh9,1800.00,2025-12-03,New Invoice,132678,2025-12-03,None,99418,2025-07-29,CF25,254,Delete
31937,Mr. & Mrs. Norman Schmutter,qJW9xz4h2CtyWHuk4Nh9,1800.00,2025-12-03,New Invoice,132678,2025-12-03,None,99835,2025-05-29,GD25,462,Delete
31937,Mr. & Mrs. Norman Schmutter,qJW9xz4h2CtyWHuk4Nh9,1800.00,2025-12-03,New Invoice,132678,2025-12-03,None,99836,2025-04-29,GD25,462,Delete
31937,Mr. & Mrs. Norman Schmutter,qJW9xz4h2CtyWHuk4Nh9,1800.00,2025-12-03,New Invoice,132678,2025-12-03,None,99871,2025-03-31,GD25,462,Delete
31937,Mr. & Mrs. Norman Schmutter,qJW9xz4h2CtyWHuk4Nh9,1800.00,2025-12-03,New Invoice,132678,2025-12-03,None,99992,2025-02-25,GD25,462,Delete
31937,Mr. & Mrs. Norman Schmutter,qJW9xz4h2CtyWHuk4Nh9,1800.00,2025-12-03,New Invoice,132678,2025-12-03,None,132864,2025-10-31,None,,Delete
31937,Mr. & Mrs. Norman Schmutter,qJW9xz4h2CtyWHuk4Nh9,1800.00,2025-12-03,New Invoice,132678,2025-12-03,None,133281,2025-10-05,None,,Delete
31937,Mr. & Mrs. Norman Schmutter,qJW9xz4h2CtyWHuk4Nh9,1800.00,2025-12-03,New Invoice,132678,2025-12-03,None,133642,2025-09-09,None,,Delete
31937,Mr. & Mrs. Norman Schmutter,qJW9xz4h2CtyWHuk4Nh9,1800.00,2025-12-03,New Invoice,132678,2025-12-03,None,133750,2025-08-12,None,,Delete
31937,Mr. & Mrs. Norman Schmutter,qJW9xz4h2CtyWHuk4Nh9,1800.00,2025-12-03,New Invoice,132678,2025-12-03,None,133943,2025-07-02,None,,Delete
31937,Mr. & Mrs. Norman Schmutter,qJW9xz4h2CtyWHuk4Nh9,1800.00,2025-12-03,New Invoice,132678,2025-12-03,None,134093,2025-06-04,None,,Delete
31937,Mr. & Mrs. Norman Schmutter,qJW9xz4h2CtyWHuk4Nh9,1800.00,2025-12-03,New Invoice,132678,2025-12-03,None,134239,2025-05-05,None,,Delete
31937,Mr. & Mrs. Norman Schmutter,qJW9xz4h2CtyWHuk4Nh9,1800.00,2025-12-03,New Invoice,132678,2025-12-03,None,134627,2025-04-09,None,,Delete
31937,Mr. & Mrs. Norman Schmutter,qJW9xz4h2CtyWHuk4Nh9,1800.00,2025-12-03,New Invoice,132678,2025-12-03,None,134834,2025-03-12,None,,Delete
31937,Mr. & Mrs. Norman Schmutter,qJW9xz4h2CtyWHuk4Nh9,1800.00,2025-12-03,New Invoice,132678,2025-12-03,None,134861,2025-03-04,None,,Delete
28913,Mr. & Mrs. Joseph Hoch,iYwrqKrjtAOtdUeJEBS2,150.00,2025-12-03,New Invoice,132680,2025-12-03,None,99821,2025-05-31,GD25,462,Transfer campaign then delete
28913,Mr. & Mrs. Joseph Hoch,iYwrqKrjtAOtdUeJEBS2,150.00,2025-12-03,New Invoice,132680,2025-12-03,None,100154,2025-09-02,Maos Chitim 2025,470,Delete
28913,Mr. & Mrs. Joseph Hoch,iYwrqKrjtAOtdUeJEBS2,150.00,2025-12-03,New Invoice,132680,2025-12-03,None,100292,2025-05-01,Maos Chitim 2025,470,Delete
28913,Mr. & Mrs. Joseph Hoch,iYwrqKrjtAOtdUeJEBS2,150.00,2025-12-03,New Invoice,132680,2025-12-03,None,100613,2025-10-01,Recurring,472,Delete
28913,Mr. & Mrs. Joseph Hoch,iYwrqKrjtAOtdUeJEBS2,150.00,2025-12-03,New Invoice,132680,2025-12-03,None,100684,2025-08-03,Recurring,472,Delete
28913,Mr. & Mrs. Joseph Hoch,iYwrqKrjtAOtdUeJEBS2,150.00,2025-12-03,New Invoice,132680,2025-12-03,None,132825,2025-11-05,None,,Delete
28913,Mr. & Mrs. Joseph Hoch,iYwrqKrjtAOtdUeJEBS2,150.00,2025-12-03,New Invoice,132680,2025-12-03,None,133218,2025-10-05,None,,Delete
28913,Mr. & Mrs. Joseph Hoch,iYwrqKrjtAOtdUeJEBS2,150.00,2025-12-03,New Invoice,132680,2025-12-03,None,133641,2025-09-09,None,,Delete
28913,Mr. & Mrs. Joseph Hoch,iYwrqKrjtAOtdUeJEBS2,150.00,2025-12-03,New Invoice,132680,2025-12-03,None,133726,2025-08-12,None,,Delete
28913,Mr. & Mrs. Joseph Hoch,iYwrqKrjtAOtdUeJEBS2,150.00,2025-12-03,New Invoice,132680,2025-12-03,None,133944,2025-07-02,None,,Delete
28913,Mr. & Mrs. Joseph Hoch,iYwrqKrjtAOtdUeJEBS2,150.00,2025-12-03,New Invoice,132680,2025-12-03,None,134071,2025-06-11,None,,Delete
28913,Mr. & Mrs. Joseph Hoch,iYwrqKrjtAOtdUeJEBS2,150.00,2025-12-03,New Invoice,132680,2025-12-03,None,134228,2025-05-05,None,,Delete
52549,Unknown,h7yVAlzNbwpFJDP313aL,360.00,2025-12-02,"Giving Tuesday ",135976,2025-12-02,858,135466,2025-12-22,CH25,855,Delete
52549,Unknown,h7yVAlzNbwpFJDP313aL,360.00,2025-12-02,"Giving Tuesday ",135976,2025-12-02,858,136456,2025-04-08,Passover Form,967,Delete
39453,Howard Shatz,JdWtYHljsa8k3b90QYih,180.00,2025-12-02,"Giving Tuesday ",132691,2025-12-02,None,134700,2025-03-31,None,,Delete
52563,Unknown,5KVQgGDzEGdQ3jso6sUa,10.00,2025-12-01,New Invoice,135978,2025-12-01,946,135966,2025-12-15,General Donation form With Recurring Donations,941,Delete
52563,Unknown,5KVQgGDzEGdQ3jso6sUa,10.00,2025-12-01,New Invoice,135978,2025-12-01,946,135981,2025-11-28,General Donation form With Recurring Donations and Manual Donations,942,Delete
52563,Unknown,5KVQgGDzEGdQ3jso6sUa,10.00,2025-12-01,New Invoice,135978,2025-12-01,946,135995,2025-11-22,General Donation form With Recurring Donations and Manual Donations,942,Delete
52563,Unknown,5KVQgGDzEGdQ3jso6sUa,10.00,2025-12-01,New Invoice,135978,2025-12-01,946,135491,2025-12-24,CF25,254,Delete
52561,Jonathan Ely,YgtMcuEWu2snFWO2aOa5,18.00,2025-12-01,New Invoice,135979,2025-12-01,946,135487,2025-12-24,CF25,254,Delete
52561,Jonathan Ely,YgtMcuEWu2snFWO2aOa5,18.00,2025-12-01,New Invoice,135979,2025-12-01,946,136353,2025-04-16,Thanksgiving,949,Delete
32921,Pastor Terry Kirk,SXP6RWGBFTGKwIsNWdWg,2500.00,2025-12-01,New Invoice,132727,2025-12-01,None,99476,2025-06-25,CF25,254,Transfer campaign then delete
32921,Pastor Terry Kirk,SXP6RWGBFTGKwIsNWdWg,2500.00,2025-12-01,New Invoice,132727,2025-12-01,None,101573,2025-09-23,RH25,475,Delete
32921,Pastor Terry Kirk,SXP6RWGBFTGKwIsNWdWg,2500.00,2025-12-01,New Invoice,132727,2025-12-01,None,101576,2025-09-14,RH25,475,Delete
32921,Pastor Terry Kirk,SXP6RWGBFTGKwIsNWdWg,2500.00,2025-12-01,New Invoice,132727,2025-12-01,None,133447,2025-09-29,None,,Delete
32921,Pastor Terry Kirk,SXP6RWGBFTGKwIsNWdWg,2500.00,2025-12-01,New Invoice,132727,2025-12-01,None,133590,2025-09-17,None,,Delete
32921,Pastor Terry Kirk,SXP6RWGBFTGKwIsNWdWg,2500.00,2025-12-01,New Invoice,132727,2025-12-01,None,133963,2025-07-02,None,,Delete
24673,Robert Neuman,6yw7NqQmSgLMKqvtDBEz,300.00,2025-12-01,New Invoice,132728,2025-12-01,None,101613,2025-09-14,RMKSPL25,477,Transfer campaign then delete
24673,Robert Neuman,6yw7NqQmSgLMKqvtDBEz,300.00,2025-12-01,New Invoice,132728,2025-12-01,None,101614,2025-09-04,RMKSPL25,477,Transfer campaign then delete
24673,Robert Neuman,6yw7NqQmSgLMKqvtDBEz,300.00,2025-12-01,New Invoice,132728,2025-12-01,None,101619,2025-07-17,RMKSPL25,477,Transfer campaign then delete
24673,Robert Neuman,6yw7NqQmSgLMKqvtDBEz,300.00,2025-12-01,New Invoice,132728,2025-12-01,None,101622,2025-06-23,RMKSPL25,477,Transfer campaign then delete
24673,Robert Neuman,6yw7NqQmSgLMKqvtDBEz,300.00,2025-12-01,New Invoice,132728,2025-12-01,None,133589,2025-09-17,None,,Delete
24673,Robert Neuman,6yw7NqQmSgLMKqvtDBEz,300.00,2025-12-01,New Invoice,132728,2025-12-01,None,133635,2025-09-09,None,,Delete
24673,Robert Neuman,6yw7NqQmSgLMKqvtDBEz,300.00,2025-12-01,New Invoice,132728,2025-12-01,None,133819,2025-08-05,None,,Delete
24673,Robert Neuman,6yw7NqQmSgLMKqvtDBEz,300.00,2025-12-01,New Invoice,132728,2025-12-01,None,133965,2025-07-02,None,,Delete
24673,Robert Neuman,6yw7NqQmSgLMKqvtDBEz,300.00,2025-12-01,New Invoice,132728,2025-12-01,None,134113,2025-05-23,None,,Delete
25418,Eliezer Goldstein,AebsGdnEzii1h59wDGXd,5.00,2025-12-01,New Invoice,132733,2025-12-01,None,27226,2025-03-09,None,,Delete
25418,Eliezer Goldstein,AebsGdnEzii1h59wDGXd,5.00,2025-12-01,New Invoice,132733,2025-12-01,None,135932,2025-12-29,CH25,855,Transfer campaign then delete
25418,Eliezer Goldstein,AebsGdnEzii1h59wDGXd,5.00,2025-12-01,New Invoice,132733,2025-12-01,None,136479,2025-03-12,New Invoice,946,Delete
52156,Norman Linzer,3HE72vxO5y8e97EB7jH2,100.00,2025-12-01,Subscription for norman linzer,132736,2025-12-01,None,132847,2025-11-01,None,,Delete
52156,Norman Linzer,3HE72vxO5y8e97EB7jH2,100.00,2025-12-01,Subscription for norman linzer,132736,2025-12-01,None,133353,2025-10-01,None,,Delete
52156,Norman Linzer,3HE72vxO5y8e97EB7jH2,100.00,2025-12-01,Subscription for norman linzer,132736,2025-12-01,None,133652,2025-09-01,None,,Delete
52156,Norman Linzer,3HE72vxO5y8e97EB7jH2,100.00,2025-12-01,Subscription for norman linzer,132736,2025-12-01,None,133831,2025-08-01,None,,Delete
52156,Norman Linzer,3HE72vxO5y8e97EB7jH2,100.00,2025-12-01,Subscription for norman linzer,132736,2025-12-01,None,134047,2025-06-13,None,,Delete
52156,Norman Linzer,3HE72vxO5y8e97EB7jH2,100.00,2025-12-01,Subscription for norman linzer,132736,2025-12-01,None,134163,2025-05-14,None,,Delete
52156,Norman Linzer,3HE72vxO5y8e97EB7jH2,100.00,2025-12-01,Subscription for norman linzer,132736,2025-12-01,None,134559,2025-04-14,None,,Delete
52156,Norman Linzer,3HE72vxO5y8e97EB7jH2,100.00,2025-12-01,Subscription for norman linzer,132736,2025-12-01,None,134801,2025-03-13,None,,Delete
52563,Unknown,5KVQgGDzEGdQ3jso6sUa,10.00,2025-11-28,General Donation form With Recurring Donations and Manual Donations,135981,2025-11-28,942,135966,2025-12-15,General Donation form With Recurring Donations,941,Delete
52563,Unknown,5KVQgGDzEGdQ3jso6sUa,10.00,2025-11-28,General Donation form With Recurring Donations and Manual Donations,135981,2025-11-28,942,135978,2025-12-01,New Invoice,946,Delete
52563,Unknown,5KVQgGDzEGdQ3jso6sUa,10.00,2025-11-28,General Donation form With Recurring Donations and Manual Donations,135981,2025-11-28,942,135995,2025-11-22,General Donation form With Recurring Donations and Manual Donations,942,Delete
52563,Unknown,5KVQgGDzEGdQ3jso6sUa,10.00,2025-11-28,General Donation form With Recurring Donations and Manual Donations,135981,2025-11-28,942,135491,2025-12-24,CF25,254,Delete
28924,Mr. & Mrs. Gary Klein,IzxdplYonr1fK5u3eOaw,100.00,2025-11-26,New Invoice,135982,2025-11-26,946,132512,2025-11-19,RH25,475,Delete
30246,Larry Latham,MCJdMJdeM93ygP2IgvcR,218.00,2025-11-26,New Invoice,132738,2025-11-26,None,57476,2025-05-20,None,,Delete
30246,Larry Latham,MCJdMJdeM93ygP2IgvcR,218.00,2025-11-26,New Invoice,132738,2025-11-26,None,57479,2025-01-17,None,,Delete
30246,Larry Latham,MCJdMJdeM93ygP2IgvcR,218.00,2025-11-26,New Invoice,132738,2025-11-26,None,100644,2025-09-21,Recurring,472,Transfer campaign then delete
30246,Larry Latham,MCJdMJdeM93ygP2IgvcR,218.00,2025-11-26,New Invoice,132738,2025-11-26,None,100665,2025-08-19,Recurring,472,Transfer campaign then delete
30246,Larry Latham,MCJdMJdeM93ygP2IgvcR,218.00,2025-11-26,New Invoice,132738,2025-11-26,None,100696,2025-07-21,Recurring,472,Transfer campaign then delete
30246,Larry Latham,MCJdMJdeM93ygP2IgvcR,218.00,2025-11-26,New Invoice,132738,2025-11-26,None,135929,2025-12-29,Monthly,854,Delete
30246,Larry Latham,MCJdMJdeM93ygP2IgvcR,218.00,2025-11-26,New Invoice,132738,2025-11-26,None,132525,2025-11-19,ID 736,736,Delete
30246,Larry Latham,MCJdMJdeM93ygP2IgvcR,218.00,2025-11-26,New Invoice,132738,2025-11-26,None,132891,2025-10-23,None,,Delete
30246,Larry Latham,MCJdMJdeM93ygP2IgvcR,218.00,2025-11-26,New Invoice,132738,2025-11-26,None,133450,2025-09-29,None,,Delete
30246,Larry Latham,MCJdMJdeM93ygP2IgvcR,218.00,2025-11-26,New Invoice,132738,2025-11-26,None,133657,2025-08-25,None,,Delete
30246,Larry Latham,MCJdMJdeM93ygP2IgvcR,218.00,2025-11-26,New Invoice,132738,2025-11-26,None,133875,2025-07-24,None,,Delete
30246,Larry Latham,MCJdMJdeM93ygP2IgvcR,218.00,2025-11-26,New Invoice,132738,2025-11-26,None,133991,2025-06-23,None,,Delete
30246,Larry Latham,MCJdMJdeM93ygP2IgvcR,218.00,2025-11-26,New Invoice,132738,2025-11-26,None,134125,2025-05-23,None,,Delete
30246,Larry Latham,MCJdMJdeM93ygP2IgvcR,218.00,2025-11-26,New Invoice,132738,2025-11-26,None,134291,2025-04-25,None,,Delete
30246,Larry Latham,MCJdMJdeM93ygP2IgvcR,218.00,2025-11-26,New Invoice,132738,2025-11-26,None,134756,2025-03-21,None,,Delete
31014,Mr. & Mrs. Avraham Grossman,o8Sy8vKe0OXF2jCIyvWN,18.00,2025-11-26,New Invoice,135983,2025-11-26,946,132502,2025-11-17,RH25,475,Delete
52339,Deborah Hurwitz,olqOoHnihFySCPxxEaDb,18.00,2025-11-26,New Invoice,135984,2025-11-26,946,132505,2025-11-17,RH25,475,Delete
29073,Rabbi Shimon Jakubovic,jfvaeBC2QuKbzypu9ipa,50.00,2025-11-26,New Invoice,132741,2025-11-26,None,132537,2025-11-17,RH25,475,Transfer campaign then delete
31603,Lilya Flomin,po0sjI3c0YViKIlHq5MK,18.00,2025-11-26,New Invoice,132742,2025-11-26,None,132527,2025-11-17,RH25,475,Transfer campaign then delete
25326,Melvin Zelefsky,a2NzJLpaMXSLbe48LWMq,180.00,2025-11-26,New Invoice,132745,2025-11-26,None,26508,2025-04-07,None,,Delete
25326,Melvin Zelefsky,a2NzJLpaMXSLbe48LWMq,180.00,2025-11-26,New Invoice,132745,2025-11-26,None,100181,2025-10-02,Maos Chitim 2025,470,Transfer campaign then delete
25326,Melvin Zelefsky,a2NzJLpaMXSLbe48LWMq,180.00,2025-11-26,New Invoice,132745,2025-11-26,None,132529,2025-11-17,Bergen25,458,Delete
25326,Melvin Zelefsky,a2NzJLpaMXSLbe48LWMq,180.00,2025-11-26,New Invoice,132745,2025-11-26,None,133143,2025-10-17,None,,Delete
25326,Melvin Zelefsky,a2NzJLpaMXSLbe48LWMq,180.00,2025-11-26,New Invoice,132745,2025-11-26,None,134394,2025-04-15,None,,Delete
25161,Dr. & Mrs. Arnold Rochwarger,9ewElVepQMFP3Rsrgcmk,180.00,2025-11-26,New Invoice,135987,2025-11-26,946,132501,2025-11-17,Bergen25,458,Delete
32063,Robert Kaufman,QTbtycs0mUUEvv8XTPZh,50.00,2025-11-26,New Invoice,132748,2025-11-26,None,69221,2025-03-18,None,,Delete
32063,Robert Kaufman,QTbtycs0mUUEvv8XTPZh,50.00,2025-11-26,New Invoice,132748,2025-11-26,None,99437,2025-08-07,CF25,254,Transfer campaign then delete
32063,Robert Kaufman,QTbtycs0mUUEvv8XTPZh,50.00,2025-11-26,New Invoice,132748,2025-11-26,None,132534,2025-11-17,RH25,475,Delete
32063,Robert Kaufman,QTbtycs0mUUEvv8XTPZh,50.00,2025-11-26,New Invoice,132748,2025-11-26,None,133723,2025-08-12,None,,Delete
32063,Robert Kaufman,QTbtycs0mUUEvv8XTPZh,50.00,2025-11-26,New Invoice,132748,2025-11-26,None,134197,2025-05-06,None,,Delete
32063,Robert Kaufman,QTbtycs0mUUEvv8XTPZh,50.00,2025-11-26,New Invoice,132748,2025-11-26,None,134762,2025-03-21,None,,Delete
32592,Mr. & Mrs. Joseph Pacht,S5jIrOPfrdzoOCjj4cEz,36.00,2025-11-26,New Invoice,132749,2025-11-26,None,132523,2025-11-17,RH25,475,Transfer campaign then delete
26587,Shlomo Rapps,DaF4XRdarljeiaUvByQg,54.00,2025-11-26,New Invoice,132750,2025-11-26,None,132538,2025-11-17,RH25,475,Transfer campaign then delete
52340,Evelyn Gross,WHg4VfhWSD9F78TtNJbF,36.00,2025-11-26,New Invoice,135989,2025-11-26,946,132508,2025-11-17,RH25,475,Delete
26927,Mrs. Susan Lowinger,e2VMsLigDdx8mnm62uXF,18.00,2025-11-26,New Invoice,132753,2025-11-26,None,132541,2025-11-17,RH25,475,Transfer campaign then delete
33609,Mr. & Mrs. Leroy Harris,URl79beGZBDv4QgfjGjE,25.00,2025-11-26,New Invoice,132755,2025-11-26,None,132526,2025-11-17,RH25,475,Transfer campaign then delete
31296,Steven Blobstein,owiBMoWDYz4mvTHA2mRu,36.00,2025-11-26,New Invoice,132756,2025-11-26,None,64441,2025-04-07,None,,Delete
31296,Steven Blobstein,owiBMoWDYz4mvTHA2mRu,36.00,2025-11-26,New Invoice,132756,2025-11-26,None,132540,2025-11-17,RH25,475,Transfer campaign then delete
31296,Steven Blobstein,owiBMoWDYz4mvTHA2mRu,36.00,2025-11-26,New Invoice,132756,2025-11-26,None,134415,2025-04-15,None,,Delete
28167,I Cohen,H7QvO0sr0wOdGJ6yz8Hp,36.00,2025-11-26,New Invoice,135990,2025-11-26,946,44340,2025-05-01,None,,Delete
28167,I Cohen,H7QvO0sr0wOdGJ6yz8Hp,36.00,2025-11-26,New Invoice,135990,2025-11-26,946,132517,2025-11-17,RH25,475,Delete
28167,I Cohen,H7QvO0sr0wOdGJ6yz8Hp,36.00,2025-11-26,New Invoice,135990,2025-11-26,946,136326,2025-05-05,New Invoice,946,Delete
52852,Mark Goldberg,L7pTZCVlm2YN2k2dvtlt,10.00,2025-11-26,New Invoice,135991,2025-11-26,946,136308,2025-06-04,New Invoice,946,Delete
30751,Rabbi Shalom Shapiro,nkkWRHDa5xhHOCUOSIRa,18.00,2025-11-26,New Invoice,132758,2025-11-26,None,132536,2025-11-17,RH25,475,Transfer campaign then delete
30010,Rabbi Mosheh Chait,lQ1lrmOZ5ijyKYKmHVBm,50.00,2025-11-26,New Invoice,132760,2025-11-26,None,132532,2025-11-17,RH25,475,Transfer campaign then delete
31246,Jesse Krakauer,Os4UFjOIrJwHVZyDLpgZ,5.00,2025-11-26,New Invoice,132761,2025-11-26,None,132521,2025-11-17,RH25,475,Transfer campaign then delete
29677,Mr. & Mrs. Jerrold Wolfset,kUFnNOQWX8TW77IJtXTP,50.00,2025-11-26,New Invoice,132763,2025-11-26,None,132520,2025-11-17,RH25,475,Transfer campaign then delete
33695,Robert Glotzer,uXhOxfx0ZnfbYbB8rDmL,50.00,2025-11-26,New Invoice,132764,2025-11-26,None,132533,2025-11-17,RH25,475,Transfer campaign then delete
34309,Haroon Saghian,wKf09abxjQJwGLfkA2rg,260.00,2025-11-26,New Invoice,135994,2025-11-26,946,83510,2025-06-17,None,,Delete
34309,Haroon Saghian,wKf09abxjQJwGLfkA2rg,260.00,2025-11-26,New Invoice,135994,2025-11-26,946,83512,2025-03-17,None,,Delete
34309,Haroon Saghian,wKf09abxjQJwGLfkA2rg,260.00,2025-11-26,New Invoice,135994,2025-11-26,946,83513,2025-01-15,None,,Delete
34309,Haroon Saghian,wKf09abxjQJwGLfkA2rg,260.00,2025-11-26,New Invoice,135994,2025-11-26,946,136215,2025-09-29,New Invoice,946,Delete
34309,Haroon Saghian,wKf09abxjQJwGLfkA2rg,260.00,2025-11-26,New Invoice,135994,2025-11-26,946,136243,2025-08-25,New Invoice,946,Delete
34309,Haroon Saghian,wKf09abxjQJwGLfkA2rg,260.00,2025-11-26,New Invoice,135994,2025-11-26,946,100628,2025-10-15,Recurring,472,Delete
34309,Haroon Saghian,wKf09abxjQJwGLfkA2rg,260.00,2025-11-26,New Invoice,135994,2025-11-26,946,100646,2025-09-16,Recurring,472,Delete
34309,Haroon Saghian,wKf09abxjQJwGLfkA2rg,260.00,2025-11-26,New Invoice,135994,2025-11-26,946,100668,2025-08-17,Recurring,472,Delete
34309,Haroon Saghian,wKf09abxjQJwGLfkA2rg,260.00,2025-11-26,New Invoice,135994,2025-11-26,946,136030,2025-10-20,New Invoice,946,Delete
34309,Haroon Saghian,wKf09abxjQJwGLfkA2rg,260.00,2025-11-26,New Invoice,135994,2025-11-26,946,132515,2025-11-17,ID 736,736,Delete
34309,Haroon Saghian,wKf09abxjQJwGLfkA2rg,260.00,2025-11-26,New Invoice,135994,2025-11-26,946,133881,2025-07-24,None,,Delete
34309,Haroon Saghian,wKf09abxjQJwGLfkA2rg,260.00,2025-11-26,New Invoice,135994,2025-11-26,946,134141,2025-05-20,None,,Delete
34309,Haroon Saghian,wKf09abxjQJwGLfkA2rg,260.00,2025-11-26,New Invoice,135994,2025-11-26,946,135908,2025-12-29,Monthly,854,Delete
34309,Haroon Saghian,wKf09abxjQJwGLfkA2rg,260.00,2025-11-26,New Invoice,135994,2025-11-26,946,136292,2025-06-23,New Invoice,946,Delete
34309,Haroon Saghian,wKf09abxjQJwGLfkA2rg,260.00,2025-11-26,New Invoice,135994,2025-11-26,946,136471,2025-03-21,New Invoice,946,Delete
52563,Unknown,5KVQgGDzEGdQ3jso6sUa,10.00,2025-11-22,General Donation form With Recurring Donations and Manual Donations,135995,2025-11-22,942,135966,2025-12-15,General Donation form With Recurring Donations,941,Delete
52563,Unknown,5KVQgGDzEGdQ3jso6sUa,10.00,2025-11-22,General Donation form With Recurring Donations and Manual Donations,135995,2025-11-22,942,135978,2025-12-01,New Invoice,946,Delete
52563,Unknown,5KVQgGDzEGdQ3jso6sUa,10.00,2025-11-22,General Donation form With Recurring Donations and Manual Donations,135995,2025-11-22,942,135981,2025-11-28,General Donation form With Recurring Donations and Manual Donations,942,Delete
52563,Unknown,5KVQgGDzEGdQ3jso6sUa,10.00,2025-11-22,General Donation form With Recurring Donations and Manual Donations,135995,2025-11-22,942,135491,2025-12-24,CF25,254,Delete
35126,Ezra Berger,Yo2z1N0caDB1I7G581LE,50.00,2025-11-19,New Invoice,135997,2025-11-19,946,132509,2025-11-12,RH25,475,Delete
24287,Mr. & Mrs. Bennett Deutsch,550uqzshBEWoHNgsyM0r,720.00,2025-11-19,New Invoice,135998,2025-11-19,946,132503,2025-11-12,Bergen25,458,Delete
35497,Pastor John Hagee,ZncU3U6uThYDFG5gIEh3,200000.00,2025-11-19,New Invoice,132775,2025-11-19,None,132522,2025-11-12,EV25,852,Transfer campaign then delete
29106,Mr. & Mrs. Jeffrey Weber,jI80B4zZayW6xrBsCYNz,50.00,2025-11-19,New Invoice,132778,2025-11-19,None,100272,2025-05-08,Maos Chitim 2025,470,Transfer campaign then delete
29106,Mr. & Mrs. Jeffrey Weber,jI80B4zZayW6xrBsCYNz,50.00,2025-11-19,New Invoice,132778,2025-11-19,None,100561,2025-04-09,Maos Chitim 2025,470,Transfer campaign then delete
29106,Mr. & Mrs. Jeffrey Weber,jI80B4zZayW6xrBsCYNz,50.00,2025-11-19,New Invoice,132778,2025-11-19,None,132519,2025-11-11,RH25,475,Delete
29106,Mr. & Mrs. Jeffrey Weber,jI80B4zZayW6xrBsCYNz,50.00,2025-11-19,New Invoice,132778,2025-11-19,None,134182,2025-05-13,None,,Delete
29106,Mr. & Mrs. Jeffrey Weber,jI80B4zZayW6xrBsCYNz,50.00,2025-11-19,New Invoice,132778,2025-11-19,None,134562,2025-04-14,None,,Delete
26907,Mr. & Mrs. Elliot Steigman,dzrVvQFQm3jwvjSGv6to,3600.00,2025-11-19,New Invoice,132779,2025-11-19,None,132507,2025-11-11,Bergen25,458,Transfer campaign then delete
28016,Mr. Joseph Savitz,gsOs6i9kVkd8mWea0PTy,18.00,2025-11-10,New Invoice,132790,2025-11-10,None,101127,2025-11-06,RH25,475,Transfer campaign then delete
25381,Ms. Lillian Gellerman,aayzp8b1bbfGLsveGxIL,2.00,2025-11-10,New Invoice,132791,2025-11-10,None,101128,2025-11-06,RH25,475,Transfer campaign then delete
39519,Leigh Schachter,dodxXNcv0hYZnmhrimAP,180.00,2025-11-10,New Invoice,132792,2025-11-10,None,103529,2025-11-06,RH25,475,Transfer campaign then delete
30857,Rachel Pressman,nruxwFpE7aLqkcgShfTU,18.00,2025-11-10,New Invoice,132793,2025-11-10,None,101130,2025-11-06,RH25,475,Transfer campaign then delete
29340,Israel Sherman,k0wBxznsW2sNraVY4Uru,200.00,2025-11-10,New Invoice,132795,2025-11-10,None,51774,2025-06-10,None,,Delete
29340,Israel Sherman,k0wBxznsW2sNraVY4Uru,200.00,2025-11-10,New Invoice,132795,2025-11-10,None,51776,2025-04-07,None,,Delete
29340,Israel Sherman,k0wBxznsW2sNraVY4Uru,200.00,2025-11-10,New Invoice,132795,2025-11-10,None,51779,2025-01-13,None,,Delete
29340,Israel Sherman,k0wBxznsW2sNraVY4Uru,200.00,2025-11-10,New Invoice,132795,2025-11-10,None,100611,2025-11-06,Recurring,472,Transfer campaign then delete
29340,Israel Sherman,k0wBxznsW2sNraVY4Uru,200.00,2025-11-10,New Invoice,132795,2025-11-10,None,100632,2025-10-15,Recurring,472,Transfer campaign then delete
29340,Israel Sherman,k0wBxznsW2sNraVY4Uru,200.00,2025-11-10,New Invoice,132795,2025-11-10,None,100651,2025-09-09,Recurring,472,Transfer campaign then delete
29340,Israel Sherman,k0wBxznsW2sNraVY4Uru,200.00,2025-11-10,New Invoice,132795,2025-11-10,None,100683,2025-08-07,Recurring,472,Transfer campaign then delete
29340,Israel Sherman,k0wBxznsW2sNraVY4Uru,200.00,2025-11-10,New Invoice,132795,2025-11-10,None,100691,2025-07-08,Recurring,472,Transfer campaign then delete
29340,Israel Sherman,k0wBxznsW2sNraVY4Uru,200.00,2025-11-10,New Invoice,132795,2025-11-10,None,132650,2025-12-09,None,,Delete
29340,Israel Sherman,k0wBxznsW2sNraVY4Uru,200.00,2025-11-10,New Invoice,132795,2025-11-10,None,132941,2025-10-20,None,,Delete
29340,Israel Sherman,k0wBxznsW2sNraVY4Uru,200.00,2025-11-10,New Invoice,132795,2025-11-10,None,133599,2025-09-17,None,,Delete
29340,Israel Sherman,k0wBxznsW2sNraVY4Uru,200.00,2025-11-10,New Invoice,132795,2025-11-10,None,133722,2025-08-12,None,,Delete
29340,Israel Sherman,k0wBxznsW2sNraVY4Uru,200.00,2025-11-10,New Invoice,132795,2025-11-10,None,133868,2025-07-24,None,,Delete
29340,Israel Sherman,k0wBxznsW2sNraVY4Uru,200.00,2025-11-10,New Invoice,132795,2025-11-10,None,134040,2025-06-13,None,,Delete
29340,Israel Sherman,k0wBxznsW2sNraVY4Uru,200.00,2025-11-10,New Invoice,132795,2025-11-10,None,134192,2025-05-06,None,,Delete
29340,Israel Sherman,k0wBxznsW2sNraVY4Uru,200.00,2025-11-10,New Invoice,132795,2025-11-10,None,134403,2025-04-15,None,,Delete
29340,Israel Sherman,k0wBxznsW2sNraVY4Uru,200.00,2025-11-10,New Invoice,132795,2025-11-10,None,134799,2025-03-13,None,,Delete
28006,Steven Trenk,GRsguwaXgXvCehGOWRa2,25.00,2025-11-10,New Invoice,132796,2025-11-10,None,43112,2025-06-08,None,,Delete
28006,Steven Trenk,GRsguwaXgXvCehGOWRa2,25.00,2025-11-10,New Invoice,132796,2025-11-10,None,43115,2025-03-09,None,,Delete
28006,Steven Trenk,GRsguwaXgXvCehGOWRa2,25.00,2025-11-10,New Invoice,132796,2025-11-10,None,43116,2025-02-06,None,,Delete
28006,Steven Trenk,GRsguwaXgXvCehGOWRa2,25.00,2025-11-10,New Invoice,132796,2025-11-10,None,43117,2025-01-02,None,,Delete
28006,Steven Trenk,GRsguwaXgXvCehGOWRa2,25.00,2025-11-10,New Invoice,132796,2025-11-10,None,100527,2025-04-07,Maos Chitim 2025,470,Transfer campaign then delete
28006,Steven Trenk,GRsguwaXgXvCehGOWRa2,25.00,2025-11-10,New Invoice,132796,2025-11-10,None,100612,2025-11-06,Recurring,472,Delete
28006,Steven Trenk,GRsguwaXgXvCehGOWRa2,25.00,2025-11-10,New Invoice,132796,2025-11-10,None,100631,2025-10-15,Recurring,472,Delete
28006,Steven Trenk,GRsguwaXgXvCehGOWRa2,25.00,2025-11-10,New Invoice,132796,2025-11-10,None,100650,2025-09-09,Recurring,472,Delete
28006,Steven Trenk,GRsguwaXgXvCehGOWRa2,25.00,2025-11-10,New Invoice,132796,2025-11-10,None,100682,2025-08-07,Recurring,472,Delete
28006,Steven Trenk,GRsguwaXgXvCehGOWRa2,25.00,2025-11-10,New Invoice,132796,2025-11-10,None,100690,2025-07-08,Recurring,472,Delete
28006,Steven Trenk,GRsguwaXgXvCehGOWRa2,25.00,2025-11-10,New Invoice,132796,2025-11-10,None,132566,2025-12-11,Monthly,854,Delete
28006,Steven Trenk,GRsguwaXgXvCehGOWRa2,25.00,2025-11-10,New Invoice,132796,2025-11-10,None,132939,2025-10-20,None,,Delete
28006,Steven Trenk,GRsguwaXgXvCehGOWRa2,25.00,2025-11-10,New Invoice,132796,2025-11-10,None,133598,2025-09-17,None,,Delete
28006,Steven Trenk,GRsguwaXgXvCehGOWRa2,25.00,2025-11-10,New Invoice,132796,2025-11-10,None,133721,2025-08-12,None,,Delete
28006,Steven Trenk,GRsguwaXgXvCehGOWRa2,25.00,2025-11-10,New Invoice,132796,2025-11-10,None,133865,2025-07-24,None,,Delete
28006,Steven Trenk,GRsguwaXgXvCehGOWRa2,25.00,2025-11-10,New Invoice,132796,2025-11-10,None,134055,2025-06-13,None,,Delete
28006,Steven Trenk,GRsguwaXgXvCehGOWRa2,25.00,2025-11-10,New Invoice,132796,2025-11-10,None,134158,2025-05-14,None,,Delete
28006,Steven Trenk,GRsguwaXgXvCehGOWRa2,25.00,2025-11-10,New Invoice,132796,2025-11-10,None,134529,2025-04-14,None,,Delete
28006,Steven Trenk,GRsguwaXgXvCehGOWRa2,25.00,2025-11-10,New Invoice,132796,2025-11-10,None,134818,2025-03-12,None,,Delete
26064,Ira Indich,BWmI4UCzvxzHmQj9bpnB,100.00,2025-11-10,New Invoice,136000,2025-11-10,946,101131,2025-11-05,RH25,475,Delete
30112,Mr. & Mrs. Joel Weinberger,lxRHQulQcAxV0HYjBp9w,100.00,2025-11-10,New Invoice,132798,2025-11-10,None,101132,2025-11-05,RH25,475,Transfer campaign then delete
52563,Unknown,5KVQgGDzEGdQ3jso6sUa,20.00,2025-11-09,General Donation form With Recurring Donations and Manual Donations,136001,2025-11-09,942,136018,2025-11-01,General Donation form With Recurring Donations,941,Delete
52563,Unknown,5KVQgGDzEGdQ3jso6sUa,20.00,2025-11-09,General Donation form With Recurring Donations and Manual Donations,136001,2025-11-09,942,136026,2025-10-27,General Donation form With Recurring Donations and Manual Donations,942,Delete
32028,Mr. & Mrs. Mark Karasick,qqK28sOM08Kcjmh5JoPd,3600.00,2025-11-06,New Invoice,132803,2025-11-06,None,99366,2025-09-14,Bergen25,458,Transfer campaign then delete
33224,Doron Lubinsky,TrMJdmOEqkjlQOO3pUiz,72.00,2025-11-05,New Invoice,136002,2025-11-05,946,99433,2025-08-07,CF25,254,Delete
33224,Doron Lubinsky,TrMJdmOEqkjlQOO3pUiz,72.00,2025-11-05,New Invoice,136002,2025-11-05,946,136253,2025-08-12,New Invoice,946,Delete
29796,Malkie Fendrich,L5SOjR7KYbPcqkWIqzaD,36.00,2025-11-05,New Invoice,132820,2025-11-05,None,54893,2025-06-10,None,,Delete
29796,Malkie Fendrich,L5SOjR7KYbPcqkWIqzaD,36.00,2025-11-05,New Invoice,132820,2025-11-05,None,101391,2025-10-02,RH25,475,Transfer campaign then delete
29796,Malkie Fendrich,L5SOjR7KYbPcqkWIqzaD,36.00,2025-11-05,New Invoice,132820,2025-11-05,None,133153,2025-10-17,None,,Delete
29796,Malkie Fendrich,L5SOjR7KYbPcqkWIqzaD,36.00,2025-11-05,New Invoice,132820,2025-11-05,None,134049,2025-06-13,None,,Delete
28913,Mr. & Mrs. Joseph Hoch,iYwrqKrjtAOtdUeJEBS2,150.00,2025-11-05,New Invoice,132825,2025-11-05,None,99821,2025-05-31,GD25,462,Transfer campaign then delete
28913,Mr. & Mrs. Joseph Hoch,iYwrqKrjtAOtdUeJEBS2,150.00,2025-11-05,New Invoice,132825,2025-11-05,None,100154,2025-09-02,Maos Chitim 2025,470,Delete
28913,Mr. & Mrs. Joseph Hoch,iYwrqKrjtAOtdUeJEBS2,150.00,2025-11-05,New Invoice,132825,2025-11-05,None,100292,2025-05-01,Maos Chitim 2025,470,Delete
28913,Mr. & Mrs. Joseph Hoch,iYwrqKrjtAOtdUeJEBS2,150.00,2025-11-05,New Invoice,132825,2025-11-05,None,100613,2025-10-01,Recurring,472,Delete
28913,Mr. & Mrs. Joseph Hoch,iYwrqKrjtAOtdUeJEBS2,150.00,2025-11-05,New Invoice,132825,2025-11-05,None,100684,2025-08-03,Recurring,472,Delete
28913,Mr. & Mrs. Joseph Hoch,iYwrqKrjtAOtdUeJEBS2,150.00,2025-11-05,New Invoice,132825,2025-11-05,None,132680,2025-12-03,None,,Delete
28913,Mr. & Mrs. Joseph Hoch,iYwrqKrjtAOtdUeJEBS2,150.00,2025-11-05,New Invoice,132825,2025-11-05,None,133218,2025-10-05,None,,Delete
28913,Mr. & Mrs. Joseph Hoch,iYwrqKrjtAOtdUeJEBS2,150.00,2025-11-05,New Invoice,132825,2025-11-05,None,133641,2025-09-09,None,,Delete
28913,Mr. & Mrs. Joseph Hoch,iYwrqKrjtAOtdUeJEBS2,150.00,2025-11-05,New Invoice,132825,2025-11-05,None,133726,2025-08-12,None,,Delete
28913,Mr. & Mrs. Joseph Hoch,iYwrqKrjtAOtdUeJEBS2,150.00,2025-11-05,New Invoice,132825,2025-11-05,None,133944,2025-07-02,None,,Delete
28913,Mr. & Mrs. Joseph Hoch,iYwrqKrjtAOtdUeJEBS2,150.00,2025-11-05,New Invoice,132825,2025-11-05,None,134071,2025-06-11,None,,Delete
28913,Mr. & Mrs. Joseph Hoch,iYwrqKrjtAOtdUeJEBS2,150.00,2025-11-05,New Invoice,132825,2025-11-05,None,134228,2025-05-05,None,,Delete
39308,Esther and Joseph Shamah Foundation,Of0d0GUZIIukQBQuIPdT,1000.00,2025-11-05,New Invoice,136003,2025-11-05,946,101810,2025-10-30,BK25,460,Delete
28260,Mr. & Mrs. Solomon Weinberger,HGn4yCcDeHTpdjNztkjH,100.00,2025-11-05,New Invoice,132829,2025-11-05,None,101154,2025-10-30,RH25,475,Transfer campaign then delete
52855,Israel jack Atkin,pci6GL2V6sJ718hgms3H,18.00,2025-11-05,New Invoice,136008,2025-11-05,946,136202,2025-09-30,New Invoice,946,Delete
29393,Charles Silverman,k9iRzlz5t9kT4ajszULz,18.00,2025-11-05,New Invoice,136009,2025-11-05,946,101156,2025-10-30,RH25,475,Delete
30951,Chaim Selengut,NZp6TZ3xXTM0ydRORXEo,36.00,2025-11-05,New Invoice,136011,2025-11-05,946,101159,2025-10-30,RH25,475,Delete
30951,Chaim Selengut,NZp6TZ3xXTM0ydRORXEo,36.00,2025-11-05,New Invoice,136011,2025-11-05,946,101405,2025-10-02,RH25,475,Delete
30951,Chaim Selengut,NZp6TZ3xXTM0ydRORXEo,36.00,2025-11-05,New Invoice,136011,2025-11-05,946,136123,2025-10-17,New Invoice,946,Delete
26029,Benjamin Pitterman,BuHiYtGQtMEAQAZHjJjM,10.00,2025-11-05,New Invoice,136014,2025-11-05,946,101162,2025-10-30,RH25,475,Delete
28437,Mr. & Mrs. Boris Malisov,hTO3zSH784zcK2QMvt0Z,180.00,2025-11-05,New Invoice,136015,2025-11-05,946,101163,2025-10-30,RH25,475,Delete
25511,Dr. & Mrs. Sana Bloch,aktVAEyYUIIic3LNboo4,54.00,2025-11-05,New Invoice,132837,2025-11-05,None,101164,2025-10-30,RH25,475,Transfer campaign then delete
26906,Dr. & Mrs. Cyrus Fine,DZM37UOHxFrq9YE2fkYV,100.00,2025-11-05,New Invoice,136016,2025-11-05,946,101165,2025-10-30,RH25,475,Delete
28986,Mr. & Mrs. Isaac Hans,j8PnWXcRIu72uLTVnvYn,36.00,2025-11-05,New Invoice,136017,2025-11-05,946,100513,2025-04-07,Maos Chitim 2025,470,Delete
28986,Mr. & Mrs. Isaac Hans,j8PnWXcRIu72uLTVnvYn,36.00,2025-11-05,New Invoice,136017,2025-11-05,946,101166,2025-10-30,RH25,475,Delete
28986,Mr. & Mrs. Isaac Hans,j8PnWXcRIu72uLTVnvYn,36.00,2025-11-05,New Invoice,136017,2025-11-05,946,136408,2025-04-14,New Invoice,946,Delete
27987,Mrs. Sara Faivelson,gqAjUcAe9unEX6e4tF9g,18.00,2025-11-05,New Invoice,132840,2025-11-05,None,101167,2025-10-30,RH25,475,Transfer campaign then delete
52563,Unknown,5KVQgGDzEGdQ3jso6sUa,20.00,2025-11-01,General Donation form With Recurring Donations,136018,2025-11-01,941,136001,2025-11-09,General Donation form With Recurring Donations and Manual Donations,942,Delete
52563,Unknown,5KVQgGDzEGdQ3jso6sUa,20.00,2025-11-01,General Donation form With Recurring Donations,136018,2025-11-01,941,136026,2025-10-27,General Donation form With Recurring Donations and Manual Donations,942,Delete
52156,Norman Linzer,3HE72vxO5y8e97EB7jH2,100.00,2025-11-01,Subscription for norman linzer,132847,2025-11-01,None,132736,2025-12-01,None,,Delete
52156,Norman Linzer,3HE72vxO5y8e97EB7jH2,100.00,2025-11-01,Subscription for norman linzer,132847,2025-11-01,None,133353,2025-10-01,None,,Delete
52156,Norman Linzer,3HE72vxO5y8e97EB7jH2,100.00,2025-11-01,Subscription for norman linzer,132847,2025-11-01,None,133652,2025-09-01,None,,Delete
52156,Norman Linzer,3HE72vxO5y8e97EB7jH2,100.00,2025-11-01,Subscription for norman linzer,132847,2025-11-01,None,133831,2025-08-01,None,,Delete
52156,Norman Linzer,3HE72vxO5y8e97EB7jH2,100.00,2025-11-01,Subscription for norman linzer,132847,2025-11-01,None,134047,2025-06-13,None,,Delete
52156,Norman Linzer,3HE72vxO5y8e97EB7jH2,100.00,2025-11-01,Subscription for norman linzer,132847,2025-11-01,None,134163,2025-05-14,None,,Delete
52156,Norman Linzer,3HE72vxO5y8e97EB7jH2,100.00,2025-11-01,Subscription for norman linzer,132847,2025-11-01,None,134559,2025-04-14,None,,Delete
52156,Norman Linzer,3HE72vxO5y8e97EB7jH2,100.00,2025-11-01,Subscription for norman linzer,132847,2025-11-01,None,134801,2025-03-13,None,,Delete
30169,Mr. & Mrs. David Smith,M435LHS43Tmx3nLmcqLw,18.00,2025-10-31,New Invoice,136020,2025-10-31,946,101169,2025-10-27,RH25,475,Delete
25339,Mr. & Mrs. William Haworth,a5IIYpUPkP41uoZhHVTp,54.00,2025-10-31,New Invoice,132851,2025-10-31,None,101170,2025-10-27,RH25,475,Transfer campaign then delete
31503,Mr. & Mrs. Eliot Davidowitz,Pgz16QpFJORCltK7FcWo,180.00,2025-10-31,New Invoice,136021,2025-10-31,946,101172,2025-10-27,RH25,475,Delete
25826,L Levin,BCYC4C0cikZXenXnAJtj,18.00,2025-10-31,New Invoice,132854,2025-10-31,None,29508,2025-04-07,None,,Delete
25826,L Levin,BCYC4C0cikZXenXnAJtj,18.00,2025-10-31,New Invoice,132854,2025-10-31,None,101173,2025-10-27,RH25,475,Transfer campaign then delete
25826,L Levin,BCYC4C0cikZXenXnAJtj,18.00,2025-10-31,New Invoice,132854,2025-10-31,None,135957,2025-12-29,CH25,855,Delete
25826,L Levin,BCYC4C0cikZXenXnAJtj,18.00,2025-10-31,New Invoice,132854,2025-10-31,None,134487,2025-04-14,None,,Delete
25394,Mr. & Mrs. Raymond Goldstein,Absr2ZVX2gW3ckfhVOc4,18.00,2025-10-31,New Invoice,132855,2025-10-31,None,101174,2025-10-27,RH25,475,Transfer campaign then delete
26119,Alexander Breiner,C1Bz47yUJrmY0uKz6lgG,18.00,2025-10-31,New Invoice,136022,2025-10-31,946,101175,2025-10-27,RH25,475,Delete
26119,Alexander Breiner,C1Bz47yUJrmY0uKz6lgG,18.00,2025-10-31,New Invoice,136022,2025-10-31,946,134220,2025-05-05,None,,Delete
29574,Patrick Clark,kmZHJ2LdWgy6SHFKEZnH,200.00,2025-10-31,New Invoice,132857,2025-10-31,None,53348,2025-08-24,None,,Delete
29574,Patrick Clark,kmZHJ2LdWgy6SHFKEZnH,200.00,2025-10-31,New Invoice,132857,2025-10-31,None,53349,2025-08-04,None,,Delete
29574,Patrick Clark,kmZHJ2LdWgy6SHFKEZnH,200.00,2025-10-31,New Invoice,132857,2025-10-31,None,53350,2025-07-01,None,,Delete
29574,Patrick Clark,kmZHJ2LdWgy6SHFKEZnH,200.00,2025-10-31,New Invoice,132857,2025-10-31,None,101609,2025-10-27,RMKSPL25,477,Transfer campaign then delete
29574,Patrick Clark,kmZHJ2LdWgy6SHFKEZnH,500.00,2025-10-31,New Invoice,132858,2025-10-31,None,101610,2025-10-27,RMKSPL25,477,Transfer campaign then delete
28378,Mr. & Mrs. Shlomo Salomon,HP8EKRiFyeyVyA8dJ5Je,50.00,2025-10-31,New Invoice,132859,2025-10-31,None,100158,2025-10-27,Maos Chitim 2025,470,Transfer campaign then delete
28378,Mr. & Mrs. Shlomo Salomon,HP8EKRiFyeyVyA8dJ5Je,50.00,2025-10-31,New Invoice,132859,2025-10-31,None,132567,2025-12-11,RH25,475,Delete
30606,Mr. & Mrs. Abraham Semmel,N8yA4hMoijmSoznTkXR8,10.00,2025-10-31,New Invoice,136023,2025-10-31,946,101176,2025-10-27,RH25,475,Delete
31937,Mr. & Mrs. Norman Schmutter,qJW9xz4h2CtyWHuk4Nh9,1800.00,2025-10-31,New Invoice,132864,2025-10-31,None,99376,2025-09-01,Bergen25,458,Transfer campaign then delete
31937,Mr. & Mrs. Norman Schmutter,qJW9xz4h2CtyWHuk4Nh9,1800.00,2025-10-31,New Invoice,132864,2025-10-31,None,99387,2025-09-30,Bergen25,458,Transfer campaign then delete
31937,Mr. & Mrs. Norman Schmutter,qJW9xz4h2CtyWHuk4Nh9,1800.00,2025-10-31,New Invoice,132864,2025-10-31,None,99418,2025-07-29,CF25,254,Delete
31937,Mr. & Mrs. Norman Schmutter,qJW9xz4h2CtyWHuk4Nh9,1800.00,2025-10-31,New Invoice,132864,2025-10-31,None,99835,2025-05-29,GD25,462,Delete
31937,Mr. & Mrs. Norman Schmutter,qJW9xz4h2CtyWHuk4Nh9,1800.00,2025-10-31,New Invoice,132864,2025-10-31,None,99836,2025-04-29,GD25,462,Delete
31937,Mr. & Mrs. Norman Schmutter,qJW9xz4h2CtyWHuk4Nh9,1800.00,2025-10-31,New Invoice,132864,2025-10-31,None,99871,2025-03-31,GD25,462,Delete
31937,Mr. & Mrs. Norman Schmutter,qJW9xz4h2CtyWHuk4Nh9,1800.00,2025-10-31,New Invoice,132864,2025-10-31,None,99992,2025-02-25,GD25,462,Delete
31937,Mr. & Mrs. Norman Schmutter,qJW9xz4h2CtyWHuk4Nh9,1800.00,2025-10-31,New Invoice,132864,2025-10-31,None,132678,2025-12-03,None,,Delete
31937,Mr. & Mrs. Norman Schmutter,qJW9xz4h2CtyWHuk4Nh9,1800.00,2025-10-31,New Invoice,132864,2025-10-31,None,133281,2025-10-05,None,,Delete
31937,Mr. & Mrs. Norman Schmutter,qJW9xz4h2CtyWHuk4Nh9,1800.00,2025-10-31,New Invoice,132864,2025-10-31,None,133642,2025-09-09,None,,Delete
31937,Mr. & Mrs. Norman Schmutter,qJW9xz4h2CtyWHuk4Nh9,1800.00,2025-10-31,New Invoice,132864,2025-10-31,None,133750,2025-08-12,None,,Delete
31937,Mr. & Mrs. Norman Schmutter,qJW9xz4h2CtyWHuk4Nh9,1800.00,2025-10-31,New Invoice,132864,2025-10-31,None,133943,2025-07-02,None,,Delete
31937,Mr. & Mrs. Norman Schmutter,qJW9xz4h2CtyWHuk4Nh9,1800.00,2025-10-31,New Invoice,132864,2025-10-31,None,134093,2025-06-04,None,,Delete
31937,Mr. & Mrs. Norman Schmutter,qJW9xz4h2CtyWHuk4Nh9,1800.00,2025-10-31,New Invoice,132864,2025-10-31,None,134239,2025-05-05,None,,Delete
31937,Mr. & Mrs. Norman Schmutter,qJW9xz4h2CtyWHuk4Nh9,1800.00,2025-10-31,New Invoice,132864,2025-10-31,None,134627,2025-04-09,None,,Delete
31937,Mr. & Mrs. Norman Schmutter,qJW9xz4h2CtyWHuk4Nh9,1800.00,2025-10-31,New Invoice,132864,2025-10-31,None,134834,2025-03-12,None,,Delete
31937,Mr. & Mrs. Norman Schmutter,qJW9xz4h2CtyWHuk4Nh9,1800.00,2025-10-31,New Invoice,132864,2025-10-31,None,134861,2025-03-04,None,,Delete
29013,Mr. & Mrs. Stuart Forgash,jBPQ4CHLAYBWxBzO1Nmm,4068.20,2025-10-31,New Invoice,132868,2025-10-31,None,99370,2025-10-23,Bergen25,458,Transfer campaign then delete
52563,Unknown,5KVQgGDzEGdQ3jso6sUa,20.00,2025-10-27,General Donation form With Recurring Donations and Manual Donations,136026,2025-10-27,942,136001,2025-11-09,General Donation form With Recurring Donations and Manual Donations,942,Delete
52563,Unknown,5KVQgGDzEGdQ3jso6sUa,20.00,2025-10-27,General Donation form With Recurring Donations and Manual Donations,136026,2025-10-27,942,136018,2025-11-01,General Donation form With Recurring Donations,941,Delete
26610,Rabbi Aaron Weil,dbWdxyr7BRR7esMS685a,3.00,2025-10-24,Manual Payment,132883,2025-10-24,None,134672,2025-04-03,None,,Delete
30246,Larry Latham,MCJdMJdeM93ygP2IgvcR,218.00,2025-10-23,New Invoice,132891,2025-10-23,None,57476,2025-05-20,None,,Delete
30246,Larry Latham,MCJdMJdeM93ygP2IgvcR,218.00,2025-10-23,New Invoice,132891,2025-10-23,None,57479,2025-01-17,None,,Delete
30246,Larry Latham,MCJdMJdeM93ygP2IgvcR,218.00,2025-10-23,New Invoice,132891,2025-10-23,None,100644,2025-09-21,Recurring,472,Transfer campaign then delete
30246,Larry Latham,MCJdMJdeM93ygP2IgvcR,218.00,2025-10-23,New Invoice,132891,2025-10-23,None,100665,2025-08-19,Recurring,472,Transfer campaign then delete
30246,Larry Latham,MCJdMJdeM93ygP2IgvcR,218.00,2025-10-23,New Invoice,132891,2025-10-23,None,100696,2025-07-21,Recurring,472,Transfer campaign then delete
30246,Larry Latham,MCJdMJdeM93ygP2IgvcR,218.00,2025-10-23,New Invoice,132891,2025-10-23,None,135929,2025-12-29,Monthly,854,Delete
30246,Larry Latham,MCJdMJdeM93ygP2IgvcR,218.00,2025-10-23,New Invoice,132891,2025-10-23,None,132525,2025-11-19,ID 736,736,Delete
30246,Larry Latham,MCJdMJdeM93ygP2IgvcR,218.00,2025-10-23,New Invoice,132891,2025-10-23,None,132738,2025-11-26,None,,Delete
30246,Larry Latham,MCJdMJdeM93ygP2IgvcR,218.00,2025-10-23,New Invoice,132891,2025-10-23,None,133450,2025-09-29,None,,Delete
30246,Larry Latham,MCJdMJdeM93ygP2IgvcR,218.00,2025-10-23,New Invoice,132891,2025-10-23,None,133657,2025-08-25,None,,Delete
30246,Larry Latham,MCJdMJdeM93ygP2IgvcR,218.00,2025-10-23,New Invoice,132891,2025-10-23,None,133875,2025-07-24,None,,Delete
30246,Larry Latham,MCJdMJdeM93ygP2IgvcR,218.00,2025-10-23,New Invoice,132891,2025-10-23,None,133991,2025-06-23,None,,Delete
30246,Larry Latham,MCJdMJdeM93ygP2IgvcR,218.00,2025-10-23,New Invoice,132891,2025-10-23,None,134125,2025-05-23,None,,Delete
30246,Larry Latham,MCJdMJdeM93ygP2IgvcR,218.00,2025-10-23,New Invoice,132891,2025-10-23,None,134291,2025-04-25,None,,Delete
30246,Larry Latham,MCJdMJdeM93ygP2IgvcR,218.00,2025-10-23,New Invoice,132891,2025-10-23,None,134756,2025-03-21,None,,Delete
31102,Dr. & Mrs. Pierce Neuman,OGuja4PiRQZkQRmjYKgs,36.00,2025-10-23,New Invoice,132893,2025-10-23,None,134295,2025-04-25,None,,Delete
31102,Dr. & Mrs. Pierce Neuman,OGuja4PiRQZkQRmjYKgs,36.00,2025-10-23,New Invoice,132893,2025-10-23,None,134798,2025-03-13,None,,Delete
31102,Dr. & Mrs. Pierce Neuman,OGuja4PiRQZkQRmjYKgs,36.00,2025-10-23,New Invoice,132893,2025-10-23,None,134871,2025-03-04,None,,Delete
24710,Evan Krisch,n7rlU8Wfy3x2upQZAA3i,150.00,2025-10-23,New Invoice,132896,2025-10-23,None,22837,2025-04-20,None,,Delete
24710,Evan Krisch,n7rlU8Wfy3x2upQZAA3i,150.00,2025-10-23,New Invoice,132896,2025-10-23,None,22839,2025-02-24,None,,Delete
24710,Evan Krisch,n7rlU8Wfy3x2upQZAA3i,150.00,2025-10-23,New Invoice,132896,2025-10-23,None,22840,2025-01-16,None,,Delete
24710,Evan Krisch,n7rlU8Wfy3x2upQZAA3i,150.00,2025-10-23,New Invoice,132896,2025-10-23,None,100643,2025-09-23,Recurring,472,Transfer campaign then delete
24710,Evan Krisch,n7rlU8Wfy3x2upQZAA3i,150.00,2025-10-23,New Invoice,132896,2025-10-23,None,100663,2025-09-04,Recurring,472,Transfer campaign then delete
24710,Evan Krisch,n7rlU8Wfy3x2upQZAA3i,150.00,2025-10-23,New Invoice,132896,2025-10-23,None,100686,2025-07-29,Recurring,472,Transfer campaign then delete
24710,Evan Krisch,n7rlU8Wfy3x2upQZAA3i,150.00,2025-10-23,New Invoice,132896,2025-10-23,None,135882,2025-12-26,CH25,855,Delete
24710,Evan Krisch,n7rlU8Wfy3x2upQZAA3i,150.00,2025-10-23,New Invoice,132896,2025-10-23,None,132671,2025-12-03,None,,Delete
24710,Evan Krisch,n7rlU8Wfy3x2upQZAA3i,150.00,2025-10-23,New Invoice,132896,2025-10-23,None,133433,2025-09-30,None,,Delete
24710,Evan Krisch,n7rlU8Wfy3x2upQZAA3i,150.00,2025-10-23,New Invoice,132896,2025-10-23,None,133636,2025-09-09,None,,Delete
24710,Evan Krisch,n7rlU8Wfy3x2upQZAA3i,150.00,2025-10-23,New Invoice,132896,2025-10-23,None,133739,2025-08-12,None,,Delete
24710,Evan Krisch,n7rlU8Wfy3x2upQZAA3i,150.00,2025-10-23,New Invoice,132896,2025-10-23,None,134122,2025-05-23,None,,Delete
24710,Evan Krisch,n7rlU8Wfy3x2upQZAA3i,150.00,2025-10-23,New Invoice,132896,2025-10-23,None,134311,2025-04-25,None,,Delete
24710,Evan Krisch,n7rlU8Wfy3x2upQZAA3i,150.00,2025-10-23,New Invoice,132896,2025-10-23,None,134734,2025-03-26,None,,Delete
24710,Evan Krisch,n7rlU8Wfy3x2upQZAA3i,150.00,2025-10-23,New Invoice,132896,2025-10-23,None,134864,2025-03-04,None,,Delete
24710,Evan Krisch,n7rlU8Wfy3x2upQZAA3i,150.00,2025-10-23,New Invoice,132896,2025-10-23,None,136289,2025-07-02,New Invoice,946,Delete
33226,Ira Rapps,tRQYxmojSX96tVhye9Qb,18.00,2025-10-23,New Invoice,132901,2025-10-23,None,76512,2025-04-07,None,,Delete
33226,Ira Rapps,tRQYxmojSX96tVhye9Qb,18.00,2025-10-23,New Invoice,132901,2025-10-23,None,136386,2025-04-14,New Invoice,946,Transfer campaign then delete
32247,Mr. & Mrs. Jack Wieder,rCfuLlDNOkZQjxaz2rKm,10.00,2025-10-23,New Invoice,132903,2025-10-23,None,100510,2025-04-07,Maos Chitim 2025,470,Transfer campaign then delete
32247,Mr. & Mrs. Jack Wieder,rCfuLlDNOkZQjxaz2rKm,10.00,2025-10-23,New Invoice,132903,2025-10-23,None,136406,2025-04-14,New Invoice,946,Delete
25295,Eliyohu Rennert,9YF9Ni9L4bwVfmpH5iWr,10.00,2025-10-23,New Invoice,132905,2025-10-23,None,26389,2025-04-07,None,,Delete
25295,Eliyohu Rennert,9YF9Ni9L4bwVfmpH5iWr,10.00,2025-10-23,New Invoice,132905,2025-10-23,None,134387,2025-04-15,None,,Delete
28139,Steven Chait,H2LgT9sonI2Sria005y6,7.00,2025-10-23,New Invoice,132912,2025-10-23,None,44062,2025-04-23,None,,Delete
28139,Steven Chait,H2LgT9sonI2Sria005y6,7.00,2025-10-23,New Invoice,132912,2025-10-23,None,92196,2025-01-09,None,,Delete
28139,Steven Chait,H2LgT9sonI2Sria005y6,7.00,2025-10-23,New Invoice,132912,2025-10-23,None,134277,2025-04-28,None,,Delete
29551,Mr. & Mrs. Joseph Lowenstein,KLhUKxWe2R5oDWsa4yTG,36.00,2025-10-23,New Invoice,132914,2025-10-23,None,135951,2025-12-29,CH25,855,Transfer campaign then delete
29551,Mr. & Mrs. Joseph Lowenstein,KLhUKxWe2R5oDWsa4yTG,36.00,2025-10-23,New Invoice,132914,2025-10-23,None,134374,2025-04-15,None,,Delete
25175,Hedy Rotberg,9hHl4xaL1ekn0vZfdjtp,200.00,2025-10-23,New Invoice,132917,2025-10-23,None,135939,2025-12-29,CH25,855,Transfer campaign then delete
24615,Harry Shualy,6QibUmmBEryoAPEmTgcT,36.00,2025-10-23,New Invoice,132920,2025-10-23,None,135952,2025-12-29,CH25,855,Transfer campaign then delete
34309,Haroon Saghian,wKf09abxjQJwGLfkA2rg,260.00,2025-10-20,New Invoice,136030,2025-10-20,946,83510,2025-06-17,None,,Delete
34309,Haroon Saghian,wKf09abxjQJwGLfkA2rg,260.00,2025-10-20,New Invoice,136030,2025-10-20,946,83512,2025-03-17,None,,Delete
34309,Haroon Saghian,wKf09abxjQJwGLfkA2rg,260.00,2025-10-20,New Invoice,136030,2025-10-20,946,83513,2025-01-15,None,,Delete
34309,Haroon Saghian,wKf09abxjQJwGLfkA2rg,260.00,2025-10-20,New Invoice,136030,2025-10-20,946,136215,2025-09-29,New Invoice,946,Delete
34309,Haroon Saghian,wKf09abxjQJwGLfkA2rg,260.00,2025-10-20,New Invoice,136030,2025-10-20,946,136243,2025-08-25,New Invoice,946,Delete
34309,Haroon Saghian,wKf09abxjQJwGLfkA2rg,260.00,2025-10-20,New Invoice,136030,2025-10-20,946,100628,2025-10-15,Recurring,472,Delete
34309,Haroon Saghian,wKf09abxjQJwGLfkA2rg,260.00,2025-10-20,New Invoice,136030,2025-10-20,946,100646,2025-09-16,Recurring,472,Delete
34309,Haroon Saghian,wKf09abxjQJwGLfkA2rg,260.00,2025-10-20,New Invoice,136030,2025-10-20,946,100668,2025-08-17,Recurring,472,Delete
34309,Haroon Saghian,wKf09abxjQJwGLfkA2rg,260.00,2025-10-20,New Invoice,136030,2025-10-20,946,135994,2025-11-26,New Invoice,946,Delete
34309,Haroon Saghian,wKf09abxjQJwGLfkA2rg,260.00,2025-10-20,New Invoice,136030,2025-10-20,946,132515,2025-11-17,ID 736,736,Delete
34309,Haroon Saghian,wKf09abxjQJwGLfkA2rg,260.00,2025-10-20,New Invoice,136030,2025-10-20,946,133881,2025-07-24,None,,Delete
34309,Haroon Saghian,wKf09abxjQJwGLfkA2rg,260.00,2025-10-20,New Invoice,136030,2025-10-20,946,134141,2025-05-20,None,,Delete
34309,Haroon Saghian,wKf09abxjQJwGLfkA2rg,260.00,2025-10-20,New Invoice,136030,2025-10-20,946,135908,2025-12-29,Monthly,854,Delete
34309,Haroon Saghian,wKf09abxjQJwGLfkA2rg,260.00,2025-10-20,New Invoice,136030,2025-10-20,946,136292,2025-06-23,New Invoice,946,Delete
34309,Haroon Saghian,wKf09abxjQJwGLfkA2rg,260.00,2025-10-20,New Invoice,136030,2025-10-20,946,136471,2025-03-21,New Invoice,946,Delete
24487,Mr. & Mrs. Joseph Rupp,64MP1fwNP181QmB9jWFj,36.00,2025-10-20,New Invoice,132932,2025-10-20,None,101223,2025-10-15,RH25,475,Transfer campaign then delete
28819,Mr. Mitchell Gemal,IsAPCSb4Glp7hIwV6lwS,10.00,2025-10-20,New Invoice,132933,2025-10-20,None,101224,2025-10-15,RH25,475,Transfer campaign then delete
32322,Jerome Ehrlich,RIgLxW0KUsujytssXx8E,2.00,2025-10-20,New Invoice,132934,2025-10-20,None,70785,2025-04-07,None,,Delete
32322,Jerome Ehrlich,RIgLxW0KUsujytssXx8E,2.00,2025-10-20,New Invoice,132934,2025-10-20,None,70786,2025-01-05,None,,Delete
32322,Jerome Ehrlich,RIgLxW0KUsujytssXx8E,2.00,2025-10-20,New Invoice,132934,2025-10-20,None,101225,2025-10-15,RH25,475,Transfer campaign then delete
32322,Jerome Ehrlich,RIgLxW0KUsujytssXx8E,2.00,2025-10-20,New Invoice,132934,2025-10-20,None,134534,2025-04-14,None,,Delete
27940,Albert Gonter,gNg3Nn7kjC458B5oDN4Q,25.00,2025-10-20,New Invoice,136034,2025-10-20,946,42673,2025-04-20,None,,Delete
27940,Albert Gonter,gNg3Nn7kjC458B5oDN4Q,25.00,2025-10-20,New Invoice,136034,2025-10-20,946,101227,2025-10-15,RH25,475,Delete
27940,Albert Gonter,gNg3Nn7kjC458B5oDN4Q,25.00,2025-10-20,New Invoice,136034,2025-10-20,946,136351,2025-04-25,New Invoice,946,Delete
23740,Mr. & Mrs. Lawrence Borger,2kWksO8dzyU6m90cFeuG,180.00,2025-10-20,New Invoice,132938,2025-10-20,None,99379,2025-10-15,Bergen25,458,Transfer campaign then delete
28006,Steven Trenk,GRsguwaXgXvCehGOWRa2,25.00,2025-10-20,New Invoice,132939,2025-10-20,None,43112,2025-06-08,None,,Delete
28006,Steven Trenk,GRsguwaXgXvCehGOWRa2,25.00,2025-10-20,New Invoice,132939,2025-10-20,None,43115,2025-03-09,None,,Delete
28006,Steven Trenk,GRsguwaXgXvCehGOWRa2,25.00,2025-10-20,New Invoice,132939,2025-10-20,None,43116,2025-02-06,None,,Delete
28006,Steven Trenk,GRsguwaXgXvCehGOWRa2,25.00,2025-10-20,New Invoice,132939,2025-10-20,None,43117,2025-01-02,None,,Delete
28006,Steven Trenk,GRsguwaXgXvCehGOWRa2,25.00,2025-10-20,New Invoice,132939,2025-10-20,None,100527,2025-04-07,Maos Chitim 2025,470,Transfer campaign then delete
28006,Steven Trenk,GRsguwaXgXvCehGOWRa2,25.00,2025-10-20,New Invoice,132939,2025-10-20,None,100612,2025-11-06,Recurring,472,Delete
28006,Steven Trenk,GRsguwaXgXvCehGOWRa2,25.00,2025-10-20,New Invoice,132939,2025-10-20,None,100631,2025-10-15,Recurring,472,Delete
28006,Steven Trenk,GRsguwaXgXvCehGOWRa2,25.00,2025-10-20,New Invoice,132939,2025-10-20,None,100650,2025-09-09,Recurring,472,Delete
28006,Steven Trenk,GRsguwaXgXvCehGOWRa2,25.00,2025-10-20,New Invoice,132939,2025-10-20,None,100682,2025-08-07,Recurring,472,Delete
28006,Steven Trenk,GRsguwaXgXvCehGOWRa2,25.00,2025-10-20,New Invoice,132939,2025-10-20,None,100690,2025-07-08,Recurring,472,Delete
28006,Steven Trenk,GRsguwaXgXvCehGOWRa2,25.00,2025-10-20,New Invoice,132939,2025-10-20,None,132566,2025-12-11,Monthly,854,Delete
28006,Steven Trenk,GRsguwaXgXvCehGOWRa2,25.00,2025-10-20,New Invoice,132939,2025-10-20,None,132796,2025-11-10,None,,Delete
28006,Steven Trenk,GRsguwaXgXvCehGOWRa2,25.00,2025-10-20,New Invoice,132939,2025-10-20,None,133598,2025-09-17,None,,Delete
28006,Steven Trenk,GRsguwaXgXvCehGOWRa2,25.00,2025-10-20,New Invoice,132939,2025-10-20,None,133721,2025-08-12,None,,Delete
28006,Steven Trenk,GRsguwaXgXvCehGOWRa2,25.00,2025-10-20,New Invoice,132939,2025-10-20,None,133865,2025-07-24,None,,Delete
28006,Steven Trenk,GRsguwaXgXvCehGOWRa2,25.00,2025-10-20,New Invoice,132939,2025-10-20,None,134055,2025-06-13,None,,Delete
28006,Steven Trenk,GRsguwaXgXvCehGOWRa2,25.00,2025-10-20,New Invoice,132939,2025-10-20,None,134158,2025-05-14,None,,Delete
28006,Steven Trenk,GRsguwaXgXvCehGOWRa2,25.00,2025-10-20,New Invoice,132939,2025-10-20,None,134529,2025-04-14,None,,Delete
28006,Steven Trenk,GRsguwaXgXvCehGOWRa2,25.00,2025-10-20,New Invoice,132939,2025-10-20,None,134818,2025-03-12,None,,Delete
26150,anonymous Donation,c5r02FQw2lCHdh1uuLgU,54.00,2025-10-20,New Invoice,136035,2025-10-20,946,101229,2025-10-15,RH25,475,Delete
29340,Israel Sherman,k0wBxznsW2sNraVY4Uru,200.00,2025-10-20,New Invoice,132941,2025-10-20,None,51774,2025-06-10,None,,Delete
29340,Israel Sherman,k0wBxznsW2sNraVY4Uru,200.00,2025-10-20,New Invoice,132941,2025-10-20,None,51776,2025-04-07,None,,Delete
29340,Israel Sherman,k0wBxznsW2sNraVY4Uru,200.00,2025-10-20,New Invoice,132941,2025-10-20,None,51779,2025-01-13,None,,Delete
29340,Israel Sherman,k0wBxznsW2sNraVY4Uru,200.00,2025-10-20,New Invoice,132941,2025-10-20,None,100611,2025-11-06,Recurring,472,Transfer campaign then delete
29340,Israel Sherman,k0wBxznsW2sNraVY4Uru,200.00,2025-10-20,New Invoice,132941,2025-10-20,None,100632,2025-10-15,Recurring,472,Transfer campaign then delete
29340,Israel Sherman,k0wBxznsW2sNraVY4Uru,200.00,2025-10-20,New Invoice,132941,2025-10-20,None,100651,2025-09-09,Recurring,472,Transfer campaign then delete
29340,Israel Sherman,k0wBxznsW2sNraVY4Uru,200.00,2025-10-20,New Invoice,132941,2025-10-20,None,100683,2025-08-07,Recurring,472,Transfer campaign then delete
29340,Israel Sherman,k0wBxznsW2sNraVY4Uru,200.00,2025-10-20,New Invoice,132941,2025-10-20,None,100691,2025-07-08,Recurring,472,Transfer campaign then delete
29340,Israel Sherman,k0wBxznsW2sNraVY4Uru,200.00,2025-10-20,New Invoice,132941,2025-10-20,None,132650,2025-12-09,None,,Delete
29340,Israel Sherman,k0wBxznsW2sNraVY4Uru,200.00,2025-10-20,New Invoice,132941,2025-10-20,None,132795,2025-11-10,None,,Delete
29340,Israel Sherman,k0wBxznsW2sNraVY4Uru,200.00,2025-10-20,New Invoice,132941,2025-10-20,None,133599,2025-09-17,None,,Delete
29340,Israel Sherman,k0wBxznsW2sNraVY4Uru,200.00,2025-10-20,New Invoice,132941,2025-10-20,None,133722,2025-08-12,None,,Delete
29340,Israel Sherman,k0wBxznsW2sNraVY4Uru,200.00,2025-10-20,New Invoice,132941,2025-10-20,None,133868,2025-07-24,None,,Delete
29340,Israel Sherman,k0wBxznsW2sNraVY4Uru,200.00,2025-10-20,New Invoice,132941,2025-10-20,None,134040,2025-06-13,None,,Delete
29340,Israel Sherman,k0wBxznsW2sNraVY4Uru,200.00,2025-10-20,New Invoice,132941,2025-10-20,None,134192,2025-05-06,None,,Delete
29340,Israel Sherman,k0wBxznsW2sNraVY4Uru,200.00,2025-10-20,New Invoice,132941,2025-10-20,None,134403,2025-04-15,None,,Delete
29340,Israel Sherman,k0wBxznsW2sNraVY4Uru,200.00,2025-10-20,New Invoice,132941,2025-10-20,None,134799,2025-03-13,None,,Delete
25900,Dr. & Mrs. Arthur Eis,BJ8jeofi79Blfs6T4s8c,500.00,2025-10-20,New Invoice,136036,2025-10-20,946,101231,2025-10-15,RH25,475,Delete
28053,Mr. Jeff Berdy,GVZPDnZkNVEgsyVHY7Lr,100.00,2025-10-20,New Invoice,132944,2025-10-20,None,100169,2025-10-15,Maos Chitim 2025,470,Transfer campaign then delete
39414,Kenneth Dreifus,JbGlCStuoRqc4Z9CCuan,18.00,2025-10-20,New Invoice,132947,2025-10-20,None,102572,2025-10-15,Maos Chitim 2025,470,Transfer campaign then delete
30593,Mr. & Mrs. Pinkus Schorr,n7k2QnCCxMpx87UjhHGD,54.00,2025-10-20,New Invoice,132948,2025-10-20,None,101232,2025-10-15,RH25,475,Transfer campaign then delete
31361,Mr. Elliot Schrem,P2FfsHUajzRBYOIRVcVD,101.00,2025-10-20,New Invoice,132949,2025-10-20,None,100173,2025-10-15,Maos Chitim 2025,470,Transfer campaign then delete
23437,Mr. & Mrs. David Saks,0yy785Y14NArZUynHE7N,54.00,2025-10-20,New Invoice,136039,2025-10-20,946,99417,2025-10-15,CF25,254,Delete
35296,Robert Mark,z0vWE7PHiILWcYxEYKHS,50.00,2025-10-20,New Invoice,132951,2025-10-20,None,101233,2025-10-15,RH25,475,Transfer campaign then delete
31532,Tanchum Cohen,pjXJByicyHPl7xDRYDsA,50.00,2025-10-20,New Invoice,132952,2025-10-20,None,100174,2025-10-15,Maos Chitim 2025,470,Transfer campaign then delete
24761,Mr. & Mrs. David Golkin,7HqaBlOTkDxxOAKRuYps,36.00,2025-10-20,New Invoice,136041,2025-10-20,946,100472,2025-04-07,Maos Chitim 2025,470,Delete
24761,Mr. & Mrs. David Golkin,7HqaBlOTkDxxOAKRuYps,36.00,2025-10-20,New Invoice,136041,2025-10-20,946,101235,2025-10-15,RH25,475,Delete
24761,Mr. & Mrs. David Golkin,7HqaBlOTkDxxOAKRuYps,36.00,2025-10-20,New Invoice,136041,2025-10-20,946,23243,2025-06-29,CF25,254,Delete
24761,Mr. & Mrs. David Golkin,7HqaBlOTkDxxOAKRuYps,36.00,2025-10-20,New Invoice,136041,2025-10-20,946,136390,2025-04-14,New Invoice,946,Delete
24875,Mr. & Mrs. Jerrold Walkenfeld,7wkfSFwaMHMpku3NLB37,180.00,2025-10-20,New Invoice,132955,2025-10-20,None,101236,2025-10-15,RH25,475,Transfer campaign then delete
29898,Mr. Robert Horwitz,lGFoANwbIH0goNmrzVmn,18.00,2025-10-20,New Invoice,132957,2025-10-20,None,101238,2025-10-15,RH25,475,Transfer campaign then delete
29696,Mr. & Mrs. Jason Lacher,kwcgnqYZlEocv2EJYJkS,36.00,2025-10-20,New Invoice,132958,2025-10-20,None,101239,2025-10-15,RH25,475,Transfer campaign then delete
26940,Jeffrey Schwersenski,e4Owjyxq5oq8V2AF8rEQ,54.00,2025-10-20,New Invoice,132961,2025-10-20,None,101242,2025-10-15,RH25,475,Transfer campaign then delete
25965,Mr. & Mrs. Moses Rosengarten,BP0TZhweeIdSWPM0dH07,36.00,2025-10-20,New Invoice,132964,2025-10-20,None,101245,2025-10-15,RH25,475,Transfer campaign then delete
26539,Mr. & Mrs. Uriel Levitz,D3bxtOBtB8EijNEg5FfY,18.00,2025-10-20,New Invoice,132965,2025-10-20,None,101246,2025-10-15,RH25,475,Transfer campaign then delete
27972,Ross Rosen,gpKh4h7AWxhrABmgp0EO,5.00,2025-10-20,New Invoice,132966,2025-10-20,None,42892,2025-04-23,None,,Delete
27972,Ross Rosen,gpKh4h7AWxhrABmgp0EO,5.00,2025-10-20,New Invoice,132966,2025-10-20,None,101247,2025-10-15,RH25,475,Transfer campaign then delete
27972,Ross Rosen,gpKh4h7AWxhrABmgp0EO,5.00,2025-10-20,New Invoice,132966,2025-10-20,None,134275,2025-04-28,None,,Delete
24903,Raphael Werbin,84xu9LDItRj7Zi6JUKan,18.00,2025-10-20,New Invoice,132968,2025-10-20,None,101249,2025-10-15,RH25,475,Transfer campaign then delete
28418,Mr. & Mrs. Zvi Loewy,HslfLBndHwrZYGdmhq1M,54.00,2025-10-20,New Invoice,132969,2025-10-20,None,101250,2025-10-15,RH25,475,Transfer campaign then delete
27348,Mr. Samuel Grosinger,F7orbd7vcOTbaBhWBKJX,15.00,2025-10-20,New Invoice,132970,2025-10-20,None,101251,2025-10-15,RH25,475,Transfer campaign then delete
24924,Dr. & Mrs. William Spivak,8C5tRO4NfRFAcVbjI2WK,50.00,2025-10-20,New Invoice,132972,2025-10-20,None,101253,2025-10-15,RH25,475,Transfer campaign then delete
29473,Howard Evans,KfmQs3HqCeJknNdJeYcB,72.00,2025-10-20,New Invoice,136049,2025-10-20,946,52745,2025-04-07,None,,Delete
29473,Howard Evans,KfmQs3HqCeJknNdJeYcB,72.00,2025-10-20,New Invoice,136049,2025-10-20,946,101257,2025-10-15,RH25,475,Delete
29473,Howard Evans,KfmQs3HqCeJknNdJeYcB,72.00,2025-10-20,New Invoice,136049,2025-10-20,946,136385,2025-04-14,New Invoice,946,Delete
33721,Mr. & Mrs. Aryeh Rothkopf,uzcXuJ0ycejpqWDBPhbv,18.00,2025-10-20,New Invoice,136050,2025-10-20,946,101258,2025-10-15,RH25,475,Delete
39533,ASW 118 Trust,O1InPHCapNULQXRLAX6J,36.00,2025-10-20,New Invoice,136051,2025-10-20,946,103659,2025-10-15,RH25,475,Delete
24900,Michael Feldheim,83EvuiuZhrVWyQKp0gYt,10.00,2025-10-20,New Invoice,132979,2025-10-20,None,101260,2025-10-15,RH25,475,Transfer campaign then delete
24900,Michael Feldheim,83EvuiuZhrVWyQKp0gYt,10.00,2025-10-20,New Invoice,132979,2025-10-20,None,134573,2025-04-10,None,,Delete
39534,Helen Biffer,xKKcOdsNjMYEFSdMmVzq,10.00,2025-10-20,New Invoice,136052,2025-10-20,946,103661,2025-10-15,RH25,475,Delete
23762,Mrs. Yafa S Friedman,2opO2hyXGJ77E8uk8ixB,100.00,2025-10-20,New Invoice,132986,2025-10-20,None,101269,2025-10-15,RH25,475,Transfer campaign then delete
32213,Moshe C Pascher,raIJuPq0On4D1JfuPJLY,18.00,2025-10-20,New Invoice,132987,2025-10-20,None,101270,2025-10-15,RH25,475,Transfer campaign then delete
33066,Jonathan Halpert,TE4eMtygcVjnWMYi9Y7n,180.00,2025-10-20,New Invoice,132988,2025-10-20,None,101271,2025-10-15,RH25,475,Transfer campaign then delete
33702,Dr. & Mrs. David M Dubin,UxU9zkQCkvCENlzkgmkU,36.00,2025-10-20,New Invoice,132991,2025-10-20,None,101274,2025-10-15,RH25,475,Transfer campaign then delete
25673,Mr. & Mrs. Robert Goldberg,AWdEVYu429hXyyyORc57,25.00,2025-10-20,New Invoice,132992,2025-10-20,None,101275,2025-10-15,RH25,475,Transfer campaign then delete
33903,Jacob Schon,VJiu9TxIMrY1BqzixWf6,10.00,2025-10-20,New Invoice,136059,2025-10-20,946,81181,2025-02-27,None,,Delete
33903,Jacob Schon,VJiu9TxIMrY1BqzixWf6,10.00,2025-10-20,New Invoice,136059,2025-10-20,946,81182,2025-01-08,None,,Delete
33903,Jacob Schon,VJiu9TxIMrY1BqzixWf6,10.00,2025-10-20,New Invoice,136059,2025-10-20,946,100206,2025-10-02,Maos Chitim 2025,470,Delete
33903,Jacob Schon,VJiu9TxIMrY1BqzixWf6,10.00,2025-10-20,New Invoice,136059,2025-10-20,946,133136,2025-10-17,None,,Delete
33903,Jacob Schon,VJiu9TxIMrY1BqzixWf6,10.00,2025-10-20,New Invoice,136059,2025-10-20,946,136486,2025-03-04,New Invoice,946,Delete
34071,Mr. & Mrs. Jack Klein,vWZAzE45pjZBeONN5oK6,36.00,2025-10-20,New Invoice,136060,2025-10-20,946,101282,2025-10-15,RH25,475,Delete
39540,Leah r. Mendlowitz,lx1haIyp6fwc3GGS00E9,36.00,2025-10-20,New Invoice,133002,2025-10-20,None,103686,2025-10-15,RH25,475,Transfer campaign then delete
30461,Moshe Gelbwachs,MUf1mAd5vJR5MLRtiw6I,25.00,2025-10-20,New Invoice,133003,2025-10-20,None,101287,2025-10-15,RH25,475,Transfer campaign then delete
30461,Moshe Gelbwachs,MUf1mAd5vJR5MLRtiw6I,25.00,2025-10-20,New Invoice,133003,2025-10-20,None,134365,2025-04-15,None,,Delete
52865,Murray i. Klier,8thXUxHs9eiXcwYzgvjY,10.00,2025-10-20,New Invoice,136063,2025-10-20,946,136273,2025-07-24,New Invoice,946,Delete
34805,Dr. & Mrs. David Berkowitz,xSDzrWenF8NLTuoE97P7,118.00,2025-10-20,New Invoice,133004,2025-10-20,None,101291,2025-10-15,RH25,475,Transfer campaign then delete
24604,Mr. & Mrs. Sidney Goldberg,6ONmeZDln4fLjcmRDWHc,36.00,2025-10-20,New Invoice,133005,2025-10-20,None,101293,2025-10-15,RH25,475,Transfer campaign then delete
27311,Michael Harris,f1Axp5otjoFuSOiPcKFj,36.00,2025-10-20,New Invoice,133006,2025-10-20,None,101294,2025-10-15,RH25,475,Transfer campaign then delete
24738,Harris Masser,7DTUpVtrlfunf7VKKoHY,18.00,2025-10-20,New Invoice,136067,2025-10-20,946,101295,2025-10-15,RH25,475,Delete
26598,Estela Berry,db6rzoJvoxQeFLHcN61s,15.00,2025-10-20,New Invoice,136068,2025-10-20,946,101296,2025-10-15,RH25,475,Delete
27017,Y Kornwasser,EdcjYgL52Cuke2OCo7Vv,5.00,2025-10-20,New Invoice,133010,2025-10-20,None,101298,2025-10-15,RH25,475,Transfer campaign then delete
26150,anonymous Donation,c5r02FQw2lCHdh1uuLgU,5000.00,2025-10-20,New Invoice,136070,2025-10-20,946,101300,2025-10-06,RH25,475,Delete
27411,Mr. & Mrs. Daniel Botnick,FCpdsDxBOgjlHl77JBKf,18.00,2025-10-20,New Invoice,136071,2025-10-20,946,101301,2025-10-05,RH25,475,Delete
27200,Ted Wachtel,eSpNX0sGBaPf9BC80M5O,1.00,2025-10-20,New Invoice,133018,2025-10-20,None,38070,2025-04-07,None,,Delete
27200,Ted Wachtel,eSpNX0sGBaPf9BC80M5O,1.00,2025-10-20,New Invoice,133018,2025-10-20,None,99949,2025-03-18,GD25,462,Transfer campaign then delete
27200,Ted Wachtel,eSpNX0sGBaPf9BC80M5O,1.00,2025-10-20,New Invoice,133018,2025-10-20,None,101302,2025-10-05,RH25,475,Delete
27200,Ted Wachtel,eSpNX0sGBaPf9BC80M5O,1.00,2025-10-20,New Invoice,133018,2025-10-20,None,134533,2025-04-14,None,,Delete
27200,Ted Wachtel,eSpNX0sGBaPf9BC80M5O,1.00,2025-10-20,New Invoice,133018,2025-10-20,None,134772,2025-03-21,None,,Delete
30697,Norman Roth,NGG8Bf34MQba4rOZRQj4,10.00,2025-10-20,New Invoice,133019,2025-10-20,None,60686,2025-04-23,None,,Delete
30697,Norman Roth,NGG8Bf34MQba4rOZRQj4,10.00,2025-10-20,New Invoice,133019,2025-10-20,None,101303,2025-10-05,RH25,475,Transfer campaign then delete
30697,Norman Roth,NGG8Bf34MQba4rOZRQj4,10.00,2025-10-20,New Invoice,133019,2025-10-20,None,135879,2025-12-26,CH25,855,Delete
30697,Norman Roth,NGG8Bf34MQba4rOZRQj4,10.00,2025-10-20,New Invoice,133019,2025-10-20,None,134282,2025-04-28,None,,Delete
39416,Mona Shimoff,lqSk4pfFEUQQmwoxsNlS,18.00,2025-10-20,New Invoice,133021,2025-10-20,None,102576,2025-10-05,Maos Chitim 2025,470,Transfer campaign then delete
23986,Mr. & Mrs. Jackie Fried,3Qx8qftaY3uxnhBa0di1,18.00,2025-10-20,New Invoice,136073,2025-10-20,946,100177,2025-10-05,Maos Chitim 2025,470,Delete
31841,Mrs. Nora Rafi,qBcDfnJewSp2vCnbizF4,52.00,2025-10-20,New Invoice,133023,2025-10-20,None,100178,2025-10-05,Maos Chitim 2025,470,Transfer campaign then delete
32836,Jacob Schlanger,sRbjGp1RCGYRnyggvuh5,50.00,2025-10-20,New Invoice,136074,2025-10-20,946,100507,2025-04-07,Maos Chitim 2025,470,Delete
32836,Jacob Schlanger,sRbjGp1RCGYRnyggvuh5,50.00,2025-10-20,New Invoice,136074,2025-10-20,946,101306,2025-10-05,RH25,475,Delete
32836,Jacob Schlanger,sRbjGp1RCGYRnyggvuh5,50.00,2025-10-20,New Invoice,136074,2025-10-20,946,136404,2025-04-14,New Invoice,946,Delete
39543,meryl charlap,uGkadupOH93vM3nE8kQh,18.00,2025-10-20,New Invoice,133026,2025-10-20,None,103707,2025-10-05,RH25,475,Transfer campaign then delete
32629,Allen K Siegel,SaZ1nTkk6vjY0rZp6DZb,18.00,2025-10-20,New Invoice,133027,2025-10-20,None,101308,2025-10-05,RH25,475,Transfer campaign then delete
27899,Dr. & Mrs. Murray Katz,gK4bP6htSk2bQTsPv2be,18.00,2025-10-20,New Invoice,133029,2025-10-20,None,101310,2025-10-05,RH25,475,Transfer campaign then delete
27899,Dr. & Mrs. Murray Katz,gK4bP6htSk2bQTsPv2be,18.00,2025-10-20,New Invoice,133029,2025-10-20,None,134364,2025-04-15,None,,Delete
28226,Mr. & Mrs. Leopold Deitel,hdEfbJaOBgSDjTY3I3AH,10.00,2025-10-20,New Invoice,133030,2025-10-20,None,101311,2025-10-05,RH25,475,Transfer campaign then delete
28226,Mr. & Mrs. Leopold Deitel,hdEfbJaOBgSDjTY3I3AH,10.00,2025-10-20,New Invoice,133030,2025-10-20,None,135868,2025-12-26,CH25,855,Delete
26572,Mr. & Mrs. Seymour Wigod,d8Qh5b6dRWldDghSapnP,10.00,2025-10-20,New Invoice,133032,2025-10-20,None,100422,2025-04-07,Maos Chitim 2025,470,Transfer campaign then delete
26572,Mr. & Mrs. Seymour Wigod,d8Qh5b6dRWldDghSapnP,10.00,2025-10-20,New Invoice,133032,2025-10-20,None,101313,2025-10-05,RH25,475,Delete
26572,Mr. & Mrs. Seymour Wigod,d8Qh5b6dRWldDghSapnP,10.00,2025-10-20,New Invoice,133032,2025-10-20,None,135844,2025-12-26,CH25,855,Delete
26572,Mr. & Mrs. Seymour Wigod,d8Qh5b6dRWldDghSapnP,10.00,2025-10-20,New Invoice,133032,2025-10-20,None,134423,2025-04-15,None,,Delete
30605,Dr. & Mrs. Leon Pachter,N8XUUTyByfMYBuo0zHVt,180.00,2025-10-20,New Invoice,133034,2025-10-20,None,101315,2025-10-05,RH25,475,Transfer campaign then delete
27962,Mr. & Mrs. David Bruder,Gp21pPFbuNBQmWcHbq7E,36.00,2025-10-20,New Invoice,136076,2025-10-20,946,101317,2025-10-05,RH25,475,Delete
29551,Mr. & Mrs. Joseph Lowenstein,KLhUKxWe2R5oDWsa4yTG,50.00,2025-10-20,New Invoice,133037,2025-10-20,None,101318,2025-10-05,RH25,475,Transfer campaign then delete
25419,Rabbi & Mrs. Alan Hoffman,AEF4OSQi1N255wlZgSsi,18.00,2025-10-20,New Invoice,136077,2025-10-20,946,101319,2025-10-05,RH25,475,Delete
25419,Rabbi & Mrs. Alan Hoffman,AEF4OSQi1N255wlZgSsi,18.00,2025-10-20,New Invoice,136077,2025-10-20,946,135869,2025-12-26,CH25,855,Delete
25419,Rabbi & Mrs. Alan Hoffman,AEF4OSQi1N255wlZgSsi,18.00,2025-10-20,New Invoice,136077,2025-10-20,946,134446,2025-04-14,Maos Chitim 2025,470,Delete
32382,Judith Fulda,rNpXcTYYuAbRWYV7Au80,54.00,2025-10-20,New Invoice,133039,2025-10-20,None,101320,2025-10-05,RH25,475,Transfer campaign then delete
25174,Mr. & Mrs. Martin Haddad,9hfZDNsIDakZNcr3dye4,36.00,2025-10-20,New Invoice,133046,2025-10-20,None,101328,2025-10-05,RH25,475,Transfer campaign then delete
33921,Jeffrey Silverberg,vKx8bmJbCZusbgAqDjai,100.00,2025-10-20,New Invoice,133047,2025-10-20,None,101329,2025-10-05,RH25,475,Transfer campaign then delete
34779,Mr. & Mrs. Steven Holtzman,xQeSnf9hnM2Cp065Hkzd,18.00,2025-10-20,New Invoice,133048,2025-10-20,None,101330,2025-10-05,RH25,475,Transfer campaign then delete
31450,Mr. & Mrs. Mark Gross,PCcBLJyJKO99OmLlJKTL,25.00,2025-10-20,New Invoice,133049,2025-10-20,None,101331,2025-10-05,RH25,475,Transfer campaign then delete
34787,Arthur Tomases,XRFWfvKL7vRXCKEFeTPO,25.00,2025-10-20,New Invoice,136081,2025-10-20,946,86493,2025-04-07,None,,Delete
34787,Arthur Tomases,XRFWfvKL7vRXCKEFeTPO,25.00,2025-10-20,New Invoice,136081,2025-10-20,946,86494,2025-01-15,None,,Delete
34787,Arthur Tomases,XRFWfvKL7vRXCKEFeTPO,25.00,2025-10-20,New Invoice,136081,2025-10-20,946,101332,2025-10-05,RH25,475,Delete
34787,Arthur Tomases,XRFWfvKL7vRXCKEFeTPO,25.00,2025-10-20,New Invoice,136081,2025-10-20,946,136413,2025-04-14,New Invoice,946,Delete
34786,Mr. & Mrs. Jerry Muller,XRDuBxcQq1JApVC0LzND,10.00,2025-10-20,New Invoice,133051,2025-10-20,None,101333,2025-10-05,RH25,475,Transfer campaign then delete
24573,Zisel Brieger,6lcycZjOO5wsWKyhghp0,18.00,2025-10-20,New Invoice,133052,2025-10-20,None,101334,2025-10-05,RH25,475,Transfer campaign then delete
30905,Judy Kramer,nvFHECXLoWt6nsMg5jlc,10.00,2025-10-20,New Invoice,133053,2025-10-20,None,101335,2025-10-05,RH25,475,Transfer campaign then delete
26960,Mr. & Mrs. Robert Zimmerman,E8xqTp6s83rPbZa9ioTD,18.00,2025-10-20,New Invoice,133054,2025-10-20,None,101336,2025-10-05,RH25,475,Transfer campaign then delete
28212,Mr. & Mrs. Martin Zwick,HcinrKcciQIPtntOIsMn,25.00,2025-10-20,New Invoice,133055,2025-10-20,None,100572,2025-04-02,Maos Chitim 2025,470,Transfer campaign then delete
28212,Mr. & Mrs. Martin Zwick,HcinrKcciQIPtntOIsMn,25.00,2025-10-20,New Invoice,133055,2025-10-20,None,101337,2025-10-05,RH25,475,Delete
28212,Mr. & Mrs. Martin Zwick,HcinrKcciQIPtntOIsMn,25.00,2025-10-20,New Invoice,133055,2025-10-20,None,134586,2025-04-10,None,,Delete
34029,Rabbi & Mrs. Elchonon Zohn,vsB3ChtPgWz0a2ggFTpD,36.00,2025-10-20,New Invoice,136083,2025-10-20,946,101339,2025-10-05,RH25,475,Delete
27185,Sheldon Geller,EqZYQiZ20HdqDAzbvgDb,25.00,2025-10-20,New Invoice,133058,2025-10-20,None,101340,2025-10-05,RH25,475,Transfer campaign then delete
34533,Edward Becker,X4xRsCgwBcVn6GW7qg8U,50.00,2025-10-20,New Invoice,136084,2025-10-20,946,101341,2025-10-05,RH25,475,Delete
26632,Gary Gelber,DdijvjHLlnw6kSLfn3cL,200.00,2025-10-20,New Invoice,136085,2025-10-20,946,101342,2025-10-05,RH25,475,Delete
26632,Gary Gelber,DdijvjHLlnw6kSLfn3cL,200.00,2025-10-20,New Invoice,136085,2025-10-20,946,134150,2025-05-14,None,,Delete
33786,Mr. & Mrs. Howard Freundlich,V993rv0CZlpVPSJPsbin,500.00,2025-10-19,New Invoice,136086,2025-10-19,946,101343,2025-10-05,RH25,475,Delete
29508,Jack Love,kHYI4pp7uryUZC9AqTer,18.00,2025-10-19,New Invoice,136087,2025-10-19,946,101345,2025-10-05,RH25,475,Delete
29508,Jack Love,kHYI4pp7uryUZC9AqTer,18.00,2025-10-19,New Invoice,136087,2025-10-19,946,136355,2025-04-15,New Invoice,946,Delete
33299,Mr. & Mrs. Jonathan Epstein,tYaJebuu5413roAMwp0O,18.00,2025-10-19,New Invoice,133065,2025-10-19,None,101346,2025-10-05,RH25,475,Transfer campaign then delete
35065,Mitchel Bomrind,yjQmvHSJhupvbobujaZB,10.00,2025-10-19,New Invoice,133066,2025-10-19,None,88274,2025-04-07,None,,Delete
35065,Mitchel Bomrind,yjQmvHSJhupvbobujaZB,10.00,2025-10-19,New Invoice,133066,2025-10-19,None,101347,2025-10-05,RH25,475,Transfer campaign then delete
35065,Mitchel Bomrind,yjQmvHSJhupvbobujaZB,10.00,2025-10-19,New Invoice,133066,2025-10-19,None,135845,2025-12-26,CH25,855,Delete
35065,Mitchel Bomrind,yjQmvHSJhupvbobujaZB,10.00,2025-10-19,New Invoice,133066,2025-10-19,None,134524,2025-04-14,None,,Delete
27101,Eugene Greenstein,EjDzPRdgvkvtq5jgpluz,50.00,2025-10-19,New Invoice,136088,2025-10-19,946,101348,2025-10-05,RH25,475,Delete
32797,Pamela Rebecca Friedman,sNXtrExiRPxVNzKWCqwp,25.00,2025-10-19,New Invoice,133069,2025-10-19,None,104351,2025-01-13,None,,Delete
32797,Pamela Rebecca Friedman,sNXtrExiRPxVNzKWCqwp,25.00,2025-10-19,New Invoice,133069,2025-10-19,None,101350,2025-10-05,RH25,475,Transfer campaign then delete
24496,Harry Stadler,67kjbiA6HcI7237wChsO,54.00,2025-10-19,New Invoice,136089,2025-10-19,946,101351,2025-10-05,RH25,475,Delete
24496,Harry Stadler,67kjbiA6HcI7237wChsO,54.00,2025-10-19,New Invoice,136089,2025-10-19,946,134359,2025-04-15,None,,Delete
28364,Mr. & Mrs. Jack Warshavchik,hob8kbPeDmnPHMJ4gksP,100.00,2025-10-19,New Invoice,136090,2025-10-19,946,101354,2025-10-05,RH25,475,Delete
24707,Mr. & Mrs. Irving Barth,79QOyAJ9Pyrl04s8OW02,100.00,2025-10-19,New Invoice,136091,2025-10-19,946,101355,2025-10-05,RH25,475,Delete
27175,Mr. & Mrs. Harold Skovronsky,EQbzh12mkghE5Codl65r,50.00,2025-10-19,New Invoice,136092,2025-10-19,946,101356,2025-10-05,RH25,475,Delete
29969,Mendel Zlotnick,lmkSoZ7OTJm4Tq5g8Q5F,36.00,2025-10-19,New Invoice,133076,2025-10-19,None,101357,2025-10-05,RH25,475,Transfer campaign then delete
32966,Menachem Levin,T303xsKgRrTIp4piauiZ,10.00,2025-10-19,New Invoice,133078,2025-10-19,None,74875,2025-04-07,None,,Delete
32966,Menachem Levin,T303xsKgRrTIp4piauiZ,10.00,2025-10-19,New Invoice,133078,2025-10-19,None,101359,2025-10-05,RH25,475,Transfer campaign then delete
32966,Menachem Levin,T303xsKgRrTIp4piauiZ,10.00,2025-10-19,New Invoice,133078,2025-10-19,None,134390,2025-04-15,None,,Delete
31281,Murray Rosenbaum,ovMlOalpJjiTo6PX87tL,100.00,2025-10-19,New Invoice,133079,2025-10-19,None,64159,2025-04-02,None,,Delete
31281,Murray Rosenbaum,ovMlOalpJjiTo6PX87tL,100.00,2025-10-19,New Invoice,133079,2025-10-19,None,101360,2025-10-05,RH25,475,Transfer campaign then delete
31281,Murray Rosenbaum,ovMlOalpJjiTo6PX87tL,100.00,2025-10-19,New Invoice,133079,2025-10-19,None,134603,2025-04-10,None,,Delete
32574,Mr. & Mrs. Saul Zelmanowitz,s1Q6ChUPFC8lWpQtWXvQ,18.00,2025-10-19,New Invoice,133080,2025-10-19,None,101361,2025-10-05,RH25,475,Transfer campaign then delete
32574,Mr. & Mrs. Saul Zelmanowitz,s1Q6ChUPFC8lWpQtWXvQ,18.00,2025-10-19,New Invoice,133080,2025-10-19,None,135837,2025-12-26,CH25,855,Delete
28527,Ms. Ellen Krischer,i1cg6ztCl52XbiLLZfZU,180.00,2025-10-19,New Invoice,133081,2025-10-19,None,101363,2025-10-05,RH25,475,Transfer campaign then delete
28017,Steven Prager,gSPvrqXadOoUUkECVqwc,18.00,2025-10-19,New Invoice,133082,2025-10-19,None,101364,2025-10-05,RH25,475,Transfer campaign then delete
23745,Stephen Fischbein,2LrdCnP4Nrv0sKY5SotX,36.00,2025-10-19,New Invoice,133084,2025-10-19,None,101367,2025-10-05,RH25,475,Transfer campaign then delete
30098,Rabbi & Mrs. Yirmiyahu Lebowitz,lwPW49iP1yyPVsjII4Xr,3.00,2025-10-19,New Invoice,133085,2025-10-19,475,101368,2025-10-05,RH25,475,Delete
27993,Mr. & Mrs. Arturo Stern,GqSpcao9auRxZl0WQ7Of,18.00,2025-10-19,New Invoice,136095,2025-10-19,946,101369,2025-10-05,RH25,475,Delete
25396,Mr. & Mrs. Eric Goldschmidt,acEBW84E8THKzDaA7omW,18.00,2025-10-19,New Invoice,136096,2025-10-19,946,101371,2025-10-05,RH25,475,Delete
31739,Mr. & Mrs. Nicholas Davidson,pz7vuwUQ7W5ekJR0d6IJ,72.00,2025-10-19,New Invoice,133089,2025-10-19,None,101372,2025-10-05,RH25,475,Transfer campaign then delete
33325,Mr. & Mrs. Israel Lefkovitz,tzw1bIervVdBXmtkV5x8,5.00,2025-10-19,New Invoice,136097,2025-10-19,946,100560,2025-04-09,Maos Chitim 2025,470,Delete
33325,Mr. & Mrs. Israel Lefkovitz,tzw1bIervVdBXmtkV5x8,5.00,2025-10-19,New Invoice,136097,2025-10-19,946,101374,2025-10-05,RH25,475,Delete
33325,Mr. & Mrs. Israel Lefkovitz,tzw1bIervVdBXmtkV5x8,5.00,2025-10-19,New Invoice,136097,2025-10-19,946,136432,2025-04-14,New Invoice,946,Delete
28932,Mr. & Mrs. Morris Sasson,J12FztZfgvEhk8OMLzbh,18.00,2025-10-19,New Invoice,133092,2025-10-19,None,101375,2025-10-05,RH25,475,Transfer campaign then delete
30250,Mr. & Mrs. Benjamin Perlman,McTMoZqmxQt7vPHkGMPY,90.00,2025-10-19,New Invoice,133093,2025-10-19,None,101376,2025-10-14,RH25,475,Transfer campaign then delete
31574,Mr. & Mrs. Moshe Weinberger,pmhvysKng5HEMIdL0ijS,2500.00,2025-10-19,New Invoice,133096,2025-10-19,None,99381,2025-10-13,Bergen25,458,Transfer campaign then delete
39549,Brad Bobotis,nHJKWc8Q7UyWkI1aHk5i,480.00,2025-10-17,New Invoice,136099,2025-10-17,946,103778,2025-10-02,RH25,475,Delete
30029,Mr. & Mrs. Bernard Perlowitz,LrCau6OHZdz8ZzcwOcBb,500.00,2025-10-17,New Invoice,136100,2025-10-17,946,99382,2025-10-02,Bergen25,458,Delete
30029,Mr. & Mrs. Bernard Perlowitz,LrCau6OHZdz8ZzcwOcBb,500.00,2025-10-17,New Invoice,136100,2025-10-17,946,132656,2025-12-03,None,,Delete
30029,Mr. & Mrs. Bernard Perlowitz,LrCau6OHZdz8ZzcwOcBb,500.00,2025-10-17,New Invoice,136100,2025-10-17,946,136310,2025-05-29,New General Donation form,943,Delete
24543,Philip Kazlow,6F8li2ijC7g7SLoBkej9,1000.00,2025-10-17,New Invoice,133104,2025-10-17,None,21741,2025-06-19,None,,Delete
24543,Philip Kazlow,6F8li2ijC7g7SLoBkej9,1000.00,2025-10-17,New Invoice,133104,2025-10-17,None,21742,2025-04-23,None,,Delete
24543,Philip Kazlow,6F8li2ijC7g7SLoBkej9,1000.00,2025-10-17,New Invoice,133104,2025-10-17,None,99375,2025-09-18,Bergen25,458,Transfer campaign then delete
24543,Philip Kazlow,6F8li2ijC7g7SLoBkej9,1000.00,2025-10-17,New Invoice,133104,2025-10-17,None,101201,2025-10-02,RH25,475,Delete
24543,Philip Kazlow,6F8li2ijC7g7SLoBkej9,1000.00,2025-10-17,New Invoice,133104,2025-10-17,None,132677,2025-12-03,None,,Delete
24543,Philip Kazlow,6F8li2ijC7g7SLoBkej9,1000.00,2025-10-17,New Invoice,133104,2025-10-17,None,133457,2025-09-29,None,,Delete
24543,Philip Kazlow,6F8li2ijC7g7SLoBkej9,1000.00,2025-10-17,New Invoice,133104,2025-10-17,None,133995,2025-06-23,None,,Delete
24543,Philip Kazlow,6F8li2ijC7g7SLoBkej9,1000.00,2025-10-17,New Invoice,133104,2025-10-17,None,134274,2025-04-28,None,,Delete
39550,Avrom r. Vann,2j5axQUpzz0xyTqMy61J,1800.00,2025-10-17,New Invoice,136101,2025-10-17,946,103779,2025-10-02,RH25,475,Delete
23314,Dr. & Mrs. Gene Rudnick,0IiipzBaA2crvDCjADEH,500.00,2025-10-17,New Invoice,136102,2025-10-17,946,101381,2025-10-02,RH25,475,Delete
39417,Pearl Sackin,ovoQi03mRTBJFWBDygyO,180.00,2025-10-17,New Invoice,133109,2025-10-17,None,102580,2025-10-02,Maos Chitim 2025,470,Transfer campaign then delete
25326,Melvin Zelefsky,a2NzJLpaMXSLbe48LWMq,180.00,2025-10-17,New Invoice,133143,2025-10-17,None,26508,2025-04-07,None,,Delete
25326,Melvin Zelefsky,a2NzJLpaMXSLbe48LWMq,180.00,2025-10-17,New Invoice,133143,2025-10-17,None,100181,2025-10-02,Maos Chitim 2025,470,Transfer campaign then delete
25326,Melvin Zelefsky,a2NzJLpaMXSLbe48LWMq,180.00,2025-10-17,New Invoice,133143,2025-10-17,None,132529,2025-11-17,Bergen25,458,Delete
25326,Melvin Zelefsky,a2NzJLpaMXSLbe48LWMq,180.00,2025-10-17,New Invoice,133143,2025-10-17,None,132745,2025-11-26,None,,Delete
25326,Melvin Zelefsky,a2NzJLpaMXSLbe48LWMq,180.00,2025-10-17,New Invoice,133143,2025-10-17,None,134394,2025-04-15,None,,Delete
30644,Mr. Ludwig Eisner,nc72J5a3txQm0AEDfpvO,18.00,2025-10-17,New Invoice,133111,2025-10-17,None,100182,2025-10-02,Maos Chitim 2025,470,Transfer campaign then delete
31994,Rabbi Raphael Minkowitz,qO3WKQS5LsOC9ZUzMfrR,50.00,2025-10-17,New Invoice,133112,2025-10-17,None,100183,2025-10-02,Maos Chitim 2025,470,Transfer campaign then delete
28869,Mr. & Mrs. Simon Gutherc,iw9QQCo0ZMurrP2og7Eu,10.00,2025-10-17,New Invoice,133113,2025-10-17,None,100184,2025-10-02,Maos Chitim 2025,470,Transfer campaign then delete
35367,Joseph Luchins,ZbFxbv6vvLJeFInPb1eD,5.00,2025-10-17,New Invoice,133114,2025-10-17,None,90205,2025-02-10,None,,Delete
35367,Joseph Luchins,ZbFxbv6vvLJeFInPb1eD,5.00,2025-10-17,New Invoice,133114,2025-10-17,None,100185,2025-10-02,Maos Chitim 2025,470,Transfer campaign then delete
24721,Brian Goldglanz,7bSF7EB509gLpbvlti5g,72.00,2025-10-17,New Invoice,136104,2025-10-17,946,100186,2025-10-02,Maos Chitim 2025,470,Delete
33062,Mrs. Sara Altman,TdsUrQ8Gx2zEzmeT1rao,18.00,2025-10-17,New Invoice,133116,2025-10-17,None,100187,2025-10-02,Maos Chitim 2025,470,Transfer campaign then delete
31311,Ms. Amelia Shevlin,oxqk9vqZ6cmqSn7PSQbE,100.00,2025-10-17,New Invoice,136105,2025-10-17,946,100188,2025-10-02,Maos Chitim 2025,470,Delete
29975,Mr. & Mrs. Howard Gluck,lmvizssGe2aHuqh8cGUq,18.00,2025-10-17,New Invoice,136106,2025-10-17,946,100190,2025-10-02,Maos Chitim 2025,470,Delete
24567,Elie Rosenfeld,6JZuCmnhRdczKR2Nnlxq,180.00,2025-10-17,New Invoice,136107,2025-10-17,946,100191,2025-10-02,Maos Chitim 2025,470,Delete
28178,Mr. & Mrs. Myron Chaitovsky,h8zJorOWU6tWPYM2sAFa,100.00,2025-10-17,New Invoice,133121,2025-10-17,None,100192,2025-10-02,Maos Chitim 2025,470,Transfer campaign then delete
32443,Mr. Joseph Shainbaum,rSP5ebD34rXQmmy7KW8k,10.00,2025-10-17,New Invoice,133124,2025-10-17,None,100195,2025-10-02,Maos Chitim 2025,470,Transfer campaign then delete
27896,Kim Smith,GJwz1vUIXk7SEGV2Q3MS,20.00,2025-10-17,New Invoice,133125,2025-10-17,None,100196,2025-10-02,Maos Chitim 2025,470,Transfer campaign then delete
25616,Sidney Frankel,AScnGqpQy309YOYW1Tsf,18.00,2025-10-17,New Invoice,133126,2025-10-17,None,99935,2025-03-18,GD25,462,Transfer campaign then delete
25616,Sidney Frankel,AScnGqpQy309YOYW1Tsf,18.00,2025-10-17,New Invoice,133126,2025-10-17,None,100197,2025-10-02,Maos Chitim 2025,470,Delete
25616,Sidney Frankel,AScnGqpQy309YOYW1Tsf,18.00,2025-10-17,New Invoice,133126,2025-10-17,None,134757,2025-03-21,None,,Delete
34580,Mr. Michael Fleischhacker,xbDt71Oh4S8NOflCkPk9,50.00,2025-10-17,New Invoice,133127,2025-10-17,None,100198,2025-10-02,Maos Chitim 2025,470,Transfer campaign then delete
33949,Mr. Samuel Genzen,VMQ2asp1vumxzqESjqNI,5.00,2025-10-17,New Invoice,133128,2025-10-17,None,100199,2025-10-02,Maos Chitim 2025,470,Transfer campaign then delete
31333,Meyer Greisman,ozcwwLdVWsFZSVnuom9p,25.00,2025-10-17,New Invoice,133130,2025-10-17,None,64709,2025-03-18,None,,Delete
31333,Meyer Greisman,ozcwwLdVWsFZSVnuom9p,25.00,2025-10-17,New Invoice,133130,2025-10-17,None,100201,2025-10-02,Maos Chitim 2025,470,Transfer campaign then delete
31333,Meyer Greisman,ozcwwLdVWsFZSVnuom9p,25.00,2025-10-17,New Invoice,133130,2025-10-17,None,134759,2025-03-21,None,,Delete
25489,Mr. & Mrs. David Schwartz,AjAtKDI8oCrjsCxgox8a,10.00,2025-10-17,New Invoice,133131,2025-10-17,None,100202,2025-10-02,Maos Chitim 2025,470,Transfer campaign then delete
23670,Ms. Helene Luster,29DYvGydZnHxa0W7Yz43,5.00,2025-10-17,New Invoice,136108,2025-10-17,946,100203,2025-10-02,Maos Chitim 2025,470,Delete
24807,Mr. & Mrs. Harold Rosenthal,7NEUBCq3JJM6ArqxlQIz,36.00,2025-10-17,New Invoice,136109,2025-10-17,946,100204,2025-10-02,Maos Chitim 2025,470,Delete
26815,Deborah Whiteman,Dsc5IpL2wPyiWD52lNnI,72.00,2025-10-17,New Invoice,136110,2025-10-17,946,100205,2025-10-02,Maos Chitim 2025,470,Delete
33903,Jacob Schon,VJiu9TxIMrY1BqzixWf6,10.00,2025-10-17,New Invoice,133136,2025-10-17,None,81181,2025-02-27,None,,Delete
33903,Jacob Schon,VJiu9TxIMrY1BqzixWf6,10.00,2025-10-17,New Invoice,133136,2025-10-17,None,81182,2025-01-08,None,,Delete
33903,Jacob Schon,VJiu9TxIMrY1BqzixWf6,10.00,2025-10-17,New Invoice,133136,2025-10-17,None,100206,2025-10-02,Maos Chitim 2025,470,Transfer campaign then delete
33903,Jacob Schon,VJiu9TxIMrY1BqzixWf6,10.00,2025-10-17,New Invoice,133136,2025-10-17,None,136059,2025-10-20,New Invoice,946,Delete
33903,Jacob Schon,VJiu9TxIMrY1BqzixWf6,10.00,2025-10-17,New Invoice,133136,2025-10-17,None,136486,2025-03-04,New Invoice,946,Delete
24627,Mr. Elie Galapo,6SCHTTsSwDLONPfd11De,50.00,2025-10-17,New Invoice,136111,2025-10-17,946,100207,2025-10-02,Maos Chitim 2025,470,Delete
33590,Mr. Carl Pietrantuono,UQcWbu975UmyZT85mTBb,20.00,2025-10-17,New Invoice,136112,2025-10-17,946,100208,2025-10-02,Maos Chitim 2025,470,Delete
26626,Pinchas Guez,dCpMT7IJZTXDrKLPLtoB,10.00,2025-10-17,New Invoice,133140,2025-10-17,None,100210,2025-10-02,Maos Chitim 2025,470,Transfer campaign then delete
34621,Mr. & Mrs. I Ralph Brooks,xF166XhVo7ZUWPWbt8yd,10.00,2025-10-17,New Invoice,133141,2025-10-17,None,100211,2025-10-02,Maos Chitim 2025,470,Transfer campaign then delete
25326,Melvin Zelefsky,a2NzJLpaMXSLbe48LWMq,180.00,2025-10-17,New Invoice,133143,2025-10-17,None,26508,2025-04-07,None,,Delete
25326,Melvin Zelefsky,a2NzJLpaMXSLbe48LWMq,180.00,2025-10-17,New Invoice,133143,2025-10-17,None,100181,2025-10-02,Maos Chitim 2025,470,Transfer campaign then delete
25326,Melvin Zelefsky,a2NzJLpaMXSLbe48LWMq,180.00,2025-10-17,New Invoice,133143,2025-10-17,None,132529,2025-11-17,Bergen25,458,Delete
25326,Melvin Zelefsky,a2NzJLpaMXSLbe48LWMq,180.00,2025-10-17,New Invoice,133143,2025-10-17,None,132745,2025-11-26,None,,Delete
25326,Melvin Zelefsky,a2NzJLpaMXSLbe48LWMq,180.00,2025-10-17,New Invoice,133143,2025-10-17,None,134394,2025-04-15,None,,Delete
30802,Mr. & Mrs. David Hidary,NNVU1BdkdHQA2NQvugvO,126.00,2025-10-17,New Invoice,136113,2025-10-17,946,101383,2025-10-02,RH25,475,Delete
31228,Samuel Smulowitz,oqLnpZbDMruorwSqYNp0,72.00,2025-10-17,New Invoice,133147,2025-10-17,None,101384,2025-10-02,RH25,475,Transfer campaign then delete
39552,Edward Ehrlich,pjqNpmHQnVK0BNOWgEwL,30.00,2025-10-17,New Invoice,136115,2025-10-17,946,103785,2025-10-02,RH25,475,Delete
30383,Rabbi Matis Roberts,MOixvMrTg1fS4Xv6pSgF,10.00,2025-10-17,New Invoice,133149,2025-10-17,None,101386,2025-10-02,RH25,475,Transfer campaign then delete
32709,Alan Teigman,shkUnF51TnRG1Vpb27WW,36.00,2025-10-17,New Invoice,136116,2025-10-17,946,101388,2025-10-02,RH25,475,Delete
25948,Ms. Atara Taub,bnHIJMMmRwBPakJwvP9j,18.00,2025-10-17,New Invoice,136117,2025-10-17,946,101389,2025-10-02,RH25,475,Delete
29796,Malkie Fendrich,L5SOjR7KYbPcqkWIqzaD,36.00,2025-10-17,New Invoice,133153,2025-10-17,None,54893,2025-06-10,None,,Delete
29796,Malkie Fendrich,L5SOjR7KYbPcqkWIqzaD,36.00,2025-10-17,New Invoice,133153,2025-10-17,None,101391,2025-10-02,RH25,475,Transfer campaign then delete
29796,Malkie Fendrich,L5SOjR7KYbPcqkWIqzaD,36.00,2025-10-17,New Invoice,133153,2025-10-17,None,132820,2025-11-05,None,,Delete
29796,Malkie Fendrich,L5SOjR7KYbPcqkWIqzaD,36.00,2025-10-17,New Invoice,133153,2025-10-17,None,134049,2025-06-13,None,,Delete
28153,Myron Anton,h5cLhSJh44CaxxKGubTr,100.00,2025-10-17,New Invoice,133155,2025-10-17,None,44256,2025-04-07,None,,Delete
28153,Myron Anton,h5cLhSJh44CaxxKGubTr,100.00,2025-10-17,New Invoice,133155,2025-10-17,None,92219,2025-01-06,None,,Delete
28153,Myron Anton,h5cLhSJh44CaxxKGubTr,100.00,2025-10-17,New Invoice,133155,2025-10-17,None,101393,2025-10-02,RH25,475,Transfer campaign then delete
28153,Myron Anton,h5cLhSJh44CaxxKGubTr,100.00,2025-10-17,New Invoice,133155,2025-10-17,None,134505,2025-04-14,None,,Delete
35230,Daniel Shnidman,yVdUJCfNvDLaLZWEULps,50.00,2025-10-17,New Invoice,136120,2025-10-17,946,101394,2025-10-02,RH25,475,Delete
35230,Daniel Shnidman,yVdUJCfNvDLaLZWEULps,50.00,2025-10-17,New Invoice,136120,2025-10-17,946,133949,2025-07-02,None,,Delete
28214,Mr. Scott Klein,hCLEEWGii1HbxyrFElEV,36.00,2025-10-17,New Invoice,133157,2025-10-17,None,101395,2025-10-02,RH25,475,Transfer campaign then delete
28214,Mr. Scott Klein,hCLEEWGii1HbxyrFElEV,36.00,2025-10-17,New Invoice,133157,2025-10-17,None,135867,2025-12-26,CH25,855,Delete
31601,Mr. & Mrs. Mark Kaplow,pNVZKsrvsI1T3zZNS5VI,36.00,2025-10-17,New Invoice,133158,2025-10-17,None,101396,2025-10-02,RH25,475,Transfer campaign then delete
25258,David Hornung,9tvzmJ8IFvZNptsnzjCG,18.00,2025-10-17,New Invoice,136121,2025-10-17,946,26226,2025-03-18,None,,Delete
25258,David Hornung,9tvzmJ8IFvZNptsnzjCG,18.00,2025-10-17,New Invoice,136121,2025-10-17,946,101397,2025-10-02,RH25,475,Delete
25258,David Hornung,9tvzmJ8IFvZNptsnzjCG,18.00,2025-10-17,New Invoice,136121,2025-10-17,946,134763,2025-03-21,None,,Delete
25258,David Hornung,9tvzmJ8IFvZNptsnzjCG,18.00,2025-10-17,New Invoice,136121,2025-10-17,946,136323,2025-05-06,New Invoice,946,Delete
23598,Mr. & Mrs. Mitch Orlofsky,1rUEo4Xn1USwrxRB01iD,36.00,2025-10-17,New Invoice,133161,2025-10-17,None,101399,2025-10-02,RH25,475,Transfer campaign then delete
28876,Mr. & Mrs. Samuel Zentman,IWQJtsVdaBEpq9HjCAh7,100.00,2025-10-17,New Invoice,133162,2025-10-17,None,101400,2025-10-02,RH25,475,Transfer campaign then delete
24102,Eliyohu Neiman,4By4yX9zss2GPa6gKs37,18.00,2025-10-17,New Invoice,133163,2025-10-17,None,101401,2025-10-02,RH25,475,Transfer campaign then delete
27914,Joseph Yagen,glLxRjVrG5LtqxyoQ4yQ,10.00,2025-10-17,New Invoice,133164,2025-10-17,None,101402,2025-10-02,RH25,475,Transfer campaign then delete
27382,Ruth Aminoff,FAWGvnqMwBmnJPK7Mu3E,360.00,2025-10-17,New Invoice,133165,2025-10-17,None,101403,2025-10-02,RH25,475,Transfer campaign then delete
29744,Mr. & Mrs. Isak Goldbrenner,l05zOnMw6Bg2EkJYqJrX,25.00,2025-10-17,New Invoice,136122,2025-10-17,946,101404,2025-10-02,RH25,475,Delete
30951,Chaim Selengut,NZp6TZ3xXTM0ydRORXEo,36.00,2025-10-17,New Invoice,136123,2025-10-17,946,101159,2025-10-30,RH25,475,Delete
30951,Chaim Selengut,NZp6TZ3xXTM0ydRORXEo,36.00,2025-10-17,New Invoice,136123,2025-10-17,946,101405,2025-10-02,RH25,475,Delete
30951,Chaim Selengut,NZp6TZ3xXTM0ydRORXEo,36.00,2025-10-17,New Invoice,136123,2025-10-17,946,136011,2025-11-05,New Invoice,946,Delete
31833,Joseph Lauer,qAp4aGg2pR8Ojn3KD82n,10.00,2025-10-17,New Invoice,133168,2025-10-17,None,67781,2025-04-07,None,,Delete
31833,Joseph Lauer,qAp4aGg2pR8Ojn3KD82n,10.00,2025-10-17,New Invoice,133168,2025-10-17,None,101406,2025-10-02,RH25,475,Transfer campaign then delete
31833,Joseph Lauer,qAp4aGg2pR8Ojn3KD82n,10.00,2025-10-17,New Invoice,133168,2025-10-17,None,134416,2025-04-15,None,,Delete
33767,Sarah Schlesinger,V6XlMBwb8AKcATBaBWLn,18.00,2025-10-17,New Invoice,133169,2025-10-17,None,80241,2025-04-07,None,,Delete
33767,Sarah Schlesinger,V6XlMBwb8AKcATBaBWLn,18.00,2025-10-17,New Invoice,133169,2025-10-17,None,80242,2025-01-07,None,,Delete
33767,Sarah Schlesinger,V6XlMBwb8AKcATBaBWLn,18.00,2025-10-17,New Invoice,133169,2025-10-17,None,101407,2025-10-02,RH25,475,Transfer campaign then delete
33767,Sarah Schlesinger,V6XlMBwb8AKcATBaBWLn,18.00,2025-10-17,New Invoice,133169,2025-10-17,None,134417,2025-04-15,None,,Delete
31604,Mr. & Mrs. Aron Ehrman,PO5L0HBFnGh10mXUeX2D,36.00,2025-10-17,New Invoice,136124,2025-10-17,946,101408,2025-10-02,RH25,475,Delete
24416,Mr. & Mrs. Irving Weinberg,5r5WYR4b6JUFVFJLcSLZ,18.00,2025-10-17,New Invoice,136126,2025-10-17,946,101410,2025-10-02,RH25,475,Delete
26125,Ms. Randy S Kovacs,C1ZGM7nUyRjoebu8gjIi,3.00,2025-10-17,New Invoice,133173,2025-10-17,None,101411,2025-10-02,RH25,475,Transfer campaign then delete
25915,Dr. & Mrs. Gilad Ellenberg,BKUNcCllefJo4ruylE6Y,36.00,2025-10-17,New Invoice,136127,2025-10-17,946,101412,2025-10-02,RH25,475,Delete
25669,Mr. & Mrs. Stuart Mentzel,AW4XM90OQU1e5VzxN9X3,36.00,2025-10-17,New Invoice,133175,2025-10-17,None,101413,2025-10-02,RH25,475,Transfer campaign then delete
32461,Mr. & Mrs. David Weintraub,rTHgFgMLxUDhE0ftplBI,36.00,2025-10-17,New Invoice,136128,2025-10-17,946,101414,2025-10-02,RH25,475,Delete
28559,Barry Iskowitz,i5xkWYRED2zkoRF8tzaL,10.00,2025-10-17,New Invoice,136129,2025-10-17,946,46831,2025-04-09,None,,Delete
28559,Barry Iskowitz,i5xkWYRED2zkoRF8tzaL,10.00,2025-10-17,New Invoice,136129,2025-10-17,946,101415,2025-10-02,RH25,475,Delete
28559,Barry Iskowitz,i5xkWYRED2zkoRF8tzaL,10.00,2025-10-17,New Invoice,136129,2025-10-17,946,136426,2025-04-14,New Invoice,946,Delete
39553,R.n. Galbut,RRnnqvPRm52buDyonyuS,36.00,2025-10-17,New Invoice,133179,2025-10-17,None,103817,2025-10-02,RH25,475,Transfer campaign then delete
24645,Mrs. Rita Rothfleisch,6uXxQ6KC7queTUmNNwQe,50.00,2025-10-17,New Invoice,133181,2025-10-17,None,101419,2025-10-02,RH25,475,Transfer campaign then delete
32677,Mr. & Mrs. Allen Lerman,seKpO07zhM4LHt6slNxA,100.00,2025-10-17,New Invoice,136130,2025-10-17,946,101420,2025-10-02,RH25,475,Delete
25814,Mr. & Mrs. Mitchel Greenberg,BCejxhZt3fm6ryUOpHfS,25.00,2025-10-17,New Invoice,133183,2025-10-17,None,101421,2025-10-02,RH25,475,Transfer campaign then delete
30546,Rabbi & Mrs. Naftali Besser,mzOBsGjM9rwNlGcgIwB5,100.00,2025-10-17,New Invoice,133184,2025-10-17,None,101422,2025-10-02,RH25,475,Transfer campaign then delete
24163,Rabbi & Mrs. Samuel Bialik,4J8j8hmzExHUhLOuUN2l,25.00,2025-10-17,New Invoice,133185,2025-10-17,None,99447,2025-07-29,CF25,254,Transfer campaign then delete
24163,Rabbi & Mrs. Samuel Bialik,4J8j8hmzExHUhLOuUN2l,25.00,2025-10-17,New Invoice,133185,2025-10-17,None,101423,2025-10-02,RH25,475,Delete
24163,Rabbi & Mrs. Samuel Bialik,4J8j8hmzExHUhLOuUN2l,25.00,2025-10-17,New Invoice,133185,2025-10-17,None,135861,2025-12-26,CH25,855,Delete
24163,Rabbi & Mrs. Samuel Bialik,4J8j8hmzExHUhLOuUN2l,25.00,2025-10-17,New Invoice,133185,2025-10-17,None,133741,2025-08-12,None,,Delete
34523,Mr. & Mrs. Mark Silber,X2Gfh4aI7c2Yow7yN0B7,3600.00,2025-10-17,New Invoice,133186,2025-10-17,None,99383,2025-10-02,Bergen25,458,Transfer campaign then delete
33955,Miryam Schwarcz feder,vn2azkNnYSI2pmFQ0iW1,50.00,2025-10-17,New Invoice,133187,2025-10-17,None,81481,2025-01-07,None,,Delete
33955,Miryam Schwarcz feder,vn2azkNnYSI2pmFQ0iW1,50.00,2025-10-17,New Invoice,133187,2025-10-17,None,101424,2025-10-02,RH25,475,Transfer campaign then delete
33955,Miryam Schwarcz feder,vn2azkNnYSI2pmFQ0iW1,50.00,2025-10-17,New Invoice,133187,2025-10-17,None,134335,2025-04-15,None,,Delete
27198,Daniella I Schaefer,esicR57uBWB0FeF4slws,1800.00,2025-10-13,Donation Page 1800,133196,2025-10-13,None,134905,2025-02-13,None,,Delete
52562,Unknown,caayNzHyAtv1INYh1teW,26.00,2025-10-09,Manual Payment,136135,2025-10-09,944,135490,2025-12-24,BERGEN20,165,Delete
52562,Unknown,caayNzHyAtv1INYh1teW,26.00,2025-10-09,Manual Payment,136135,2025-10-09,944,136460,2025-04-01,Manual Payment,944,Delete
29846,Robert Blanco,lceSHKXF7RqI4JfKBish,101.00,2025-10-05,New Invoice,133211,2025-10-05,None,99446,2025-07-29,CF25,254,Transfer campaign then delete
29846,Robert Blanco,lceSHKXF7RqI4JfKBish,101.00,2025-10-05,New Invoice,133211,2025-10-05,None,101429,2025-10-01,RH25,475,Delete
29846,Robert Blanco,lceSHKXF7RqI4JfKBish,101.00,2025-10-05,New Invoice,133211,2025-10-05,None,133740,2025-08-12,None,,Delete
28545,Howard Lasker,I4qUgWZgcZpQ1vsyXj5b,5.00,2025-10-05,New Invoice,133214,2025-10-05,None,134536,2025-04-14,None,,Delete
34416,Daniel Sheinbein,WsQhJlqQafZcWG7lKvlx,36.00,2025-10-05,New Invoice,136137,2025-10-05,946,101432,2025-10-01,RH25,475,Delete
30081,Lawrence Fleck,Lw5fTsnl1ReFCcaeu7K2,18.00,2025-10-05,New Invoice,133216,2025-10-05,None,56676,2025-04-07,None,,Delete
30081,Lawrence Fleck,Lw5fTsnl1ReFCcaeu7K2,18.00,2025-10-05,New Invoice,133216,2025-10-05,None,101433,2025-10-01,RH25,475,Transfer campaign then delete
30081,Lawrence Fleck,Lw5fTsnl1ReFCcaeu7K2,18.00,2025-10-05,New Invoice,133216,2025-10-05,None,134398,2025-04-15,None,,Delete
23988,Mr. & Mrs. Adam Karp,3r5D6GfWm0UOku9MQRvZ,90.00,2025-10-05,New Invoice,136139,2025-10-05,946,100533,2025-04-07,Maos Chitim 2025,470,Delete
23988,Mr. & Mrs. Adam Karp,3r5D6GfWm0UOku9MQRvZ,90.00,2025-10-05,New Invoice,136139,2025-10-05,946,101434,2025-10-01,RH25,475,Delete
23988,Mr. & Mrs. Adam Karp,3r5D6GfWm0UOku9MQRvZ,90.00,2025-10-05,New Invoice,136139,2025-10-05,946,136417,2025-04-14,New Invoice,946,Delete
28913,Mr. & Mrs. Joseph Hoch,iYwrqKrjtAOtdUeJEBS2,150.00,2025-10-05,New Invoice,133218,2025-10-05,None,99821,2025-05-31,GD25,462,Transfer campaign then delete
28913,Mr. & Mrs. Joseph Hoch,iYwrqKrjtAOtdUeJEBS2,150.00,2025-10-05,New Invoice,133218,2025-10-05,None,100154,2025-09-02,Maos Chitim 2025,470,Delete
28913,Mr. & Mrs. Joseph Hoch,iYwrqKrjtAOtdUeJEBS2,150.00,2025-10-05,New Invoice,133218,2025-10-05,None,100292,2025-05-01,Maos Chitim 2025,470,Delete
28913,Mr. & Mrs. Joseph Hoch,iYwrqKrjtAOtdUeJEBS2,150.00,2025-10-05,New Invoice,133218,2025-10-05,None,100613,2025-10-01,Recurring,472,Delete
28913,Mr. & Mrs. Joseph Hoch,iYwrqKrjtAOtdUeJEBS2,150.00,2025-10-05,New Invoice,133218,2025-10-05,None,100684,2025-08-03,Recurring,472,Delete
28913,Mr. & Mrs. Joseph Hoch,iYwrqKrjtAOtdUeJEBS2,150.00,2025-10-05,New Invoice,133218,2025-10-05,None,132680,2025-12-03,None,,Delete
28913,Mr. & Mrs. Joseph Hoch,iYwrqKrjtAOtdUeJEBS2,150.00,2025-10-05,New Invoice,133218,2025-10-05,None,132825,2025-11-05,None,,Delete
28913,Mr. & Mrs. Joseph Hoch,iYwrqKrjtAOtdUeJEBS2,150.00,2025-10-05,New Invoice,133218,2025-10-05,None,133641,2025-09-09,None,,Delete
28913,Mr. & Mrs. Joseph Hoch,iYwrqKrjtAOtdUeJEBS2,150.00,2025-10-05,New Invoice,133218,2025-10-05,None,133726,2025-08-12,None,,Delete
28913,Mr. & Mrs. Joseph Hoch,iYwrqKrjtAOtdUeJEBS2,150.00,2025-10-05,New Invoice,133218,2025-10-05,None,133944,2025-07-02,None,,Delete
28913,Mr. & Mrs. Joseph Hoch,iYwrqKrjtAOtdUeJEBS2,150.00,2025-10-05,New Invoice,133218,2025-10-05,None,134071,2025-06-11,None,,Delete
28913,Mr. & Mrs. Joseph Hoch,iYwrqKrjtAOtdUeJEBS2,150.00,2025-10-05,New Invoice,133218,2025-10-05,None,134228,2025-05-05,None,,Delete
31892,Mr. & Mrs. Shabsi Weiss,Qg5zjEKeOX6DVvDuYs5x,100.00,2025-10-05,New Invoice,133219,2025-10-05,None,101435,2025-10-01,RH25,475,Transfer campaign then delete
28502,Victor Gerstein,HyOqAeiCmYFnHTawlPuO,1000.00,2025-10-05,New Invoice,133220,2025-10-05,None,101436,2025-10-01,RH25,475,Transfer campaign then delete
27209,Mr. & Mrs. Evan Torczyner,EtJEsckl4ZGiC3CtFXmA,1800.00,2025-10-05,New Invoice,136140,2025-10-05,946,100025,2025-04-23,SOULFARM25,465,Delete
27209,Mr. & Mrs. Evan Torczyner,EtJEsckl4ZGiC3CtFXmA,1800.00,2025-10-05,New Invoice,136140,2025-10-05,946,101437,2025-10-01,RH25,475,Delete
27209,Mr. & Mrs. Evan Torczyner,EtJEsckl4ZGiC3CtFXmA,1800.00,2025-10-05,New Invoice,136140,2025-10-05,946,136338,2025-04-28,New Invoice,946,Delete
30261,Arie Dreyfuss,ME4ZIVL5iknyJADU4r34,1800.00,2025-10-05,New Invoice,136141,2025-10-05,946,101438,2025-10-01,RH25,475,Delete
34385,Mr. & Mrs. Carl Markowitz,wQI2bF7whHeY3btIS03K,1000.00,2025-10-05,New Invoice,136142,2025-10-05,946,99372,2025-10-01,Bergen25,458,Delete
33029,Mr. & Mrs. Leon Miller,TAR8Ps0peBkudGDwqK9D,100.00,2025-10-05,New Invoice,133225,2025-10-05,None,99373,2025-10-01,Bergen25,458,Transfer campaign then delete
23666,Mr. Harold Saltzman,28eRsIzivsJTnexq4sNl,100.00,2025-10-05,New Invoice,136144,2025-10-05,946,101440,2025-10-01,RH25,475,Delete
33176,Joel Kertzner,tNO9MVGSVsRHpGPq8M13,18.00,2025-10-05,New Invoice,133228,2025-10-05,None,101441,2025-10-01,RH25,475,Transfer campaign then delete
52878,Marc Popowitz,XINhZ8DiZY3y3HG2nCBT,54.00,2025-10-05,New Invoice,136145,2025-10-05,946,136325,2025-05-05,New Invoice,946,Delete
23779,Dr. & Mrs. Joseph Felder,2rkBm0ZT8iRHtmAHthrN,180.00,2025-10-05,New Invoice,133230,2025-10-05,None,101444,2025-10-01,RH25,475,Transfer campaign then delete
31544,Mr. Joshua Sandman,PkIQvbRtM9jfVWPBmxka,18.00,2025-10-05,New Invoice,133231,2025-10-05,None,101446,2025-10-01,RH25,475,Transfer campaign then delete
34306,Rabbi & Mrs. Solomon Minzer,WkcfD1gEQS1W2Fp0tMWd,18.00,2025-10-05,New Invoice,133232,2025-10-05,None,101447,2025-10-01,RH25,475,Transfer campaign then delete
27916,David Jaffa,GlQTaApO2vxzion4UGN8,18.00,2025-10-05,New Invoice,136148,2025-10-05,946,42548,2025-04-07,None,,Delete
27916,David Jaffa,GlQTaApO2vxzion4UGN8,18.00,2025-10-05,New Invoice,136148,2025-10-05,946,101448,2025-10-01,RH25,475,Delete
27916,David Jaffa,GlQTaApO2vxzion4UGN8,18.00,2025-10-05,New Invoice,136148,2025-10-05,946,136393,2025-04-14,New Invoice,946,Delete
32108,Mr. Brian Fine,QwnxriFveyGgLiPjieU2,180.00,2025-10-05,New Invoice,136149,2025-10-05,946,101449,2025-10-01,RH25,475,Delete
28518,Mr. & Mrs. David Feldheim,I02nRplhWuhYPF7d26Ex,100.00,2025-10-05,New Invoice,136150,2025-10-05,946,101450,2025-10-01,RH25,475,Delete
52881,Herbert Horowitz,KX3NxeBl9CqOM7pdYUWM,36.00,2025-10-05,New Invoice,136151,2025-10-05,946,136427,2025-04-14,New Invoice,946,Delete
31220,Mr. & Mrs. Isaac Weinberger,oQd39gXljCvLFwqOqAgm,54.00,2025-10-05,New Invoice,136152,2025-10-05,946,101452,2025-10-01,RH25,475,Delete
24733,Mr. & Mrs. Jeffrey Muehlgay,7d3BsBgVfsVP9XBiNDPQ,125.00,2025-10-05,New Invoice,133237,2025-10-05,None,101453,2025-10-01,RH25,475,Transfer campaign then delete
24722,Mr. Martin Goldberg,7bUN9Ka0u419PYM6ZPc0,180.00,2025-10-05,New Invoice,133238,2025-10-05,None,101454,2025-10-01,RH25,475,Transfer campaign then delete
35241,Rabbi & Mrs. Leon Fink,yW6OPercKgY9LLImr8Vg,18.00,2025-10-05,New Invoice,133240,2025-10-05,None,101456,2025-10-01,RH25,475,Transfer campaign then delete
30854,Mr. & Mrs. Aron Greenspan,nrL5S9yttnpeLXB9RHv7,10.00,2025-10-05,New Invoice,136153,2025-10-05,946,101187,2025-10-01,RH25,475,Delete
32964,Elaine Goldman,T2wcmEvV95ohT80n9UOn,5.00,2025-10-05,New Invoice,136155,2025-10-05,946,74818,2025-04-09,Maos Chitim 2025,470,Delete
32964,Elaine Goldman,T2wcmEvV95ohT80n9UOn,5.00,2025-10-05,New Invoice,136155,2025-10-05,946,101195,2025-10-01,RH25,475,Delete
32964,Elaine Goldman,T2wcmEvV95ohT80n9UOn,5.00,2025-10-05,New Invoice,136155,2025-10-05,946,135936,2025-12-29,CH25,855,Delete
32964,Elaine Goldman,T2wcmEvV95ohT80n9UOn,5.00,2025-10-05,New Invoice,136155,2025-10-05,946,136425,2025-04-14,New Invoice,946,Delete
24346,Mrs. Phyllis M. Cohen,5gy1M3MxL7jan1UFx23J,18.00,2025-10-05,New Invoice,133244,2025-10-05,None,101457,2025-10-01,RH25,475,Transfer campaign then delete
33688,Mr. & Mrs. Asher Michaeli,UwPlnF7xQ4UC9d1aDtXf,50.00,2025-10-05,New Invoice,136156,2025-10-05,946,101458,2025-10-01,RH25,475,Delete
35402,Ms. Leah Lowinger,ZEe46pg8kSdPU5NfGh7q,10.00,2025-10-05,New Invoice,133246,2025-10-05,None,101459,2025-10-01,RH25,475,Transfer campaign then delete
32705,Adele Rubinstein,sgRLbU7bE2G78xwr8Q0A,25.00,2025-10-05,New Invoice,136157,2025-10-05,946,101460,2025-10-01,RH25,475,Delete
23823,Rabbi & Mrs. Shaul Arieli,2ZcOuX666AzDLM0Cuvj3,180.00,2025-10-05,New Invoice,133248,2025-10-05,None,101461,2025-10-01,RH25,475,Transfer campaign then delete
24132,Hannah Wineberg,4eXnMfhbl6pJosetjcfZ,18.00,2025-10-05,New Invoice,136158,2025-10-05,946,101462,2025-10-01,RH25,475,Delete
23952,Chaim Bernstein,3n27Vqv2OwExmYUaJIIR,36.00,2025-10-05,New Invoice,136159,2025-10-05,946,17961,2025-04-07,None,,Delete
23952,Chaim Bernstein,3n27Vqv2OwExmYUaJIIR,36.00,2025-10-05,New Invoice,136159,2025-10-05,946,101464,2025-10-01,RH25,475,Delete
23952,Chaim Bernstein,3n27Vqv2OwExmYUaJIIR,36.00,2025-10-05,New Invoice,136159,2025-10-05,946,135945,2025-12-29,CH25,855,Delete
23952,Chaim Bernstein,3n27Vqv2OwExmYUaJIIR,36.00,2025-10-05,New Invoice,136159,2025-10-05,946,136403,2025-04-14,New Invoice,946,Delete
23236,Mr. & Mrs. Martin Stein,07LqQKfQAZ0G1pISGq80,18.00,2025-10-05,New Invoice,133252,2025-10-05,None,101465,2025-10-01,RH25,475,Transfer campaign then delete
31272,Sarah M Serebrowski,OuqzPEs9L2McmVyhqkCP,54.00,2025-10-05,New Invoice,133254,2025-10-05,None,101467,2025-10-01,RH25,475,Transfer campaign then delete
27619,Mr. & Mrs. Albert Spitzer,FsagQ0XqXI2rXmsrUefE,100.00,2025-10-05,New Invoice,136161,2025-10-05,946,101469,2025-10-01,RH25,475,Delete
26975,Dr. & Mrs. Leslie Walter,EaJi0XqGdGAJU01z5jGG,100.00,2025-10-05,New Invoice,133257,2025-10-05,None,101470,2025-10-01,RH25,475,Transfer campaign then delete
35386,Michael Nelson,ZD1Z0KQhnyVcMOlCanDb,50.00,2025-10-05,New Invoice,133258,2025-10-05,None,101471,2025-10-01,RH25,475,Transfer campaign then delete
35386,Michael Nelson,ZD1Z0KQhnyVcMOlCanDb,50.00,2025-10-05,New Invoice,133258,2025-10-05,None,135849,2025-12-26,CH25,855,Delete
28463,Rabbi Irving Berger,HVFP3V8932DCSK64GNzw,10.00,2025-10-05,New Invoice,136162,2025-10-05,946,101183,2025-10-01,RH25,475,Delete
25227,Mr. Gary Turk,9Oo0eFS1KjKXe1sAfakf,18.00,2025-10-05,New Invoice,136163,2025-10-05,946,101472,2025-10-01,RH25,475,Delete
33139,Rabbi & Mrs. Nathan Segal,tKmILB3RE5IHAMSMpL7X,18.00,2025-10-05,New Invoice,133262,2025-10-05,None,101473,2025-10-01,RH25,475,Transfer campaign then delete
33139,Rabbi & Mrs. Nathan Segal,tKmILB3RE5IHAMSMpL7X,18.00,2025-10-05,New Invoice,133262,2025-10-05,None,135948,2025-12-29,CH25,855,Delete
27837,Morris Jutcovich,gEmiEyN8Li6RChdBSLf4,36.00,2025-10-05,New Invoice,133264,2025-10-05,None,41857,2025-04-07,None,,Delete
27837,Morris Jutcovich,gEmiEyN8Li6RChdBSLf4,36.00,2025-10-05,New Invoice,133264,2025-10-05,None,92208,2025-01-08,None,,Delete
27837,Morris Jutcovich,gEmiEyN8Li6RChdBSLf4,36.00,2025-10-05,New Invoice,133264,2025-10-05,None,101475,2025-10-01,RH25,475,Transfer campaign then delete
27837,Morris Jutcovich,gEmiEyN8Li6RChdBSLf4,36.00,2025-10-05,New Invoice,133264,2025-10-05,None,134472,2025-04-14,None,,Delete
52883,Gary Berman,AncKMXxacRow9FP7vbu9,36.00,2025-10-05,New Invoice,136164,2025-10-05,946,136380,2025-04-15,New Invoice,946,Delete
28479,Daniel Ginsberg,hwQPBm8zlTJBK0ktKSWR,36.00,2025-10-05,New Invoice,136166,2025-10-05,946,46367,2025-04-02,None,,Delete
28479,Daniel Ginsberg,hwQPBm8zlTJBK0ktKSWR,36.00,2025-10-05,New Invoice,136166,2025-10-05,946,101479,2025-10-01,RH25,475,Delete
28479,Daniel Ginsberg,hwQPBm8zlTJBK0ktKSWR,36.00,2025-10-05,New Invoice,136166,2025-10-05,946,135865,2025-12-26,CH25,855,Delete
28479,Daniel Ginsberg,hwQPBm8zlTJBK0ktKSWR,36.00,2025-10-05,New Invoice,136166,2025-10-05,946,136450,2025-04-10,New Invoice,946,Delete
25881,Mr. David Zelefsky,bhHQ1Th5qmzrhwCb5scY,18.00,2025-10-05,New Invoice,136168,2025-10-05,946,101481,2025-10-01,RH25,475,Delete
25681,Marcus Pinter,axFVxo88oLaPhQ5p6OjI,36.00,2025-10-05,New Invoice,133269,2025-10-05,None,101482,2025-10-01,RH25,475,Transfer campaign then delete
33375,H Saslow,u90M8cRJk2rO0vike6iA,18.00,2025-10-05,New Invoice,136169,2025-10-05,946,101483,2025-10-01,RH25,475,Delete
25707,Mr. & Mrs. Jacob Grossman,azAVXM3JRW959lq1cQUd,18.00,2025-10-05,New Invoice,136170,2025-10-05,946,101484,2025-10-01,RH25,475,Delete
23854,Keith Charytan,36xEoqnrocPFczNTsCkD,18.00,2025-10-05,New Invoice,133272,2025-10-05,None,17278,2025-04-07,None,,Delete
23854,Keith Charytan,36xEoqnrocPFczNTsCkD,18.00,2025-10-05,New Invoice,133272,2025-10-05,None,101485,2025-10-01,RH25,475,Transfer campaign then delete
23854,Keith Charytan,36xEoqnrocPFczNTsCkD,18.00,2025-10-05,New Invoice,133272,2025-10-05,None,135857,2025-12-26,CH25,855,Delete
23854,Keith Charytan,36xEoqnrocPFczNTsCkD,18.00,2025-10-05,New Invoice,133272,2025-10-05,None,134482,2025-04-14,None,,Delete
27202,Mrs. Shirley Sanders,esyGD8qnH0Etr18VyrKk,10.00,2025-10-05,New Invoice,133273,2025-10-05,None,101486,2025-10-01,RH25,475,Transfer campaign then delete
27202,Mrs. Shirley Sanders,esyGD8qnH0Etr18VyrKk,10.00,2025-10-05,New Invoice,133273,2025-10-05,None,135854,2025-12-26,CH25,855,Delete
27329,Michael Morgenstern,f4p5SklQENDQX1sJhLww,8.00,2025-10-05,New Invoice,133274,2025-10-05,None,101189,2025-10-01,RH25,475,Transfer campaign then delete
26181,Joshua Zakheim,cAhH6v67ZDVMV3yuJ9pJ,36.00,2025-10-05,New Invoice,133275,2025-10-05,None,100332,2025-04-20,Maos Chitim 2025,470,Transfer campaign then delete
26181,Joshua Zakheim,cAhH6v67ZDVMV3yuJ9pJ,36.00,2025-10-05,New Invoice,133275,2025-10-05,None,101487,2025-10-01,RH25,475,Delete
26181,Joshua Zakheim,cAhH6v67ZDVMV3yuJ9pJ,36.00,2025-10-05,New Invoice,133275,2025-10-05,None,134301,2025-04-25,None,,Delete
27887,Benjamin Silverberg,Gj1cLfWSfZfI1OebJyuH,36.00,2025-10-05,New Invoice,136171,2025-10-05,946,42173,2025-04-09,None,,Delete
27887,Benjamin Silverberg,Gj1cLfWSfZfI1OebJyuH,36.00,2025-10-05,New Invoice,136171,2025-10-05,946,101488,2025-10-01,RH25,475,Delete
27887,Benjamin Silverberg,Gj1cLfWSfZfI1OebJyuH,36.00,2025-10-05,New Invoice,136171,2025-10-05,946,136430,2025-04-14,New Invoice,946,Delete
26150,anonymous Donation,c5r02FQw2lCHdh1uuLgU,100.00,2025-10-05,New Invoice,133277,2025-10-05,None,99406,2025-09-16,Bergen25,458,Transfer campaign then delete
26150,anonymous Donation,c5r02FQw2lCHdh1uuLgU,100.00,2025-10-05,New Invoice,133277,2025-10-05,None,133474,2025-09-29,None,,Delete
26817,Mr. Avi Federgrun,DsGE4TjjuwpsGwr8roAO,54.00,2025-10-05,New Invoice,136172,2025-10-05,946,101489,2025-09-30,RH25,475,Delete
29099,Dr. & Mrs. Stanley Zimmerman,JhPgMobAcPDnzfmWPfMq,100.00,2025-10-05,New Invoice,133279,2025-10-05,None,101490,2025-09-30,RH25,475,Transfer campaign then delete
31937,Mr. & Mrs. Norman Schmutter,qJW9xz4h2CtyWHuk4Nh9,1800.00,2025-10-05,New Invoice,133281,2025-10-05,None,99376,2025-09-01,Bergen25,458,Transfer campaign then delete
31937,Mr. & Mrs. Norman Schmutter,qJW9xz4h2CtyWHuk4Nh9,1800.00,2025-10-05,New Invoice,133281,2025-10-05,None,99387,2025-09-30,Bergen25,458,Transfer campaign then delete
31937,Mr. & Mrs. Norman Schmutter,qJW9xz4h2CtyWHuk4Nh9,1800.00,2025-10-05,New Invoice,133281,2025-10-05,None,99418,2025-07-29,CF25,254,Delete
31937,Mr. & Mrs. Norman Schmutter,qJW9xz4h2CtyWHuk4Nh9,1800.00,2025-10-05,New Invoice,133281,2025-10-05,None,99835,2025-05-29,GD25,462,Delete
31937,Mr. & Mrs. Norman Schmutter,qJW9xz4h2CtyWHuk4Nh9,1800.00,2025-10-05,New Invoice,133281,2025-10-05,None,99836,2025-04-29,GD25,462,Delete
31937,Mr. & Mrs. Norman Schmutter,qJW9xz4h2CtyWHuk4Nh9,1800.00,2025-10-05,New Invoice,133281,2025-10-05,None,99871,2025-03-31,GD25,462,Delete
31937,Mr. & Mrs. Norman Schmutter,qJW9xz4h2CtyWHuk4Nh9,1800.00,2025-10-05,New Invoice,133281,2025-10-05,None,99992,2025-02-25,GD25,462,Delete
31937,Mr. & Mrs. Norman Schmutter,qJW9xz4h2CtyWHuk4Nh9,1800.00,2025-10-05,New Invoice,133281,2025-10-05,None,132678,2025-12-03,None,,Delete
31937,Mr. & Mrs. Norman Schmutter,qJW9xz4h2CtyWHuk4Nh9,1800.00,2025-10-05,New Invoice,133281,2025-10-05,None,132864,2025-10-31,None,,Delete
31937,Mr. & Mrs. Norman Schmutter,qJW9xz4h2CtyWHuk4Nh9,1800.00,2025-10-05,New Invoice,133281,2025-10-05,None,133642,2025-09-09,None,,Delete
31937,Mr. & Mrs. Norman Schmutter,qJW9xz4h2CtyWHuk4Nh9,1800.00,2025-10-05,New Invoice,133281,2025-10-05,None,133750,2025-08-12,None,,Delete
31937,Mr. & Mrs. Norman Schmutter,qJW9xz4h2CtyWHuk4Nh9,1800.00,2025-10-05,New Invoice,133281,2025-10-05,None,133943,2025-07-02,None,,Delete
31937,Mr. & Mrs. Norman Schmutter,qJW9xz4h2CtyWHuk4Nh9,1800.00,2025-10-05,New Invoice,133281,2025-10-05,None,134093,2025-06-04,None,,Delete
31937,Mr. & Mrs. Norman Schmutter,qJW9xz4h2CtyWHuk4Nh9,1800.00,2025-10-05,New Invoice,133281,2025-10-05,None,134239,2025-05-05,None,,Delete
31937,Mr. & Mrs. Norman Schmutter,qJW9xz4h2CtyWHuk4Nh9,1800.00,2025-10-05,New Invoice,133281,2025-10-05,None,134627,2025-04-09,None,,Delete
31937,Mr. & Mrs. Norman Schmutter,qJW9xz4h2CtyWHuk4Nh9,1800.00,2025-10-05,New Invoice,133281,2025-10-05,None,134834,2025-03-12,None,,Delete
31937,Mr. & Mrs. Norman Schmutter,qJW9xz4h2CtyWHuk4Nh9,1800.00,2025-10-05,New Invoice,133281,2025-10-05,None,134861,2025-03-04,None,,Delete
28067,sharon max,GWSoEYJeQacPHT0YrXfJ,36.00,2025-10-05,New Invoice,133284,2025-10-05,None,100642,2025-09-29,Recurring,472,Transfer campaign then delete
32593,Zevi Trenk,s5nqM8JOFiWQc0KlyCFd,5.00,2025-10-05,New Invoice,133285,2025-10-05,None,72523,2025-04-09,None,,Delete
32593,Zevi Trenk,s5nqM8JOFiWQc0KlyCFd,5.00,2025-10-05,New Invoice,133285,2025-10-05,None,72524,2025-01-30,None,,Delete
32593,Zevi Trenk,s5nqM8JOFiWQc0KlyCFd,5.00,2025-10-05,New Invoice,133285,2025-10-05,None,101190,2025-09-29,RH25,475,Transfer campaign then delete
32593,Zevi Trenk,s5nqM8JOFiWQc0KlyCFd,5.00,2025-10-05,New Invoice,133285,2025-10-05,None,134171,2025-05-14,None,,Delete
32593,Zevi Trenk,s5nqM8JOFiWQc0KlyCFd,5.00,2025-10-05,New Invoice,133285,2025-10-05,None,134547,2025-04-14,None,,Delete
28057,Jason Klein,Gw9H4SxBH3WJw91iHwuK,1.00,2025-10-05,New Invoice,133288,2025-10-05,None,101200,2025-09-29,RH25,475,Transfer campaign then delete
27370,Faye Perlow-brand,fA1a6C4bVgvC7lcyqtAm,72.00,2025-10-01,New Invoice,136176,2025-10-01,946,101493,2025-09-28,RH25,475,Delete
31301,Lewis Genuth,OwS6CRldhnhko1vfImvy,36.00,2025-10-01,New Invoice,133331,2025-10-01,None,64494,2025-04-20,None,,Delete
31301,Lewis Genuth,OwS6CRldhnhko1vfImvy,36.00,2025-10-01,New Invoice,133331,2025-10-01,None,64495,2025-04-02,None,,Delete
31301,Lewis Genuth,OwS6CRldhnhko1vfImvy,36.00,2025-10-01,New Invoice,133331,2025-10-01,None,135933,2025-12-29,CH25,855,Transfer campaign then delete
31301,Lewis Genuth,OwS6CRldhnhko1vfImvy,36.00,2025-10-01,New Invoice,133331,2025-10-01,None,101494,2025-09-28,RH25,475,Delete
31301,Lewis Genuth,OwS6CRldhnhko1vfImvy,36.00,2025-10-01,New Invoice,133331,2025-10-01,None,134302,2025-04-25,None,,Delete
31301,Lewis Genuth,OwS6CRldhnhko1vfImvy,36.00,2025-10-01,New Invoice,133331,2025-10-01,None,134615,2025-04-10,None,,Delete
25307,Max Anteby,9Zlv0ctZzlizwn2Lvimi,36.00,2025-10-01,New Invoice,133333,2025-10-01,None,26438,2025-04-07,None,,Delete
25307,Max Anteby,9Zlv0ctZzlizwn2Lvimi,36.00,2025-10-01,New Invoice,133333,2025-10-01,None,101496,2025-09-28,RH25,475,Transfer campaign then delete
25307,Max Anteby,9Zlv0ctZzlizwn2Lvimi,36.00,2025-10-01,New Invoice,133333,2025-10-01,None,134382,2025-04-15,None,,Delete
27242,Abraham Moses,EVZlO6hN6lEQhJZdrsn7,10.00,2025-10-01,New Invoice,136178,2025-10-01,946,101188,2025-09-28,RH25,475,Delete
27242,Abraham Moses,EVZlO6hN6lEQhJZdrsn7,10.00,2025-10-01,New Invoice,136178,2025-10-01,946,135940,2025-12-29,CH25,855,Delete
28394,Mr. & Mrs. Mordechai Eissenberg,hqph8ibbbt41RwsJo6v6,100.00,2025-10-01,New Invoice,133335,2025-10-01,None,101497,2025-09-28,RH25,475,Transfer campaign then delete
34881,Ms. Arlene Sardell,xyNELPoPDlY8bu0qTCkq,100.00,2025-10-01,New Invoice,136179,2025-10-01,946,92154,2025-02-10,None,,Delete
34881,Ms. Arlene Sardell,xyNELPoPDlY8bu0qTCkq,100.00,2025-10-01,New Invoice,136179,2025-10-01,946,101499,2025-09-28,RH25,475,Delete
25612,Judith Kramer,ARrrIDN1t6GaC2Zl1OWA,18.00,2025-10-01,New Invoice,133338,2025-10-01,None,101500,2025-09-28,RH25,475,Transfer campaign then delete
25612,Judith Kramer,ARrrIDN1t6GaC2Zl1OWA,18.00,2025-10-01,New Invoice,133338,2025-10-01,None,135856,2025-12-26,CH25,855,Delete
24450,Mr. & Mrs. Avner Gelb,5W1FnxWIQbs8WLaNS7TY,25.00,2025-10-01,New Invoice,136180,2025-10-01,946,101501,2025-09-28,RH25,475,Delete
26150,anonymous Donation,c5r02FQw2lCHdh1uuLgU,36.00,2025-10-01,New Invoice,133340,2025-10-01,None,101502,2025-09-28,RH25,475,Transfer campaign then delete
29220,Mr. & Mrs. Jeffrey Sklar,jR2Uq2qWJC54Xrola3HZ,25.00,2025-10-01,New Invoice,133343,2025-10-01,None,101505,2025-09-28,RH25,475,Transfer campaign then delete
26852,Chanah Kugelman,DUygS3OZFxEA3EPqJkuw,15.00,2025-10-01,New Invoice,136181,2025-10-01,946,101506,2025-09-28,RH25,475,Delete
26338,Dr. & Mrs. Steven Schuss,CmWbstyoMykjSRrlAGhh,18.00,2025-10-01,New Invoice,133345,2025-10-01,None,100473,2025-04-07,Maos Chitim 2025,470,Transfer campaign then delete
26338,Dr. & Mrs. Steven Schuss,CmWbstyoMykjSRrlAGhh,18.00,2025-10-01,New Invoice,133345,2025-10-01,None,101507,2025-09-28,RH25,475,Delete
26338,Dr. & Mrs. Steven Schuss,CmWbstyoMykjSRrlAGhh,18.00,2025-10-01,New Invoice,133345,2025-10-01,None,134474,2025-04-14,None,,Delete
34895,Mr. & Mrs. Richard Spierer,XZUpkjHP7UnZCj3Qz9Aw,500.00,2025-10-01,New Invoice,133346,2025-10-01,None,101508,2025-09-28,RH25,475,Transfer campaign then delete
27670,Bathsheba Rottenberg,FWCGj41Xadq9YAElI0mw,10.00,2025-10-01,New Invoice,136182,2025-10-01,946,40770,2025-04-07,None,,Delete
27670,Bathsheba Rottenberg,FWCGj41Xadq9YAElI0mw,10.00,2025-10-01,New Invoice,136182,2025-10-01,946,101186,2025-09-28,RH25,475,Delete
27670,Bathsheba Rottenberg,FWCGj41Xadq9YAElI0mw,10.00,2025-10-01,New Invoice,136182,2025-10-01,946,136395,2025-04-14,New Invoice,946,Delete
24994,Ruth Wilkes,8NZDBOQXdsQ8RCJ6n1Zy,18.00,2025-10-01,New Invoice,133349,2025-10-01,None,135942,2025-12-29,CH25,855,Transfer campaign then delete
24994,Ruth Wilkes,8NZDBOQXdsQ8RCJ6n1Zy,18.00,2025-10-01,New Invoice,133349,2025-10-01,None,101510,2025-09-28,RH25,475,Delete
52556,Unknown,P9esadnBlYspgW1gmO4g,36.00,2025-10-01,RH25 Donation Form - Other Amount,136183,2025-10-01,940,135482,2025-12-23,CF25,254,Delete
52156,Norman Linzer,3HE72vxO5y8e97EB7jH2,100.00,2025-10-01,Subscription for norman linzer,133353,2025-10-01,None,132736,2025-12-01,None,,Delete
52156,Norman Linzer,3HE72vxO5y8e97EB7jH2,100.00,2025-10-01,Subscription for norman linzer,133353,2025-10-01,None,132847,2025-11-01,None,,Delete
52156,Norman Linzer,3HE72vxO5y8e97EB7jH2,100.00,2025-10-01,Subscription for norman linzer,133353,2025-10-01,None,133652,2025-09-01,None,,Delete
52156,Norman Linzer,3HE72vxO5y8e97EB7jH2,100.00,2025-10-01,Subscription for norman linzer,133353,2025-10-01,None,133831,2025-08-01,None,,Delete
52156,Norman Linzer,3HE72vxO5y8e97EB7jH2,100.00,2025-10-01,Subscription for norman linzer,133353,2025-10-01,None,134047,2025-06-13,None,,Delete
52156,Norman Linzer,3HE72vxO5y8e97EB7jH2,100.00,2025-10-01,Subscription for norman linzer,133353,2025-10-01,None,134163,2025-05-14,None,,Delete
52156,Norman Linzer,3HE72vxO5y8e97EB7jH2,100.00,2025-10-01,Subscription for norman linzer,133353,2025-10-01,None,134559,2025-04-14,None,,Delete
52156,Norman Linzer,3HE72vxO5y8e97EB7jH2,100.00,2025-10-01,Subscription for norman linzer,133353,2025-10-01,None,134801,2025-03-13,None,,Delete
32442,Dr. & Mrs. Ezra Trachtenberg,RsNlGBIm90l5ZsXOp6cy,18.00,2025-10-01,New Invoice,136186,2025-10-01,946,101512,2025-09-28,RH25,475,Delete
33664,Mr. & Mrs. Benjamin Goodman,UV5KImsQi46lCa2doC8i,180.00,2025-10-01,New Invoice,136188,2025-10-01,946,101516,2025-09-28,RH25,475,Delete
27270,Dr. Simon Friedman,EXPGWeU1OWnuhRAdejsF,36.00,2025-10-01,New Invoice,133362,2025-10-01,None,101517,2025-09-28,RH25,475,Transfer campaign then delete
29708,Jeanne Warman,KwWCMQiLZCpoi4noWQ7q,50.00,2025-10-01,New Invoice,133364,2025-10-01,None,54442,2025-04-02,None,,Delete
29708,Jeanne Warman,KwWCMQiLZCpoi4noWQ7q,50.00,2025-10-01,New Invoice,133364,2025-10-01,None,101519,2025-09-28,RH25,475,Transfer campaign then delete
29708,Jeanne Warman,KwWCMQiLZCpoi4noWQ7q,50.00,2025-10-01,New Invoice,133364,2025-10-01,None,134612,2025-04-10,None,,Delete
24351,Rabbi Nochem Kaplan,5Hu3nVathD2teCoM8C73,18.00,2025-09-30,New Invoice,133367,2025-09-30,None,135866,2025-12-26,CH25,855,Transfer campaign then delete
27221,Howard Weisman,EumzNaheFWZTT57NnCUI,18.00,2025-09-30,New Invoice,136191,2025-09-30,946,135843,2025-12-26,CH25,855,Delete
33969,Joseph Rosenfeld,VO59AMOkFyGQIm4XVYFD,10.00,2025-09-30,New Invoice,133377,2025-09-30,None,81551,2025-04-02,None,,Delete
33969,Joseph Rosenfeld,VO59AMOkFyGQIm4XVYFD,10.00,2025-09-30,New Invoice,133377,2025-09-30,None,135953,2025-12-29,CH25,855,Transfer campaign then delete
33969,Joseph Rosenfeld,VO59AMOkFyGQIm4XVYFD,10.00,2025-09-30,New Invoice,133377,2025-09-30,None,134585,2025-04-10,None,,Delete
31090,Mr. & Mrs. Samuel Lercher,oGHprvFYWcmuWp5jHBLu,5.00,2025-09-30,New Invoice,133388,2025-09-30,None,100405,2025-04-07,Maos Chitim 2025,470,Transfer campaign then delete
31090,Mr. & Mrs. Samuel Lercher,oGHprvFYWcmuWp5jHBLu,5.00,2025-09-30,New Invoice,133388,2025-09-30,None,134408,2025-04-15,None,,Delete
26993,Mr. & Mrs. Samuel Berger,eBJCetghPQH56N5iOqyK,10.00,2025-09-30,New Invoice,133389,2025-09-30,None,100594,2025-04-02,Maos Chitim 2025,470,Transfer campaign then delete
26993,Mr. & Mrs. Samuel Berger,eBJCetghPQH56N5iOqyK,10.00,2025-09-30,New Invoice,133389,2025-09-30,None,134608,2025-04-10,None,,Delete
32655,Mr. & Mrs. Lee Lasher,Sd5glAzXN4DWw6RXuCT9,72.00,2025-09-30,New Invoice,133391,2025-09-30,None,100461,2025-04-07,Maos Chitim 2025,470,Transfer campaign then delete
32655,Mr. & Mrs. Lee Lasher,Sd5glAzXN4DWw6RXuCT9,72.00,2025-09-30,New Invoice,133391,2025-09-30,None,134462,2025-04-14,None,,Delete
23237,Mirel Frank,07QCWJV4T5MU2EbTyP0g,18.00,2025-09-30,New Invoice,133395,2025-09-30,None,13741,2025-05-01,None,,Delete
23237,Mirel Frank,07QCWJV4T5MU2EbTyP0g,18.00,2025-09-30,New Invoice,133395,2025-09-30,None,13742,2025-01-12,None,,Delete
23237,Mirel Frank,07QCWJV4T5MU2EbTyP0g,18.00,2025-09-30,New Invoice,133395,2025-09-30,None,134233,2025-05-05,None,,Delete
29022,Herbert Friedman,JCbXx6tgKzvcZxnAFAD1,36.00,2025-09-30,New Invoice,133409,2025-09-30,None,49764,2025-04-07,None,,Delete
29022,Herbert Friedman,JCbXx6tgKzvcZxnAFAD1,36.00,2025-09-30,New Invoice,133409,2025-09-30,None,136367,2025-04-15,New Invoice,946,Transfer campaign then delete
39563,E. Robert Vegh,VdQg0tqydrdn9gBo2sZF,100.00,2025-09-30,New Invoice,136193,2025-09-30,946,134577,2025-04-10,RH25,475,Delete
34896,Leonard Glass,XzWOJni1kAjTb8htWRmt,18000.00,2025-09-30,New Invoice,133417,2025-09-30,None,133990,2025-06-23,None,,Delete
32710,Mr. & Mrs. Daniel Gibber,Shl5Kdrd2EkGZAzTjZb7,5000.00,2025-09-30,New Invoice,136195,2025-09-30,946,99390,2025-09-25,Bergen25,458,Delete
32288,Mr. & Mrs. David Kahn,RfdRA3wA6Sc8wjzVjrlU,360.00,2025-09-30,New Invoice,136196,2025-09-30,946,99374,2025-09-24,Bergen25,458,Delete
32708,Benjamin Veit,sh99WZsZyEzoTapSyRQz,100.00,2025-09-30,New Invoice,136198,2025-09-30,946,101552,2025-09-24,RH25,475,Delete
34953,Paul Willig,yaQmbTBIjD84zXcXHkd8,75.00,2025-09-30,New Invoice,133423,2025-09-30,None,101553,2025-09-23,RH25,475,Transfer campaign then delete
25235,Dr. & Mrs. Sidney Plawes,9pLHeEfuZ4hL92gRO3eA,50.00,2025-09-30,New Invoice,133425,2025-09-30,None,101554,2025-09-23,RH25,475,Transfer campaign then delete
31182,Mr. & Mrs. Charles Popper,ON5aY86lmL8WoNyqBRp2,50.00,2025-09-30,New Invoice,136200,2025-09-30,946,100606,2025-04-02,Maos Chitim 2025,470,Delete
31182,Mr. & Mrs. Charles Popper,ON5aY86lmL8WoNyqBRp2,50.00,2025-09-30,New Invoice,136200,2025-09-30,946,101555,2025-09-23,RH25,475,Delete
31182,Mr. & Mrs. Charles Popper,ON5aY86lmL8WoNyqBRp2,50.00,2025-09-30,New Invoice,136200,2025-09-30,946,136451,2025-04-09,New Invoice,946,Delete
32137,Mr. & Mrs. Jacob Kraitenberger,QYIAxz1xlYt3j5wpflZD,180.00,2025-09-30,New Invoice,105140,2025-09-29,None,101556,2025-09-23,RH25,475,Transfer campaign then delete
26907,Mr. & Mrs. Elliot Steigman,dzrVvQFQm3jwvjSGv6to,1.00,2025-09-30,New Invoice,133428,2025-09-30,None,99371,2025-09-23,Bergen25,458,Transfer campaign then delete
32392,Mr. & Mrs. Joseph Morris,Rod2nn9MEiAH5TeY3UYw,200.00,2025-09-30,New Invoice,133429,2025-09-30,None,101557,2025-09-23,RH25,475,Transfer campaign then delete
33256,Stuart Panish,TuuBEgHIHOus9eIOhIH5,200.00,2025-09-30,New Invoice,133430,2025-09-30,None,101558,2025-09-23,RH25,475,Transfer campaign then delete
33067,Dr. & Mrs. Ira Steinmetz,teAtB98qSM9aLB7lQm0K,1100.00,2025-09-30,New Invoice,136201,2025-09-30,946,101559,2025-09-23,RH25,475,Delete
52855,Israel jack Atkin,pci6GL2V6sJ718hgms3H,18.00,2025-09-30,New Invoice,136202,2025-09-30,946,136008,2025-11-05,New Invoice,946,Delete
24710,Evan Krisch,n7rlU8Wfy3x2upQZAA3i,150.00,2025-09-30,New Invoice,133433,2025-09-30,None,22837,2025-04-20,None,,Delete
24710,Evan Krisch,n7rlU8Wfy3x2upQZAA3i,150.00,2025-09-30,New Invoice,133433,2025-09-30,None,22839,2025-02-24,None,,Delete
24710,Evan Krisch,n7rlU8Wfy3x2upQZAA3i,150.00,2025-09-30,New Invoice,133433,2025-09-30,None,22840,2025-01-16,None,,Delete
24710,Evan Krisch,n7rlU8Wfy3x2upQZAA3i,150.00,2025-09-30,New Invoice,133433,2025-09-30,None,100643,2025-09-23,Recurring,472,Transfer campaign then delete
24710,Evan Krisch,n7rlU8Wfy3x2upQZAA3i,150.00,2025-09-30,New Invoice,133433,2025-09-30,None,100663,2025-09-04,Recurring,472,Transfer campaign then delete
24710,Evan Krisch,n7rlU8Wfy3x2upQZAA3i,150.00,2025-09-30,New Invoice,133433,2025-09-30,None,100686,2025-07-29,Recurring,472,Transfer campaign then delete
24710,Evan Krisch,n7rlU8Wfy3x2upQZAA3i,150.00,2025-09-30,New Invoice,133433,2025-09-30,None,135882,2025-12-26,CH25,855,Delete
24710,Evan Krisch,n7rlU8Wfy3x2upQZAA3i,150.00,2025-09-30,New Invoice,133433,2025-09-30,None,132671,2025-12-03,None,,Delete
24710,Evan Krisch,n7rlU8Wfy3x2upQZAA3i,150.00,2025-09-30,New Invoice,133433,2025-09-30,None,132896,2025-10-23,None,,Delete
24710,Evan Krisch,n7rlU8Wfy3x2upQZAA3i,150.00,2025-09-30,New Invoice,133433,2025-09-30,None,133636,2025-09-09,None,,Delete
24710,Evan Krisch,n7rlU8Wfy3x2upQZAA3i,150.00,2025-09-30,New Invoice,133433,2025-09-30,None,133739,2025-08-12,None,,Delete
24710,Evan Krisch,n7rlU8Wfy3x2upQZAA3i,150.00,2025-09-30,New Invoice,133433,2025-09-30,None,134122,2025-05-23,None,,Delete
24710,Evan Krisch,n7rlU8Wfy3x2upQZAA3i,150.00,2025-09-30,New Invoice,133433,2025-09-30,None,134311,2025-04-25,None,,Delete
24710,Evan Krisch,n7rlU8Wfy3x2upQZAA3i,150.00,2025-09-30,New Invoice,133433,2025-09-30,None,134734,2025-03-26,None,,Delete
24710,Evan Krisch,n7rlU8Wfy3x2upQZAA3i,150.00,2025-09-30,New Invoice,133433,2025-09-30,None,134864,2025-03-04,None,,Delete
24710,Evan Krisch,n7rlU8Wfy3x2upQZAA3i,150.00,2025-09-30,New Invoice,133433,2025-09-30,None,136289,2025-07-02,New Invoice,946,Delete
30500,Mr. & Mrs. Howard Grossman,mWML2G132gxvRYTXBDEa,500.00,2025-09-30,New Invoice,136203,2025-09-30,946,101563,2025-09-23,RH25,475,Delete
28396,Rabbi & Mrs. Henry Gewirtz,HQrEmEIJRxI1I2CNBUse,10.00,2025-09-30,New Invoice,136204,2025-09-30,946,101184,2025-09-23,RH25,475,Delete
32608,Mr. & Mrs. Jesse Frommer,S7vQkYwdF7Q2pfWDQNwY,100.00,2025-09-30,New Invoice,133438,2025-09-30,None,101565,2025-09-23,RH25,475,Transfer campaign then delete
29874,Marlene Mordowitz,LEtYLadL0lSkyL15MXOX,100.00,2025-09-30,New Invoice,133440,2025-09-30,None,101567,2025-09-23,RH25,475,Transfer campaign then delete
27538,Mr. & Mrs. Charles Goldfarb,FLrNWhH2Q4EoyMx1VcoO,18.00,2025-09-30,New Invoice,136207,2025-09-30,946,101569,2025-09-23,RH25,475,Delete
35629,Martin Friederwitzer,ZZteeedvfcCLbT6MBLuU,180.00,2025-09-30,New Invoice,133443,2025-09-30,None,101570,2025-09-23,RH25,475,Transfer campaign then delete
35629,Martin Friederwitzer,ZZteeedvfcCLbT6MBLuU,180.00,2025-09-30,New Invoice,133443,2025-09-30,None,134342,2025-04-15,None,,Delete
28194,Dr. & Mrs. Arnold Schonfeld,haNNrynJZKLUOOrMmidY,50.00,2025-09-30,New Invoice,136208,2025-09-30,946,101571,2025-09-23,RH25,475,Delete
32124,Mr. Eli Weissmann,Qxlgj7v5aiQ7pXqUBIK3,360.00,2025-09-30,New Invoice,136209,2025-09-30,946,101572,2025-09-23,RH25,475,Delete
32921,Pastor Terry Kirk,SXP6RWGBFTGKwIsNWdWg,2500.00,2025-09-29,New Invoice,133447,2025-09-29,None,99476,2025-06-25,CF25,254,Transfer campaign then delete
32921,Pastor Terry Kirk,SXP6RWGBFTGKwIsNWdWg,2500.00,2025-09-29,New Invoice,133447,2025-09-29,None,101573,2025-09-23,RH25,475,Delete
32921,Pastor Terry Kirk,SXP6RWGBFTGKwIsNWdWg,2500.00,2025-09-29,New Invoice,133447,2025-09-29,None,101576,2025-09-14,RH25,475,Delete
32921,Pastor Terry Kirk,SXP6RWGBFTGKwIsNWdWg,2500.00,2025-09-29,New Invoice,133447,2025-09-29,None,132727,2025-12-01,None,,Delete
32921,Pastor Terry Kirk,SXP6RWGBFTGKwIsNWdWg,2500.00,2025-09-29,New Invoice,133447,2025-09-29,None,133590,2025-09-17,None,,Delete
32921,Pastor Terry Kirk,SXP6RWGBFTGKwIsNWdWg,2500.00,2025-09-29,New Invoice,133447,2025-09-29,None,133963,2025-07-02,None,,Delete
23910,Mr. & Mrs. Robert Marx,3ggE5QXY65fXmDIkHQBw,1000.00,2025-09-29,New Invoice,133448,2025-09-29,None,101611,2025-09-22,RMKSPL25,477,Transfer campaign then delete
30246,Larry Latham,MCJdMJdeM93ygP2IgvcR,218.00,2025-09-29,New Invoice,133450,2025-09-29,None,57476,2025-05-20,None,,Delete
30246,Larry Latham,MCJdMJdeM93ygP2IgvcR,218.00,2025-09-29,New Invoice,133450,2025-09-29,None,57479,2025-01-17,None,,Delete
30246,Larry Latham,MCJdMJdeM93ygP2IgvcR,218.00,2025-09-29,New Invoice,133450,2025-09-29,None,100644,2025-09-21,Recurring,472,Transfer campaign then delete
30246,Larry Latham,MCJdMJdeM93ygP2IgvcR,218.00,2025-09-29,New Invoice,133450,2025-09-29,None,100665,2025-08-19,Recurring,472,Transfer campaign then delete
30246,Larry Latham,MCJdMJdeM93ygP2IgvcR,218.00,2025-09-29,New Invoice,133450,2025-09-29,None,100696,2025-07-21,Recurring,472,Transfer campaign then delete
30246,Larry Latham,MCJdMJdeM93ygP2IgvcR,218.00,2025-09-29,New Invoice,133450,2025-09-29,None,135929,2025-12-29,Monthly,854,Delete
30246,Larry Latham,MCJdMJdeM93ygP2IgvcR,218.00,2025-09-29,New Invoice,133450,2025-09-29,None,132525,2025-11-19,ID 736,736,Delete
30246,Larry Latham,MCJdMJdeM93ygP2IgvcR,218.00,2025-09-29,New Invoice,133450,2025-09-29,None,132738,2025-11-26,None,,Delete
30246,Larry Latham,MCJdMJdeM93ygP2IgvcR,218.00,2025-09-29,New Invoice,133450,2025-09-29,None,132891,2025-10-23,None,,Delete
30246,Larry Latham,MCJdMJdeM93ygP2IgvcR,218.00,2025-09-29,New Invoice,133450,2025-09-29,None,133657,2025-08-25,None,,Delete
30246,Larry Latham,MCJdMJdeM93ygP2IgvcR,218.00,2025-09-29,New Invoice,133450,2025-09-29,None,133875,2025-07-24,None,,Delete
30246,Larry Latham,MCJdMJdeM93ygP2IgvcR,218.00,2025-09-29,New Invoice,133450,2025-09-29,None,133991,2025-06-23,None,,Delete
30246,Larry Latham,MCJdMJdeM93ygP2IgvcR,218.00,2025-09-29,New Invoice,133450,2025-09-29,None,134125,2025-05-23,None,,Delete
30246,Larry Latham,MCJdMJdeM93ygP2IgvcR,218.00,2025-09-29,New Invoice,133450,2025-09-29,None,134291,2025-04-25,None,,Delete
30246,Larry Latham,MCJdMJdeM93ygP2IgvcR,218.00,2025-09-29,New Invoice,133450,2025-09-29,None,134756,2025-03-21,None,,Delete
25329,Dr. & Mrs. Howard Goldschmidt,A2U5yxZ2Oukc6SB1jtjb,500.00,2025-09-29,New Invoice,136211,2025-09-29,946,99394,2025-09-18,Bergen25,458,Delete
33094,Mr. & Mrs. Leonard Grunstein,TFYweCMertSAK0lcz9ZX,360.00,2025-09-29,New Invoice,133452,2025-09-29,None,99395,2025-09-18,Bergen25,458,Transfer campaign then delete
34523,Mr. & Mrs. Mark Silber,X2Gfh4aI7c2Yow7yN0B7,360.00,2025-09-29,New Invoice,133454,2025-09-29,None,99396,2025-09-18,Bergen25,458,Transfer campaign then delete
31002,Mr. & Mrs. Aaron Kinderlehrer,o6E47vrHgL1pYARhQeDZ,1800.00,2025-09-29,New Invoice,136212,2025-09-29,946,99397,2025-09-18,Bergen25,458,Delete
29940,Mr. & Mrs. Joseph Mandel,ljksqPdhFStb63tN9toh,250.00,2025-09-29,New Invoice,133456,2025-09-29,None,99398,2025-09-18,Bergen25,458,Transfer campaign then delete
24543,Philip Kazlow,6F8li2ijC7g7SLoBkej9,1000.00,2025-09-29,New Invoice,133457,2025-09-29,None,21741,2025-06-19,None,,Delete
24543,Philip Kazlow,6F8li2ijC7g7SLoBkej9,1000.00,2025-09-29,New Invoice,133457,2025-09-29,None,21742,2025-04-23,None,,Delete
24543,Philip Kazlow,6F8li2ijC7g7SLoBkej9,1000.00,2025-09-29,New Invoice,133457,2025-09-29,None,99375,2025-09-18,Bergen25,458,Transfer campaign then delete
24543,Philip Kazlow,6F8li2ijC7g7SLoBkej9,1000.00,2025-09-29,New Invoice,133457,2025-09-29,None,101201,2025-10-02,RH25,475,Delete
24543,Philip Kazlow,6F8li2ijC7g7SLoBkej9,1000.00,2025-09-29,New Invoice,133457,2025-09-29,None,132677,2025-12-03,None,,Delete
24543,Philip Kazlow,6F8li2ijC7g7SLoBkej9,1000.00,2025-09-29,New Invoice,133457,2025-09-29,None,133104,2025-10-17,None,,Delete
24543,Philip Kazlow,6F8li2ijC7g7SLoBkej9,1000.00,2025-09-29,New Invoice,133457,2025-09-29,None,133995,2025-06-23,None,,Delete
24543,Philip Kazlow,6F8li2ijC7g7SLoBkej9,1000.00,2025-09-29,New Invoice,133457,2025-09-29,None,134274,2025-04-28,None,,Delete
32040,Aryeh Z Morris,qR0ry39RxaRewO2isxOU,100.00,2025-09-29,New Invoice,133458,2025-09-29,None,99399,2025-09-18,Bergen25,458,Transfer campaign then delete
39312,Abe Shuster,XKOinrXF6V8lj0KTFbvq,1800.00,2025-09-29,New Invoice,136213,2025-09-29,946,101816,2025-09-18,BK25,460,Delete
26673,Mr. & Mrs. Jack Forgash,dgIrhchqM0GZE75aMZ2B,5000.00,2025-09-29,New Invoice,136214,2025-09-29,946,99400,2025-09-18,Bergen25,458,Delete
34309,Haroon Saghian,wKf09abxjQJwGLfkA2rg,260.00,2025-09-29,New Invoice,136215,2025-09-29,946,83510,2025-06-17,None,,Delete
34309,Haroon Saghian,wKf09abxjQJwGLfkA2rg,260.00,2025-09-29,New Invoice,136215,2025-09-29,946,83512,2025-03-17,None,,Delete
34309,Haroon Saghian,wKf09abxjQJwGLfkA2rg,260.00,2025-09-29,New Invoice,136215,2025-09-29,946,83513,2025-01-15,None,,Delete
34309,Haroon Saghian,wKf09abxjQJwGLfkA2rg,260.00,2025-09-29,New Invoice,136215,2025-09-29,946,136243,2025-08-25,New Invoice,946,Delete
34309,Haroon Saghian,wKf09abxjQJwGLfkA2rg,260.00,2025-09-29,New Invoice,136215,2025-09-29,946,100628,2025-10-15,Recurring,472,Delete
34309,Haroon Saghian,wKf09abxjQJwGLfkA2rg,260.00,2025-09-29,New Invoice,136215,2025-09-29,946,100646,2025-09-16,Recurring,472,Delete
34309,Haroon Saghian,wKf09abxjQJwGLfkA2rg,260.00,2025-09-29,New Invoice,136215,2025-09-29,946,100668,2025-08-17,Recurring,472,Delete
34309,Haroon Saghian,wKf09abxjQJwGLfkA2rg,260.00,2025-09-29,New Invoice,136215,2025-09-29,946,135994,2025-11-26,New Invoice,946,Delete
34309,Haroon Saghian,wKf09abxjQJwGLfkA2rg,260.00,2025-09-29,New Invoice,136215,2025-09-29,946,136030,2025-10-20,New Invoice,946,Delete
34309,Haroon Saghian,wKf09abxjQJwGLfkA2rg,260.00,2025-09-29,New Invoice,136215,2025-09-29,946,132515,2025-11-17,ID 736,736,Delete
34309,Haroon Saghian,wKf09abxjQJwGLfkA2rg,260.00,2025-09-29,New Invoice,136215,2025-09-29,946,133881,2025-07-24,None,,Delete
34309,Haroon Saghian,wKf09abxjQJwGLfkA2rg,260.00,2025-09-29,New Invoice,136215,2025-09-29,946,134141,2025-05-20,None,,Delete
34309,Haroon Saghian,wKf09abxjQJwGLfkA2rg,260.00,2025-09-29,New Invoice,136215,2025-09-29,946,135908,2025-12-29,Monthly,854,Delete
34309,Haroon Saghian,wKf09abxjQJwGLfkA2rg,260.00,2025-09-29,New Invoice,136215,2025-09-29,946,136292,2025-06-23,New Invoice,946,Delete
34309,Haroon Saghian,wKf09abxjQJwGLfkA2rg,260.00,2025-09-29,New Invoice,136215,2025-09-29,946,136471,2025-03-21,New Invoice,946,Delete
28287,Mr. & Mrs. Mark Gruenbaum,HIYBTP5HGE9kGW8wpNxI,500.00,2025-09-29,New Invoice,133470,2025-09-29,None,99402,2025-09-16,Bergen25,458,Transfer campaign then delete
25771,Dr. & Mrs. Aaron Tokayer,b9D7XPz3FZ81Pp89ycwn,1000.00,2025-09-29,New Invoice,136218,2025-09-29,946,99404,2025-09-16,Bergen25,458,Delete
24244,Mari Hourwitz,4V1cAXQQMAaCBHS9TdQh,100.00,2025-09-29,New Invoice,133473,2025-09-29,None,99405,2025-09-16,bergen25,459,Transfer campaign then delete
26150,anonymous Donation,c5r02FQw2lCHdh1uuLgU,100.00,2025-09-29,New Invoice,133474,2025-09-29,None,99406,2025-09-16,Bergen25,458,Transfer campaign then delete
26150,anonymous Donation,c5r02FQw2lCHdh1uuLgU,100.00,2025-09-29,New Invoice,133474,2025-09-29,None,133277,2025-10-05,None,,Delete
52543,Unknown,rRmoMoutT2gyvqZvn3tn,72.00,2025-09-26,New General Donation form,136220,2025-09-26,943,135977,2025-12-02,Giving Tuesday,858,Delete
52894,Dvora Rosenthal,VRm91dERGQMrd7df7lLx,10.00,2025-09-19,General Donation form With Recurring Donations and Manual Donations,136224,2025-09-19,942,136466,2025-03-26,Thanksgiving,949,Delete
24673,Robert Neuman,6yw7NqQmSgLMKqvtDBEz,300.00,2025-09-17,New Invoice,133589,2025-09-17,None,101613,2025-09-14,RMKSPL25,477,Transfer campaign then delete
24673,Robert Neuman,6yw7NqQmSgLMKqvtDBEz,300.00,2025-09-17,New Invoice,133589,2025-09-17,None,101614,2025-09-04,RMKSPL25,477,Transfer campaign then delete
24673,Robert Neuman,6yw7NqQmSgLMKqvtDBEz,300.00,2025-09-17,New Invoice,133589,2025-09-17,None,101619,2025-07-17,RMKSPL25,477,Transfer campaign then delete
24673,Robert Neuman,6yw7NqQmSgLMKqvtDBEz,300.00,2025-09-17,New Invoice,133589,2025-09-17,None,101622,2025-06-23,RMKSPL25,477,Transfer campaign then delete
24673,Robert Neuman,6yw7NqQmSgLMKqvtDBEz,300.00,2025-09-17,New Invoice,133589,2025-09-17,None,132728,2025-12-01,None,,Delete
24673,Robert Neuman,6yw7NqQmSgLMKqvtDBEz,300.00,2025-09-17,New Invoice,133589,2025-09-17,None,133635,2025-09-09,None,,Delete
24673,Robert Neuman,6yw7NqQmSgLMKqvtDBEz,300.00,2025-09-17,New Invoice,133589,2025-09-17,None,133819,2025-08-05,None,,Delete
24673,Robert Neuman,6yw7NqQmSgLMKqvtDBEz,300.00,2025-09-17,New Invoice,133589,2025-09-17,None,133965,2025-07-02,None,,Delete
24673,Robert Neuman,6yw7NqQmSgLMKqvtDBEz,300.00,2025-09-17,New Invoice,133589,2025-09-17,None,134113,2025-05-23,None,,Delete
32921,Pastor Terry Kirk,SXP6RWGBFTGKwIsNWdWg,2500.00,2025-09-17,New Invoice,133590,2025-09-17,None,99476,2025-06-25,CF25,254,Transfer campaign then delete
32921,Pastor Terry Kirk,SXP6RWGBFTGKwIsNWdWg,2500.00,2025-09-17,New Invoice,133590,2025-09-17,None,101573,2025-09-23,RH25,475,Delete
32921,Pastor Terry Kirk,SXP6RWGBFTGKwIsNWdWg,2500.00,2025-09-17,New Invoice,133590,2025-09-17,None,101576,2025-09-14,RH25,475,Delete
32921,Pastor Terry Kirk,SXP6RWGBFTGKwIsNWdWg,2500.00,2025-09-17,New Invoice,133590,2025-09-17,None,132727,2025-12-01,None,,Delete
32921,Pastor Terry Kirk,SXP6RWGBFTGKwIsNWdWg,2500.00,2025-09-17,New Invoice,133590,2025-09-17,None,133447,2025-09-29,None,,Delete
32921,Pastor Terry Kirk,SXP6RWGBFTGKwIsNWdWg,2500.00,2025-09-17,New Invoice,133590,2025-09-17,None,133963,2025-07-02,None,,Delete
28841,Mr. & Mrs. Moses Benjamin,ITSUZY5OODfCLcgM7Rlg,100.00,2025-09-17,New Invoice,133592,2025-09-17,None,101577,2025-09-14,RH25,475,Transfer campaign then delete
32736,Mr. & Mrs. Joseph Silberberg,Sjw7E9EgMCExC5mORkHp,36.00,2025-09-17,New Invoice,133593,2025-09-17,None,101578,2025-09-14,RH25,475,Transfer campaign then delete
34354,Ms. Marcia Dachs,WoA6kX8hhT1UAbyAkUix,2000.00,2025-09-17,New Invoice,133594,2025-09-17,None,101579,2025-09-14,RH25,475,Transfer campaign then delete
28006,Steven Trenk,GRsguwaXgXvCehGOWRa2,25.00,2025-09-17,New Invoice,133598,2025-09-17,None,43112,2025-06-08,None,,Delete
28006,Steven Trenk,GRsguwaXgXvCehGOWRa2,25.00,2025-09-17,New Invoice,133598,2025-09-17,None,43115,2025-03-09,None,,Delete
28006,Steven Trenk,GRsguwaXgXvCehGOWRa2,25.00,2025-09-17,New Invoice,133598,2025-09-17,None,43116,2025-02-06,None,,Delete
28006,Steven Trenk,GRsguwaXgXvCehGOWRa2,25.00,2025-09-17,New Invoice,133598,2025-09-17,None,43117,2025-01-02,None,,Delete
28006,Steven Trenk,GRsguwaXgXvCehGOWRa2,25.00,2025-09-17,New Invoice,133598,2025-09-17,None,100527,2025-04-07,Maos Chitim 2025,470,Transfer campaign then delete
28006,Steven Trenk,GRsguwaXgXvCehGOWRa2,25.00,2025-09-17,New Invoice,133598,2025-09-17,None,100612,2025-11-06,Recurring,472,Delete
28006,Steven Trenk,GRsguwaXgXvCehGOWRa2,25.00,2025-09-17,New Invoice,133598,2025-09-17,None,100631,2025-10-15,Recurring,472,Delete
28006,Steven Trenk,GRsguwaXgXvCehGOWRa2,25.00,2025-09-17,New Invoice,133598,2025-09-17,None,100650,2025-09-09,Recurring,472,Delete
28006,Steven Trenk,GRsguwaXgXvCehGOWRa2,25.00,2025-09-17,New Invoice,133598,2025-09-17,None,100682,2025-08-07,Recurring,472,Delete
28006,Steven Trenk,GRsguwaXgXvCehGOWRa2,25.00,2025-09-17,New Invoice,133598,2025-09-17,None,100690,2025-07-08,Recurring,472,Delete
28006,Steven Trenk,GRsguwaXgXvCehGOWRa2,25.00,2025-09-17,New Invoice,133598,2025-09-17,None,132566,2025-12-11,Monthly,854,Delete
28006,Steven Trenk,GRsguwaXgXvCehGOWRa2,25.00,2025-09-17,New Invoice,133598,2025-09-17,None,132796,2025-11-10,None,,Delete
28006,Steven Trenk,GRsguwaXgXvCehGOWRa2,25.00,2025-09-17,New Invoice,133598,2025-09-17,None,132939,2025-10-20,None,,Delete
28006,Steven Trenk,GRsguwaXgXvCehGOWRa2,25.00,2025-09-17,New Invoice,133598,2025-09-17,None,133721,2025-08-12,None,,Delete
28006,Steven Trenk,GRsguwaXgXvCehGOWRa2,25.00,2025-09-17,New Invoice,133598,2025-09-17,None,133865,2025-07-24,None,,Delete
28006,Steven Trenk,GRsguwaXgXvCehGOWRa2,25.00,2025-09-17,New Invoice,133598,2025-09-17,None,134055,2025-06-13,None,,Delete
28006,Steven Trenk,GRsguwaXgXvCehGOWRa2,25.00,2025-09-17,New Invoice,133598,2025-09-17,None,134158,2025-05-14,None,,Delete
28006,Steven Trenk,GRsguwaXgXvCehGOWRa2,25.00,2025-09-17,New Invoice,133598,2025-09-17,None,134529,2025-04-14,None,,Delete
28006,Steven Trenk,GRsguwaXgXvCehGOWRa2,25.00,2025-09-17,New Invoice,133598,2025-09-17,None,134818,2025-03-12,None,,Delete
29340,Israel Sherman,k0wBxznsW2sNraVY4Uru,200.00,2025-09-17,New Invoice,133599,2025-09-17,None,51774,2025-06-10,None,,Delete
29340,Israel Sherman,k0wBxznsW2sNraVY4Uru,200.00,2025-09-17,New Invoice,133599,2025-09-17,None,51776,2025-04-07,None,,Delete
29340,Israel Sherman,k0wBxznsW2sNraVY4Uru,200.00,2025-09-17,New Invoice,133599,2025-09-17,None,51779,2025-01-13,None,,Delete
29340,Israel Sherman,k0wBxznsW2sNraVY4Uru,200.00,2025-09-17,New Invoice,133599,2025-09-17,None,100611,2025-11-06,Recurring,472,Transfer campaign then delete
29340,Israel Sherman,k0wBxznsW2sNraVY4Uru,200.00,2025-09-17,New Invoice,133599,2025-09-17,None,100632,2025-10-15,Recurring,472,Transfer campaign then delete
29340,Israel Sherman,k0wBxznsW2sNraVY4Uru,200.00,2025-09-17,New Invoice,133599,2025-09-17,None,100651,2025-09-09,Recurring,472,Transfer campaign then delete
29340,Israel Sherman,k0wBxznsW2sNraVY4Uru,200.00,2025-09-17,New Invoice,133599,2025-09-17,None,100683,2025-08-07,Recurring,472,Transfer campaign then delete
29340,Israel Sherman,k0wBxznsW2sNraVY4Uru,200.00,2025-09-17,New Invoice,133599,2025-09-17,None,100691,2025-07-08,Recurring,472,Transfer campaign then delete
29340,Israel Sherman,k0wBxznsW2sNraVY4Uru,200.00,2025-09-17,New Invoice,133599,2025-09-17,None,132650,2025-12-09,None,,Delete
29340,Israel Sherman,k0wBxznsW2sNraVY4Uru,200.00,2025-09-17,New Invoice,133599,2025-09-17,None,132795,2025-11-10,None,,Delete
29340,Israel Sherman,k0wBxznsW2sNraVY4Uru,200.00,2025-09-17,New Invoice,133599,2025-09-17,None,132941,2025-10-20,None,,Delete
29340,Israel Sherman,k0wBxznsW2sNraVY4Uru,200.00,2025-09-17,New Invoice,133599,2025-09-17,None,133722,2025-08-12,None,,Delete
29340,Israel Sherman,k0wBxznsW2sNraVY4Uru,200.00,2025-09-17,New Invoice,133599,2025-09-17,None,133868,2025-07-24,None,,Delete
29340,Israel Sherman,k0wBxznsW2sNraVY4Uru,200.00,2025-09-17,New Invoice,133599,2025-09-17,None,134040,2025-06-13,None,,Delete
29340,Israel Sherman,k0wBxznsW2sNraVY4Uru,200.00,2025-09-17,New Invoice,133599,2025-09-17,None,134192,2025-05-06,None,,Delete
29340,Israel Sherman,k0wBxznsW2sNraVY4Uru,200.00,2025-09-17,New Invoice,133599,2025-09-17,None,134403,2025-04-15,None,,Delete
29340,Israel Sherman,k0wBxznsW2sNraVY4Uru,200.00,2025-09-17,New Invoice,133599,2025-09-17,None,134799,2025-03-13,None,,Delete
34416,Daniel Sheinbein,WsQhJlqQafZcWG7lKvlx,50.00,2025-09-17,New Invoice,136232,2025-09-17,946,101581,2025-09-09,RH25,475,Delete
23880,Linda Simmons,3d3YyaB8hmqZUBuDtC5E,25000.00,2025-09-17,New Invoice,133603,2025-09-17,None,100610,2025-09-11,MK25,471,Transfer campaign then delete
39568,Ralph Harary,NR3wlAOdmlT1A6oIrnRq,1800.00,2025-09-17,New Invoice,133604,2025-09-17,None,103982,2025-09-04,RH25,475,Transfer campaign then delete
27784,Rebekah Langer,gAn2MyUYQMxWHTSiIvlE,250.00,2025-09-09,New Invoice,133631,2025-09-09,None,99495,2025-09-04,Chanukat Habayit,229,Transfer campaign then delete
39316,Marc Chemtob,dzn9if8lUXrwXx5MBuUn,1000.00,2025-09-09,New Invoice,133632,2025-09-09,None,101896,2025-09-04,Chanukat Habayit,229,Transfer campaign then delete
32082,Dr. & Mrs. Charles Bacall,QUMy5tbGZ3uF9aKxaBAj,500.00,2025-09-09,New Invoice,136236,2025-09-09,946,99408,2025-09-04,Bergen25,458,Delete
24673,Robert Neuman,6yw7NqQmSgLMKqvtDBEz,300.00,2025-09-09,New Invoice,133635,2025-09-09,None,101613,2025-09-14,RMKSPL25,477,Transfer campaign then delete
24673,Robert Neuman,6yw7NqQmSgLMKqvtDBEz,300.00,2025-09-09,New Invoice,133635,2025-09-09,None,101614,2025-09-04,RMKSPL25,477,Transfer campaign then delete
24673,Robert Neuman,6yw7NqQmSgLMKqvtDBEz,300.00,2025-09-09,New Invoice,133635,2025-09-09,None,101619,2025-07-17,RMKSPL25,477,Transfer campaign then delete
24673,Robert Neuman,6yw7NqQmSgLMKqvtDBEz,300.00,2025-09-09,New Invoice,133635,2025-09-09,None,101622,2025-06-23,RMKSPL25,477,Transfer campaign then delete
24673,Robert Neuman,6yw7NqQmSgLMKqvtDBEz,300.00,2025-09-09,New Invoice,133635,2025-09-09,None,132728,2025-12-01,None,,Delete
24673,Robert Neuman,6yw7NqQmSgLMKqvtDBEz,300.00,2025-09-09,New Invoice,133635,2025-09-09,None,133589,2025-09-17,None,,Delete
24673,Robert Neuman,6yw7NqQmSgLMKqvtDBEz,300.00,2025-09-09,New Invoice,133635,2025-09-09,None,133819,2025-08-05,None,,Delete
24673,Robert Neuman,6yw7NqQmSgLMKqvtDBEz,300.00,2025-09-09,New Invoice,133635,2025-09-09,None,133965,2025-07-02,None,,Delete
24673,Robert Neuman,6yw7NqQmSgLMKqvtDBEz,300.00,2025-09-09,New Invoice,133635,2025-09-09,None,134113,2025-05-23,None,,Delete
24710,Evan Krisch,n7rlU8Wfy3x2upQZAA3i,150.00,2025-09-09,New Invoice,133636,2025-09-09,None,22837,2025-04-20,None,,Delete
24710,Evan Krisch,n7rlU8Wfy3x2upQZAA3i,150.00,2025-09-09,New Invoice,133636,2025-09-09,None,22839,2025-02-24,None,,Delete
24710,Evan Krisch,n7rlU8Wfy3x2upQZAA3i,150.00,2025-09-09,New Invoice,133636,2025-09-09,None,22840,2025-01-16,None,,Delete
24710,Evan Krisch,n7rlU8Wfy3x2upQZAA3i,150.00,2025-09-09,New Invoice,133636,2025-09-09,None,100643,2025-09-23,Recurring,472,Transfer campaign then delete
24710,Evan Krisch,n7rlU8Wfy3x2upQZAA3i,150.00,2025-09-09,New Invoice,133636,2025-09-09,None,100663,2025-09-04,Recurring,472,Transfer campaign then delete
24710,Evan Krisch,n7rlU8Wfy3x2upQZAA3i,150.00,2025-09-09,New Invoice,133636,2025-09-09,None,100686,2025-07-29,Recurring,472,Transfer campaign then delete
24710,Evan Krisch,n7rlU8Wfy3x2upQZAA3i,150.00,2025-09-09,New Invoice,133636,2025-09-09,None,135882,2025-12-26,CH25,855,Delete
24710,Evan Krisch,n7rlU8Wfy3x2upQZAA3i,150.00,2025-09-09,New Invoice,133636,2025-09-09,None,132671,2025-12-03,None,,Delete
24710,Evan Krisch,n7rlU8Wfy3x2upQZAA3i,150.00,2025-09-09,New Invoice,133636,2025-09-09,None,132896,2025-10-23,None,,Delete
24710,Evan Krisch,n7rlU8Wfy3x2upQZAA3i,150.00,2025-09-09,New Invoice,133636,2025-09-09,None,133433,2025-09-30,None,,Delete
24710,Evan Krisch,n7rlU8Wfy3x2upQZAA3i,150.00,2025-09-09,New Invoice,133636,2025-09-09,None,133739,2025-08-12,None,,Delete
24710,Evan Krisch,n7rlU8Wfy3x2upQZAA3i,150.00,2025-09-09,New Invoice,133636,2025-09-09,None,134122,2025-05-23,None,,Delete
24710,Evan Krisch,n7rlU8Wfy3x2upQZAA3i,150.00,2025-09-09,New Invoice,133636,2025-09-09,None,134311,2025-04-25,None,,Delete
24710,Evan Krisch,n7rlU8Wfy3x2upQZAA3i,150.00,2025-09-09,New Invoice,133636,2025-09-09,None,134734,2025-03-26,None,,Delete
24710,Evan Krisch,n7rlU8Wfy3x2upQZAA3i,150.00,2025-09-09,New Invoice,133636,2025-09-09,None,134864,2025-03-04,None,,Delete
24710,Evan Krisch,n7rlU8Wfy3x2upQZAA3i,150.00,2025-09-09,New Invoice,133636,2025-09-09,None,136289,2025-07-02,New Invoice,946,Delete
23967,Chaim Ziegler,3oeqkf3DvhOmJ5z2VUAa,10.00,2025-09-09,New Invoice,136237,2025-09-09,946,99494,2025-09-04,Chanukat Habayit,229,Delete
23967,Chaim Ziegler,3oeqkf3DvhOmJ5z2VUAa,10.00,2025-09-09,New Invoice,136237,2025-09-09,946,134340,2025-04-15,None,,Delete
33242,Rabbi & Mrs. Binyomin Mittel,tTtY5crcypK00sQU0HOr,36.00,2025-09-09,New Invoice,136238,2025-09-09,946,101124,2025-09-04,RH25,475,Delete
39313,Sara Teitelbaum,IozCStnK24IsOPV8pVkJ,250.00,2025-09-09,New Invoice,133639,2025-09-09,None,101821,2025-09-04,CF25,254,Transfer campaign then delete
34532,Ms. Ruth Moskowitz,x4mqd2au6qO5GNs4PovI,50.00,2025-09-09,New Invoice,133640,2025-09-09,None,100215,2025-09-03,Maos Chitim 2025,470,Transfer campaign then delete
28913,Mr. & Mrs. Joseph Hoch,iYwrqKrjtAOtdUeJEBS2,150.00,2025-09-09,New Invoice,133641,2025-09-09,None,99821,2025-05-31,GD25,462,Transfer campaign then delete
28913,Mr. & Mrs. Joseph Hoch,iYwrqKrjtAOtdUeJEBS2,150.00,2025-09-09,New Invoice,133641,2025-09-09,None,100154,2025-09-02,Maos Chitim 2025,470,Delete
28913,Mr. & Mrs. Joseph Hoch,iYwrqKrjtAOtdUeJEBS2,150.00,2025-09-09,New Invoice,133641,2025-09-09,None,100292,2025-05-01,Maos Chitim 2025,470,Delete
28913,Mr. & Mrs. Joseph Hoch,iYwrqKrjtAOtdUeJEBS2,150.00,2025-09-09,New Invoice,133641,2025-09-09,None,100613,2025-10-01,Recurring,472,Delete
28913,Mr. & Mrs. Joseph Hoch,iYwrqKrjtAOtdUeJEBS2,150.00,2025-09-09,New Invoice,133641,2025-09-09,None,100684,2025-08-03,Recurring,472,Delete
28913,Mr. & Mrs. Joseph Hoch,iYwrqKrjtAOtdUeJEBS2,150.00,2025-09-09,New Invoice,133641,2025-09-09,None,132680,2025-12-03,None,,Delete
28913,Mr. & Mrs. Joseph Hoch,iYwrqKrjtAOtdUeJEBS2,150.00,2025-09-09,New Invoice,133641,2025-09-09,None,132825,2025-11-05,None,,Delete
28913,Mr. & Mrs. Joseph Hoch,iYwrqKrjtAOtdUeJEBS2,150.00,2025-09-09,New Invoice,133641,2025-09-09,None,133218,2025-10-05,None,,Delete
28913,Mr. & Mrs. Joseph Hoch,iYwrqKrjtAOtdUeJEBS2,150.00,2025-09-09,New Invoice,133641,2025-09-09,None,133726,2025-08-12,None,,Delete
28913,Mr. & Mrs. Joseph Hoch,iYwrqKrjtAOtdUeJEBS2,150.00,2025-09-09,New Invoice,133641,2025-09-09,None,133944,2025-07-02,None,,Delete
28913,Mr. & Mrs. Joseph Hoch,iYwrqKrjtAOtdUeJEBS2,150.00,2025-09-09,New Invoice,133641,2025-09-09,None,134071,2025-06-11,None,,Delete
28913,Mr. & Mrs. Joseph Hoch,iYwrqKrjtAOtdUeJEBS2,150.00,2025-09-09,New Invoice,133641,2025-09-09,None,134228,2025-05-05,None,,Delete
31937,Mr. & Mrs. Norman Schmutter,qJW9xz4h2CtyWHuk4Nh9,1800.00,2025-09-09,New Invoice,133642,2025-09-09,None,99376,2025-09-01,Bergen25,458,Transfer campaign then delete
31937,Mr. & Mrs. Norman Schmutter,qJW9xz4h2CtyWHuk4Nh9,1800.00,2025-09-09,New Invoice,133642,2025-09-09,None,99387,2025-09-30,Bergen25,458,Transfer campaign then delete
31937,Mr. & Mrs. Norman Schmutter,qJW9xz4h2CtyWHuk4Nh9,1800.00,2025-09-09,New Invoice,133642,2025-09-09,None,99418,2025-07-29,CF25,254,Delete
31937,Mr. & Mrs. Norman Schmutter,qJW9xz4h2CtyWHuk4Nh9,1800.00,2025-09-09,New Invoice,133642,2025-09-09,None,99835,2025-05-29,GD25,462,Delete
31937,Mr. & Mrs. Norman Schmutter,qJW9xz4h2CtyWHuk4Nh9,1800.00,2025-09-09,New Invoice,133642,2025-09-09,None,99836,2025-04-29,GD25,462,Delete
31937,Mr. & Mrs. Norman Schmutter,qJW9xz4h2CtyWHuk4Nh9,1800.00,2025-09-09,New Invoice,133642,2025-09-09,None,99871,2025-03-31,GD25,462,Delete
31937,Mr. & Mrs. Norman Schmutter,qJW9xz4h2CtyWHuk4Nh9,1800.00,2025-09-09,New Invoice,133642,2025-09-09,None,99992,2025-02-25,GD25,462,Delete
31937,Mr. & Mrs. Norman Schmutter,qJW9xz4h2CtyWHuk4Nh9,1800.00,2025-09-09,New Invoice,133642,2025-09-09,None,132678,2025-12-03,None,,Delete
31937,Mr. & Mrs. Norman Schmutter,qJW9xz4h2CtyWHuk4Nh9,1800.00,2025-09-09,New Invoice,133642,2025-09-09,None,132864,2025-10-31,None,,Delete
31937,Mr. & Mrs. Norman Schmutter,qJW9xz4h2CtyWHuk4Nh9,1800.00,2025-09-09,New Invoice,133642,2025-09-09,None,133281,2025-10-05,None,,Delete
31937,Mr. & Mrs. Norman Schmutter,qJW9xz4h2CtyWHuk4Nh9,1800.00,2025-09-09,New Invoice,133642,2025-09-09,None,133750,2025-08-12,None,,Delete
31937,Mr. & Mrs. Norman Schmutter,qJW9xz4h2CtyWHuk4Nh9,1800.00,2025-09-09,New Invoice,133642,2025-09-09,None,133943,2025-07-02,None,,Delete
31937,Mr. & Mrs. Norman Schmutter,qJW9xz4h2CtyWHuk4Nh9,1800.00,2025-09-09,New Invoice,133642,2025-09-09,None,134093,2025-06-04,None,,Delete
31937,Mr. & Mrs. Norman Schmutter,qJW9xz4h2CtyWHuk4Nh9,1800.00,2025-09-09,New Invoice,133642,2025-09-09,None,134239,2025-05-05,None,,Delete
31937,Mr. & Mrs. Norman Schmutter,qJW9xz4h2CtyWHuk4Nh9,1800.00,2025-09-09,New Invoice,133642,2025-09-09,None,134627,2025-04-09,None,,Delete
31937,Mr. & Mrs. Norman Schmutter,qJW9xz4h2CtyWHuk4Nh9,1800.00,2025-09-09,New Invoice,133642,2025-09-09,None,134834,2025-03-12,None,,Delete
31937,Mr. & Mrs. Norman Schmutter,qJW9xz4h2CtyWHuk4Nh9,1800.00,2025-09-09,New Invoice,133642,2025-09-09,None,134861,2025-03-04,None,,Delete
33490,Mr. & Mrs. Milton Frank,uICFzlJcHaUaMIqgpuRm,1800.00,2025-09-09,New Invoice,133646,2025-09-09,None,99409,2025-08-19,Bergen25,458,Transfer campaign then delete
52156,Norman Linzer,3HE72vxO5y8e97EB7jH2,100.00,2025-09-01,Subscription for norman linzer,133652,2025-09-01,None,132736,2025-12-01,None,,Delete
52156,Norman Linzer,3HE72vxO5y8e97EB7jH2,100.00,2025-09-01,Subscription for norman linzer,133652,2025-09-01,None,132847,2025-11-01,None,,Delete
52156,Norman Linzer,3HE72vxO5y8e97EB7jH2,100.00,2025-09-01,Subscription for norman linzer,133652,2025-09-01,None,133353,2025-10-01,None,,Delete
52156,Norman Linzer,3HE72vxO5y8e97EB7jH2,100.00,2025-09-01,Subscription for norman linzer,133652,2025-09-01,None,133831,2025-08-01,None,,Delete
52156,Norman Linzer,3HE72vxO5y8e97EB7jH2,100.00,2025-09-01,Subscription for norman linzer,133652,2025-09-01,None,134047,2025-06-13,None,,Delete
52156,Norman Linzer,3HE72vxO5y8e97EB7jH2,100.00,2025-09-01,Subscription for norman linzer,133652,2025-09-01,None,134163,2025-05-14,None,,Delete
52156,Norman Linzer,3HE72vxO5y8e97EB7jH2,100.00,2025-09-01,Subscription for norman linzer,133652,2025-09-01,None,134559,2025-04-14,None,,Delete
52156,Norman Linzer,3HE72vxO5y8e97EB7jH2,100.00,2025-09-01,Subscription for norman linzer,133652,2025-09-01,None,134801,2025-03-13,None,,Delete
30246,Larry Latham,MCJdMJdeM93ygP2IgvcR,218.00,2025-08-25,New Invoice,133657,2025-08-25,None,57476,2025-05-20,None,,Delete
30246,Larry Latham,MCJdMJdeM93ygP2IgvcR,218.00,2025-08-25,New Invoice,133657,2025-08-25,None,57479,2025-01-17,None,,Delete
30246,Larry Latham,MCJdMJdeM93ygP2IgvcR,218.00,2025-08-25,New Invoice,133657,2025-08-25,None,100644,2025-09-21,Recurring,472,Transfer campaign then delete
30246,Larry Latham,MCJdMJdeM93ygP2IgvcR,218.00,2025-08-25,New Invoice,133657,2025-08-25,None,100665,2025-08-19,Recurring,472,Transfer campaign then delete
30246,Larry Latham,MCJdMJdeM93ygP2IgvcR,218.00,2025-08-25,New Invoice,133657,2025-08-25,None,100696,2025-07-21,Recurring,472,Transfer campaign then delete
30246,Larry Latham,MCJdMJdeM93ygP2IgvcR,218.00,2025-08-25,New Invoice,133657,2025-08-25,None,135929,2025-12-29,Monthly,854,Delete
30246,Larry Latham,MCJdMJdeM93ygP2IgvcR,218.00,2025-08-25,New Invoice,133657,2025-08-25,None,132525,2025-11-19,ID 736,736,Delete
30246,Larry Latham,MCJdMJdeM93ygP2IgvcR,218.00,2025-08-25,New Invoice,133657,2025-08-25,None,132738,2025-11-26,None,,Delete
30246,Larry Latham,MCJdMJdeM93ygP2IgvcR,218.00,2025-08-25,New Invoice,133657,2025-08-25,None,132891,2025-10-23,None,,Delete
30246,Larry Latham,MCJdMJdeM93ygP2IgvcR,218.00,2025-08-25,New Invoice,133657,2025-08-25,None,133450,2025-09-29,None,,Delete
30246,Larry Latham,MCJdMJdeM93ygP2IgvcR,218.00,2025-08-25,New Invoice,133657,2025-08-25,None,133875,2025-07-24,None,,Delete
30246,Larry Latham,MCJdMJdeM93ygP2IgvcR,218.00,2025-08-25,New Invoice,133657,2025-08-25,None,133991,2025-06-23,None,,Delete
30246,Larry Latham,MCJdMJdeM93ygP2IgvcR,218.00,2025-08-25,New Invoice,133657,2025-08-25,None,134125,2025-05-23,None,,Delete
30246,Larry Latham,MCJdMJdeM93ygP2IgvcR,218.00,2025-08-25,New Invoice,133657,2025-08-25,None,134291,2025-04-25,None,,Delete
30246,Larry Latham,MCJdMJdeM93ygP2IgvcR,218.00,2025-08-25,New Invoice,133657,2025-08-25,None,134756,2025-03-21,None,,Delete
29574,Patrick Clark,kmZHJ2LdWgy6SHFKEZnH,100.00,2025-08-25,New Invoice,133658,2025-08-25,None,104378,2025-01-10,None,,Delete
29574,Patrick Clark,kmZHJ2LdWgy6SHFKEZnH,100.00,2025-08-25,New Invoice,133658,2025-08-25,None,99947,2025-03-18,GD25,462,Transfer campaign then delete
29574,Patrick Clark,kmZHJ2LdWgy6SHFKEZnH,100.00,2025-08-25,New Invoice,133658,2025-08-25,None,100005,2025-02-24,GD25,462,Transfer campaign then delete
29574,Patrick Clark,kmZHJ2LdWgy6SHFKEZnH,100.00,2025-08-25,New Invoice,133658,2025-08-25,None,100711,2025-06-25,Recurring,472,Delete
29574,Patrick Clark,kmZHJ2LdWgy6SHFKEZnH,100.00,2025-08-25,New Invoice,133658,2025-08-25,None,101615,2025-08-18,RMKSPL25,477,Delete
29574,Patrick Clark,kmZHJ2LdWgy6SHFKEZnH,100.00,2025-08-25,New Invoice,133658,2025-08-25,None,101617,2025-07-17,RMKSPL25,477,Delete
29574,Patrick Clark,kmZHJ2LdWgy6SHFKEZnH,100.00,2025-08-25,New Invoice,133658,2025-08-25,None,133809,2025-08-05,None,,Delete
29574,Patrick Clark,kmZHJ2LdWgy6SHFKEZnH,100.00,2025-08-25,New Invoice,133658,2025-08-25,None,133958,2025-07-02,None,,Delete
29574,Patrick Clark,kmZHJ2LdWgy6SHFKEZnH,100.00,2025-08-25,New Invoice,133658,2025-08-25,None,134134,2025-05-21,None,,Delete
29574,Patrick Clark,kmZHJ2LdWgy6SHFKEZnH,100.00,2025-08-25,New Invoice,133658,2025-08-25,None,134338,2025-04-15,None,,Delete
29574,Patrick Clark,kmZHJ2LdWgy6SHFKEZnH,100.00,2025-08-25,New Invoice,133658,2025-08-25,None,134770,2025-03-21,None,,Delete
29574,Patrick Clark,kmZHJ2LdWgy6SHFKEZnH,100.00,2025-08-25,New Invoice,133658,2025-08-25,None,134874,2025-03-04,None,,Delete
29574,Patrick Clark,kmZHJ2LdWgy6SHFKEZnH,130.00,2025-08-25,New Invoice,133659,2025-08-25,None,101616,2025-08-18,RMKSPL25,477,Transfer campaign then delete
23943,Joseph Ugowitz,3ldSJbYi0wIgMVJz6dcu,18.00,2025-08-25,New Invoice,133661,2025-08-25,None,100216,2025-08-18,Maos Chitim 2025,470,Transfer campaign then delete
26421,Samuel Gunsburg,ctIJxl58HO0z08Vm0Rvy,25.00,2025-08-25,New Invoice,133663,2025-08-25,None,99424,2025-08-18,CF25,254,Transfer campaign then delete
34309,Haroon Saghian,wKf09abxjQJwGLfkA2rg,260.00,2025-08-25,New Invoice,136243,2025-08-25,946,83510,2025-06-17,None,,Delete
34309,Haroon Saghian,wKf09abxjQJwGLfkA2rg,260.00,2025-08-25,New Invoice,136243,2025-08-25,946,83512,2025-03-17,None,,Delete
34309,Haroon Saghian,wKf09abxjQJwGLfkA2rg,260.00,2025-08-25,New Invoice,136243,2025-08-25,946,83513,2025-01-15,None,,Delete
34309,Haroon Saghian,wKf09abxjQJwGLfkA2rg,260.00,2025-08-25,New Invoice,136243,2025-08-25,946,136215,2025-09-29,New Invoice,946,Delete
34309,Haroon Saghian,wKf09abxjQJwGLfkA2rg,260.00,2025-08-25,New Invoice,136243,2025-08-25,946,100628,2025-10-15,Recurring,472,Delete
34309,Haroon Saghian,wKf09abxjQJwGLfkA2rg,260.00,2025-08-25,New Invoice,136243,2025-08-25,946,100646,2025-09-16,Recurring,472,Delete
34309,Haroon Saghian,wKf09abxjQJwGLfkA2rg,260.00,2025-08-25,New Invoice,136243,2025-08-25,946,100668,2025-08-17,Recurring,472,Delete
34309,Haroon Saghian,wKf09abxjQJwGLfkA2rg,260.00,2025-08-25,New Invoice,136243,2025-08-25,946,135994,2025-11-26,New Invoice,946,Delete
34309,Haroon Saghian,wKf09abxjQJwGLfkA2rg,260.00,2025-08-25,New Invoice,136243,2025-08-25,946,136030,2025-10-20,New Invoice,946,Delete
34309,Haroon Saghian,wKf09abxjQJwGLfkA2rg,260.00,2025-08-25,New Invoice,136243,2025-08-25,946,132515,2025-11-17,ID 736,736,Delete
34309,Haroon Saghian,wKf09abxjQJwGLfkA2rg,260.00,2025-08-25,New Invoice,136243,2025-08-25,946,133881,2025-07-24,None,,Delete
34309,Haroon Saghian,wKf09abxjQJwGLfkA2rg,260.00,2025-08-25,New Invoice,136243,2025-08-25,946,134141,2025-05-20,None,,Delete
34309,Haroon Saghian,wKf09abxjQJwGLfkA2rg,260.00,2025-08-25,New Invoice,136243,2025-08-25,946,135908,2025-12-29,Monthly,854,Delete
34309,Haroon Saghian,wKf09abxjQJwGLfkA2rg,260.00,2025-08-25,New Invoice,136243,2025-08-25,946,136292,2025-06-23,New Invoice,946,Delete
34309,Haroon Saghian,wKf09abxjQJwGLfkA2rg,260.00,2025-08-25,New Invoice,136243,2025-08-25,946,136471,2025-03-21,New Invoice,946,Delete
28067,sharon max,GWSoEYJeQacPHT0YrXfJ,18.00,2025-08-22,New Invoice,133674,2025-08-22,None,43726,2025-04-09,None,,Delete
28067,sharon max,GWSoEYJeQacPHT0YrXfJ,18.00,2025-08-22,New Invoice,133674,2025-08-22,None,43727,2025-02-06,None,,Delete
28067,sharon max,GWSoEYJeQacPHT0YrXfJ,18.00,2025-08-22,New Invoice,133674,2025-08-22,None,43728,2025-01-08,None,,Delete
28067,sharon max,GWSoEYJeQacPHT0YrXfJ,18.00,2025-08-22,New Invoice,133674,2025-08-22,None,92056,2025-06-19,None,,Delete
28067,sharon max,GWSoEYJeQacPHT0YrXfJ,18.00,2025-08-22,New Invoice,133674,2025-08-22,None,92221,2025-01-05,None,,Delete
28067,sharon max,GWSoEYJeQacPHT0YrXfJ,18.00,2025-08-22,New Invoice,133674,2025-08-22,None,100672,2025-08-14,Recurring,472,Transfer campaign then delete
28067,sharon max,GWSoEYJeQacPHT0YrXfJ,18.00,2025-08-22,New Invoice,133674,2025-08-22,None,92090,2025-04-24,None,,Delete
28067,sharon max,GWSoEYJeQacPHT0YrXfJ,18.00,2025-08-22,New Invoice,133674,2025-08-22,None,133993,2025-06-23,None,,Delete
28067,sharon max,GWSoEYJeQacPHT0YrXfJ,18.00,2025-08-22,New Invoice,133674,2025-08-22,None,134238,2025-05-05,None,,Delete
28067,sharon max,GWSoEYJeQacPHT0YrXfJ,18.00,2025-08-22,New Invoice,133674,2025-08-22,None,134271,2025-04-28,None,,Delete
28067,sharon max,GWSoEYJeQacPHT0YrXfJ,18.00,2025-08-22,New Invoice,133674,2025-08-22,None,134560,2025-04-14,None,,Delete
28067,sharon max,GWSoEYJeQacPHT0YrXfJ,18.00,2025-08-22,New Invoice,133674,2025-08-22,None,43726,2025-04-09,None,,Delete
28067,sharon max,GWSoEYJeQacPHT0YrXfJ,18.00,2025-08-22,New Invoice,133674,2025-08-22,None,43727,2025-02-06,None,,Delete
28067,sharon max,GWSoEYJeQacPHT0YrXfJ,18.00,2025-08-22,New Invoice,133674,2025-08-22,None,43728,2025-01-08,None,,Delete
28067,sharon max,GWSoEYJeQacPHT0YrXfJ,18.00,2025-08-22,New Invoice,133674,2025-08-22,None,92056,2025-06-19,None,,Delete
28067,sharon max,GWSoEYJeQacPHT0YrXfJ,18.00,2025-08-22,New Invoice,133674,2025-08-22,None,92221,2025-01-05,None,,Delete
28067,sharon max,GWSoEYJeQacPHT0YrXfJ,18.00,2025-08-22,New Invoice,133674,2025-08-22,None,100672,2025-08-14,Recurring,472,Transfer campaign then delete
28067,sharon max,GWSoEYJeQacPHT0YrXfJ,18.00,2025-08-22,New Invoice,133674,2025-08-22,None,92090,2025-04-24,None,,Delete
28067,sharon max,GWSoEYJeQacPHT0YrXfJ,18.00,2025-08-22,New Invoice,133674,2025-08-22,None,133993,2025-06-23,None,,Delete
28067,sharon max,GWSoEYJeQacPHT0YrXfJ,18.00,2025-08-22,New Invoice,133674,2025-08-22,None,134238,2025-05-05,None,,Delete
28067,sharon max,GWSoEYJeQacPHT0YrXfJ,18.00,2025-08-22,New Invoice,133674,2025-08-22,None,134271,2025-04-28,None,,Delete
28067,sharon max,GWSoEYJeQacPHT0YrXfJ,18.00,2025-08-22,New Invoice,133674,2025-08-22,None,134560,2025-04-14,None,,Delete
28067,sharon max,GWSoEYJeQacPHT0YrXfJ,18.00,2025-08-22,New Invoice,133674,2025-08-22,None,43726,2025-04-09,None,,Delete
28067,sharon max,GWSoEYJeQacPHT0YrXfJ,18.00,2025-08-22,New Invoice,133674,2025-08-22,None,43727,2025-02-06,None,,Delete
28067,sharon max,GWSoEYJeQacPHT0YrXfJ,18.00,2025-08-22,New Invoice,133674,2025-08-22,None,43728,2025-01-08,None,,Delete
28067,sharon max,GWSoEYJeQacPHT0YrXfJ,18.00,2025-08-22,New Invoice,133674,2025-08-22,None,92056,2025-06-19,None,,Delete
28067,sharon max,GWSoEYJeQacPHT0YrXfJ,18.00,2025-08-22,New Invoice,133674,2025-08-22,None,92221,2025-01-05,None,,Delete
28067,sharon max,GWSoEYJeQacPHT0YrXfJ,18.00,2025-08-22,New Invoice,133674,2025-08-22,None,100672,2025-08-14,Recurring,472,Transfer campaign then delete
28067,sharon max,GWSoEYJeQacPHT0YrXfJ,18.00,2025-08-22,New Invoice,133674,2025-08-22,None,92090,2025-04-24,None,,Delete
28067,sharon max,GWSoEYJeQacPHT0YrXfJ,18.00,2025-08-22,New Invoice,133674,2025-08-22,None,133993,2025-06-23,None,,Delete
28067,sharon max,GWSoEYJeQacPHT0YrXfJ,18.00,2025-08-22,New Invoice,133674,2025-08-22,None,134238,2025-05-05,None,,Delete
28067,sharon max,GWSoEYJeQacPHT0YrXfJ,18.00,2025-08-22,New Invoice,133674,2025-08-22,None,134271,2025-04-28,None,,Delete
28067,sharon max,GWSoEYJeQacPHT0YrXfJ,18.00,2025-08-22,New Invoice,133674,2025-08-22,None,134560,2025-04-14,None,,Delete
32387,Mr. & Mrs. Joey Harary,ro17VYI9JQx3fs2zRZcL,5400.00,2025-08-22,New Invoice,133677,2025-08-22,None,99426,2025-08-13,CF25,254,Transfer campaign then delete
23797,Barry Kupfer,2u0cts6tqOL5G0NxOMbj,250.00,2025-08-22,New Invoice,136247,2025-08-22,946,99427,2025-08-13,CF25,254,Delete
24057,Benjamin Holczer,40dj7BQSsRWdbz6N6CKT,100.00,2025-08-22,New Invoice,136248,2025-08-22,946,99428,2025-08-13,CF25,254,Delete
30255,Rivka Yaged,MdDo6xdYZt5KspEhDvAe,25.00,2025-08-12,New Invoice,133712,2025-08-12,None,99431,2025-08-07,CF25,254,Transfer campaign then delete
34317,Philip Newman,wkxpw2BqKDzvxf0v6NxX,18.00,2025-08-12,New Invoice,133713,2025-08-12,None,100219,2025-08-07,Maos Chitim 2025,470,Transfer campaign then delete
33224,Doron Lubinsky,TrMJdmOEqkjlQOO3pUiz,72.00,2025-08-12,New Invoice,136253,2025-08-12,946,99433,2025-08-07,CF25,254,Delete
33224,Doron Lubinsky,TrMJdmOEqkjlQOO3pUiz,72.00,2025-08-12,New Invoice,136253,2025-08-12,946,136002,2025-11-05,New Invoice,946,Delete
26786,Eva Eisenberger,dPX4Lw3rV2UWkCFAWhJB,50.00,2025-08-12,New Invoice,136254,2025-08-12,946,99434,2025-08-07,CF25,254,Delete
34378,Jay Heller,wq1wl8KmUhvz2iQAdjs0,31.00,2025-08-12,New Invoice,133719,2025-08-12,None,99436,2025-08-07,CF25,254,Transfer campaign then delete
28006,Steven Trenk,GRsguwaXgXvCehGOWRa2,25.00,2025-08-12,New Invoice,133721,2025-08-12,None,43112,2025-06-08,None,,Delete
28006,Steven Trenk,GRsguwaXgXvCehGOWRa2,25.00,2025-08-12,New Invoice,133721,2025-08-12,None,43115,2025-03-09,None,,Delete
28006,Steven Trenk,GRsguwaXgXvCehGOWRa2,25.00,2025-08-12,New Invoice,133721,2025-08-12,None,43116,2025-02-06,None,,Delete
28006,Steven Trenk,GRsguwaXgXvCehGOWRa2,25.00,2025-08-12,New Invoice,133721,2025-08-12,None,43117,2025-01-02,None,,Delete
28006,Steven Trenk,GRsguwaXgXvCehGOWRa2,25.00,2025-08-12,New Invoice,133721,2025-08-12,None,100527,2025-04-07,Maos Chitim 2025,470,Transfer campaign then delete
28006,Steven Trenk,GRsguwaXgXvCehGOWRa2,25.00,2025-08-12,New Invoice,133721,2025-08-12,None,100612,2025-11-06,Recurring,472,Delete
28006,Steven Trenk,GRsguwaXgXvCehGOWRa2,25.00,2025-08-12,New Invoice,133721,2025-08-12,None,100631,2025-10-15,Recurring,472,Delete
28006,Steven Trenk,GRsguwaXgXvCehGOWRa2,25.00,2025-08-12,New Invoice,133721,2025-08-12,None,100650,2025-09-09,Recurring,472,Delete
28006,Steven Trenk,GRsguwaXgXvCehGOWRa2,25.00,2025-08-12,New Invoice,133721,2025-08-12,None,100682,2025-08-07,Recurring,472,Delete
28006,Steven Trenk,GRsguwaXgXvCehGOWRa2,25.00,2025-08-12,New Invoice,133721,2025-08-12,None,100690,2025-07-08,Recurring,472,Delete
28006,Steven Trenk,GRsguwaXgXvCehGOWRa2,25.00,2025-08-12,New Invoice,133721,2025-08-12,None,132566,2025-12-11,Monthly,854,Delete
28006,Steven Trenk,GRsguwaXgXvCehGOWRa2,25.00,2025-08-12,New Invoice,133721,2025-08-12,None,132796,2025-11-10,None,,Delete
28006,Steven Trenk,GRsguwaXgXvCehGOWRa2,25.00,2025-08-12,New Invoice,133721,2025-08-12,None,132939,2025-10-20,None,,Delete
28006,Steven Trenk,GRsguwaXgXvCehGOWRa2,25.00,2025-08-12,New Invoice,133721,2025-08-12,None,133598,2025-09-17,None,,Delete
28006,Steven Trenk,GRsguwaXgXvCehGOWRa2,25.00,2025-08-12,New Invoice,133721,2025-08-12,None,133865,2025-07-24,None,,Delete
28006,Steven Trenk,GRsguwaXgXvCehGOWRa2,25.00,2025-08-12,New Invoice,133721,2025-08-12,None,134055,2025-06-13,None,,Delete
28006,Steven Trenk,GRsguwaXgXvCehGOWRa2,25.00,2025-08-12,New Invoice,133721,2025-08-12,None,134158,2025-05-14,None,,Delete
28006,Steven Trenk,GRsguwaXgXvCehGOWRa2,25.00,2025-08-12,New Invoice,133721,2025-08-12,None,134529,2025-04-14,None,,Delete
28006,Steven Trenk,GRsguwaXgXvCehGOWRa2,25.00,2025-08-12,New Invoice,133721,2025-08-12,None,134818,2025-03-12,None,,Delete
29340,Israel Sherman,k0wBxznsW2sNraVY4Uru,200.00,2025-08-12,New Invoice,133722,2025-08-12,None,51774,2025-06-10,None,,Delete
29340,Israel Sherman,k0wBxznsW2sNraVY4Uru,200.00,2025-08-12,New Invoice,133722,2025-08-12,None,51776,2025-04-07,None,,Delete
29340,Israel Sherman,k0wBxznsW2sNraVY4Uru,200.00,2025-08-12,New Invoice,133722,2025-08-12,None,51779,2025-01-13,None,,Delete
29340,Israel Sherman,k0wBxznsW2sNraVY4Uru,200.00,2025-08-12,New Invoice,133722,2025-08-12,None,100611,2025-11-06,Recurring,472,Transfer campaign then delete
29340,Israel Sherman,k0wBxznsW2sNraVY4Uru,200.00,2025-08-12,New Invoice,133722,2025-08-12,None,100632,2025-10-15,Recurring,472,Transfer campaign then delete
29340,Israel Sherman,k0wBxznsW2sNraVY4Uru,200.00,2025-08-12,New Invoice,133722,2025-08-12,None,100651,2025-09-09,Recurring,472,Transfer campaign then delete
29340,Israel Sherman,k0wBxznsW2sNraVY4Uru,200.00,2025-08-12,New Invoice,133722,2025-08-12,None,100683,2025-08-07,Recurring,472,Transfer campaign then delete
29340,Israel Sherman,k0wBxznsW2sNraVY4Uru,200.00,2025-08-12,New Invoice,133722,2025-08-12,None,100691,2025-07-08,Recurring,472,Transfer campaign then delete
29340,Israel Sherman,k0wBxznsW2sNraVY4Uru,200.00,2025-08-12,New Invoice,133722,2025-08-12,None,132650,2025-12-09,None,,Delete
29340,Israel Sherman,k0wBxznsW2sNraVY4Uru,200.00,2025-08-12,New Invoice,133722,2025-08-12,None,132795,2025-11-10,None,,Delete
29340,Israel Sherman,k0wBxznsW2sNraVY4Uru,200.00,2025-08-12,New Invoice,133722,2025-08-12,None,132941,2025-10-20,None,,Delete
29340,Israel Sherman,k0wBxznsW2sNraVY4Uru,200.00,2025-08-12,New Invoice,133722,2025-08-12,None,133599,2025-09-17,None,,Delete
29340,Israel Sherman,k0wBxznsW2sNraVY4Uru,200.00,2025-08-12,New Invoice,133722,2025-08-12,None,133868,2025-07-24,None,,Delete
29340,Israel Sherman,k0wBxznsW2sNraVY4Uru,200.00,2025-08-12,New Invoice,133722,2025-08-12,None,134040,2025-06-13,None,,Delete
29340,Israel Sherman,k0wBxznsW2sNraVY4Uru,200.00,2025-08-12,New Invoice,133722,2025-08-12,None,134192,2025-05-06,None,,Delete
29340,Israel Sherman,k0wBxznsW2sNraVY4Uru,200.00,2025-08-12,New Invoice,133722,2025-08-12,None,134403,2025-04-15,None,,Delete
29340,Israel Sherman,k0wBxznsW2sNraVY4Uru,200.00,2025-08-12,New Invoice,133722,2025-08-12,None,134799,2025-03-13,None,,Delete
32063,Robert Kaufman,QTbtycs0mUUEvv8XTPZh,50.00,2025-08-12,New Invoice,133723,2025-08-12,None,69221,2025-03-18,None,,Delete
32063,Robert Kaufman,QTbtycs0mUUEvv8XTPZh,50.00,2025-08-12,New Invoice,133723,2025-08-12,None,99437,2025-08-07,CF25,254,Transfer campaign then delete
32063,Robert Kaufman,QTbtycs0mUUEvv8XTPZh,50.00,2025-08-12,New Invoice,133723,2025-08-12,None,132534,2025-11-17,RH25,475,Delete
32063,Robert Kaufman,QTbtycs0mUUEvv8XTPZh,50.00,2025-08-12,New Invoice,133723,2025-08-12,None,132748,2025-11-26,None,,Delete
32063,Robert Kaufman,QTbtycs0mUUEvv8XTPZh,50.00,2025-08-12,New Invoice,133723,2025-08-12,None,134197,2025-05-06,None,,Delete
32063,Robert Kaufman,QTbtycs0mUUEvv8XTPZh,50.00,2025-08-12,New Invoice,133723,2025-08-12,None,134762,2025-03-21,None,,Delete
28913,Mr. & Mrs. Joseph Hoch,iYwrqKrjtAOtdUeJEBS2,150.00,2025-08-12,New Invoice,133726,2025-08-12,None,99821,2025-05-31,GD25,462,Transfer campaign then delete
28913,Mr. & Mrs. Joseph Hoch,iYwrqKrjtAOtdUeJEBS2,150.00,2025-08-12,New Invoice,133726,2025-08-12,None,100154,2025-09-02,Maos Chitim 2025,470,Delete
28913,Mr. & Mrs. Joseph Hoch,iYwrqKrjtAOtdUeJEBS2,150.00,2025-08-12,New Invoice,133726,2025-08-12,None,100292,2025-05-01,Maos Chitim 2025,470,Delete
28913,Mr. & Mrs. Joseph Hoch,iYwrqKrjtAOtdUeJEBS2,150.00,2025-08-12,New Invoice,133726,2025-08-12,None,100613,2025-10-01,Recurring,472,Delete
28913,Mr. & Mrs. Joseph Hoch,iYwrqKrjtAOtdUeJEBS2,150.00,2025-08-12,New Invoice,133726,2025-08-12,None,100684,2025-08-03,Recurring,472,Delete
28913,Mr. & Mrs. Joseph Hoch,iYwrqKrjtAOtdUeJEBS2,150.00,2025-08-12,New Invoice,133726,2025-08-12,None,132680,2025-12-03,None,,Delete
28913,Mr. & Mrs. Joseph Hoch,iYwrqKrjtAOtdUeJEBS2,150.00,2025-08-12,New Invoice,133726,2025-08-12,None,132825,2025-11-05,None,,Delete
28913,Mr. & Mrs. Joseph Hoch,iYwrqKrjtAOtdUeJEBS2,150.00,2025-08-12,New Invoice,133726,2025-08-12,None,133218,2025-10-05,None,,Delete
28913,Mr. & Mrs. Joseph Hoch,iYwrqKrjtAOtdUeJEBS2,150.00,2025-08-12,New Invoice,133726,2025-08-12,None,133641,2025-09-09,None,,Delete
28913,Mr. & Mrs. Joseph Hoch,iYwrqKrjtAOtdUeJEBS2,150.00,2025-08-12,New Invoice,133726,2025-08-12,None,133944,2025-07-02,None,,Delete
28913,Mr. & Mrs. Joseph Hoch,iYwrqKrjtAOtdUeJEBS2,150.00,2025-08-12,New Invoice,133726,2025-08-12,None,134071,2025-06-11,None,,Delete
28913,Mr. & Mrs. Joseph Hoch,iYwrqKrjtAOtdUeJEBS2,150.00,2025-08-12,New Invoice,133726,2025-08-12,None,134228,2025-05-05,None,,Delete
23337,Joseph Weinfeld,0LkfUNQe1xoBqor4WQ3e,10.00,2025-08-12,New Invoice,133727,2025-08-12,None,101126,2025-07-31,RH25,475,Transfer campaign then delete
32025,Mr. & Mrs. Zvi Turk,QQFjBIF4ZHNLrE9sDAqA,18.00,2025-08-12,New Invoice,133728,2025-08-12,None,100221,2025-07-31,Maos Chitim 2025,470,Transfer campaign then delete
30344,Irving Schwartz,mKSY7SrtRztJvDShEpXv,25.00,2025-08-12,New Invoice,136257,2025-08-12,946,100222,2025-07-31,Maos Chitim 2025,470,Delete
24065,Norman Maryles,44FZEalxjvnhzLODRm1H,100.00,2025-08-12,New Invoice,133732,2025-08-12,None,18772,2025-01-07,None,,Delete
24065,Norman Maryles,44FZEalxjvnhzLODRm1H,100.00,2025-08-12,New Invoice,133732,2025-08-12,None,99439,2025-07-31,CF25,254,Transfer campaign then delete
39314,Joe Hafif,STa2NdFyjOd78fbRG6aR,1000.00,2025-08-12,New Invoice,133733,2025-08-12,None,101840,2025-07-31,CF25,254,Transfer campaign then delete
31688,Harris Weingard,PVuV1fsiqo1z8YStmlkG,5.00,2025-08-12,New Invoice,136258,2025-08-12,946,99442,2025-07-31,CF25,254,Delete
27360,Eli Grodko,F8uehcvrfh00tswK6jHv,360.00,2025-08-12,New Invoice,136259,2025-08-12,946,99443,2025-07-31,CF25,254,Delete
26266,Kalman Shiloni,cHIi76inQDpEBTH8RtaE,20.00,2025-08-12,New Invoice,133738,2025-08-12,None,99445,2025-07-29,CF25,254,Transfer campaign then delete
24710,Evan Krisch,n7rlU8Wfy3x2upQZAA3i,150.00,2025-08-12,New Invoice,133739,2025-08-12,None,22837,2025-04-20,None,,Delete
24710,Evan Krisch,n7rlU8Wfy3x2upQZAA3i,150.00,2025-08-12,New Invoice,133739,2025-08-12,None,22839,2025-02-24,None,,Delete
24710,Evan Krisch,n7rlU8Wfy3x2upQZAA3i,150.00,2025-08-12,New Invoice,133739,2025-08-12,None,22840,2025-01-16,None,,Delete
24710,Evan Krisch,n7rlU8Wfy3x2upQZAA3i,150.00,2025-08-12,New Invoice,133739,2025-08-12,None,100643,2025-09-23,Recurring,472,Transfer campaign then delete
24710,Evan Krisch,n7rlU8Wfy3x2upQZAA3i,150.00,2025-08-12,New Invoice,133739,2025-08-12,None,100663,2025-09-04,Recurring,472,Transfer campaign then delete
24710,Evan Krisch,n7rlU8Wfy3x2upQZAA3i,150.00,2025-08-12,New Invoice,133739,2025-08-12,None,100686,2025-07-29,Recurring,472,Transfer campaign then delete
24710,Evan Krisch,n7rlU8Wfy3x2upQZAA3i,150.00,2025-08-12,New Invoice,133739,2025-08-12,None,135882,2025-12-26,CH25,855,Delete
24710,Evan Krisch,n7rlU8Wfy3x2upQZAA3i,150.00,2025-08-12,New Invoice,133739,2025-08-12,None,132671,2025-12-03,None,,Delete
24710,Evan Krisch,n7rlU8Wfy3x2upQZAA3i,150.00,2025-08-12,New Invoice,133739,2025-08-12,None,132896,2025-10-23,None,,Delete
24710,Evan Krisch,n7rlU8Wfy3x2upQZAA3i,150.00,2025-08-12,New Invoice,133739,2025-08-12,None,133433,2025-09-30,None,,Delete
24710,Evan Krisch,n7rlU8Wfy3x2upQZAA3i,150.00,2025-08-12,New Invoice,133739,2025-08-12,None,133636,2025-09-09,None,,Delete
24710,Evan Krisch,n7rlU8Wfy3x2upQZAA3i,150.00,2025-08-12,New Invoice,133739,2025-08-12,None,134122,2025-05-23,None,,Delete
24710,Evan Krisch,n7rlU8Wfy3x2upQZAA3i,150.00,2025-08-12,New Invoice,133739,2025-08-12,None,134311,2025-04-25,None,,Delete
24710,Evan Krisch,n7rlU8Wfy3x2upQZAA3i,150.00,2025-08-12,New Invoice,133739,2025-08-12,None,134734,2025-03-26,None,,Delete
24710,Evan Krisch,n7rlU8Wfy3x2upQZAA3i,150.00,2025-08-12,New Invoice,133739,2025-08-12,None,134864,2025-03-04,None,,Delete
24710,Evan Krisch,n7rlU8Wfy3x2upQZAA3i,150.00,2025-08-12,New Invoice,133739,2025-08-12,None,136289,2025-07-02,New Invoice,946,Delete
29846,Robert Blanco,lceSHKXF7RqI4JfKBish,101.00,2025-08-12,New Invoice,133740,2025-08-12,None,99446,2025-07-29,CF25,254,Transfer campaign then delete
29846,Robert Blanco,lceSHKXF7RqI4JfKBish,101.00,2025-08-12,New Invoice,133740,2025-08-12,None,101429,2025-10-01,RH25,475,Delete
29846,Robert Blanco,lceSHKXF7RqI4JfKBish,101.00,2025-08-12,New Invoice,133740,2025-08-12,None,133211,2025-10-05,None,,Delete
24163,Rabbi & Mrs. Samuel Bialik,4J8j8hmzExHUhLOuUN2l,25.00,2025-08-12,New Invoice,133741,2025-08-12,None,99447,2025-07-29,CF25,254,Transfer campaign then delete
24163,Rabbi & Mrs. Samuel Bialik,4J8j8hmzExHUhLOuUN2l,25.00,2025-08-12,New Invoice,133741,2025-08-12,None,101423,2025-10-02,RH25,475,Delete
24163,Rabbi & Mrs. Samuel Bialik,4J8j8hmzExHUhLOuUN2l,25.00,2025-08-12,New Invoice,133741,2025-08-12,None,135861,2025-12-26,CH25,855,Delete
24163,Rabbi & Mrs. Samuel Bialik,4J8j8hmzExHUhLOuUN2l,25.00,2025-08-12,New Invoice,133741,2025-08-12,None,133185,2025-10-17,None,,Delete
25666,Barton Scheinfeldt,aVZanGK2xBgjgeYKqPJ1,100.00,2025-08-12,New Invoice,136261,2025-08-12,946,100223,2025-07-29,Maos Chitim 2025,470,Delete
24792,Alan Ganeles,7M14wryMLekKWSRtTPel,50.00,2025-08-12,New Invoice,136262,2025-08-12,946,100224,2025-07-29,Maos Chitim 2025,470,Delete
27896,Kim Smith,GJwz1vUIXk7SEGV2Q3MS,10.00,2025-08-12,New Invoice,133745,2025-08-12,None,99449,2025-07-29,CF25,254,Transfer campaign then delete
27896,Kim Smith,GJwz1vUIXk7SEGV2Q3MS,10.00,2025-08-12,New Invoice,133745,2025-08-12,None,134121,2025-05-23,None,,Delete
27953,Mina Krumbein,goov02bBonQrIIQRy4pi,180.00,2025-08-12,New Invoice,133746,2025-08-12,None,100225,2025-07-29,Maos Chitim 2025,470,Transfer campaign then delete
29223,Alan Jemal,JRctY4p4uCJxiWHvbRrg,100.00,2025-08-12,New Invoice,136263,2025-08-12,946,99451,2025-07-29,CF25,254,Delete
31937,Mr. & Mrs. Norman Schmutter,qJW9xz4h2CtyWHuk4Nh9,1800.00,2025-08-12,New Invoice,133750,2025-08-12,None,99376,2025-09-01,Bergen25,458,Transfer campaign then delete
31937,Mr. & Mrs. Norman Schmutter,qJW9xz4h2CtyWHuk4Nh9,1800.00,2025-08-12,New Invoice,133750,2025-08-12,None,99387,2025-09-30,Bergen25,458,Transfer campaign then delete
31937,Mr. & Mrs. Norman Schmutter,qJW9xz4h2CtyWHuk4Nh9,1800.00,2025-08-12,New Invoice,133750,2025-08-12,None,99418,2025-07-29,CF25,254,Delete
31937,Mr. & Mrs. Norman Schmutter,qJW9xz4h2CtyWHuk4Nh9,1800.00,2025-08-12,New Invoice,133750,2025-08-12,None,99835,2025-05-29,GD25,462,Delete
31937,Mr. & Mrs. Norman Schmutter,qJW9xz4h2CtyWHuk4Nh9,1800.00,2025-08-12,New Invoice,133750,2025-08-12,None,99836,2025-04-29,GD25,462,Delete
31937,Mr. & Mrs. Norman Schmutter,qJW9xz4h2CtyWHuk4Nh9,1800.00,2025-08-12,New Invoice,133750,2025-08-12,None,99871,2025-03-31,GD25,462,Delete
31937,Mr. & Mrs. Norman Schmutter,qJW9xz4h2CtyWHuk4Nh9,1800.00,2025-08-12,New Invoice,133750,2025-08-12,None,99992,2025-02-25,GD25,462,Delete
31937,Mr. & Mrs. Norman Schmutter,qJW9xz4h2CtyWHuk4Nh9,1800.00,2025-08-12,New Invoice,133750,2025-08-12,None,132678,2025-12-03,None,,Delete
31937,Mr. & Mrs. Norman Schmutter,qJW9xz4h2CtyWHuk4Nh9,1800.00,2025-08-12,New Invoice,133750,2025-08-12,None,132864,2025-10-31,None,,Delete
31937,Mr. & Mrs. Norman Schmutter,qJW9xz4h2CtyWHuk4Nh9,1800.00,2025-08-12,New Invoice,133750,2025-08-12,None,133281,2025-10-05,None,,Delete
31937,Mr. & Mrs. Norman Schmutter,qJW9xz4h2CtyWHuk4Nh9,1800.00,2025-08-12,New Invoice,133750,2025-08-12,None,133642,2025-09-09,None,,Delete
31937,Mr. & Mrs. Norman Schmutter,qJW9xz4h2CtyWHuk4Nh9,1800.00,2025-08-12,New Invoice,133750,2025-08-12,None,133943,2025-07-02,None,,Delete
31937,Mr. & Mrs. Norman Schmutter,qJW9xz4h2CtyWHuk4Nh9,1800.00,2025-08-12,New Invoice,133750,2025-08-12,None,134093,2025-06-04,None,,Delete
31937,Mr. & Mrs. Norman Schmutter,qJW9xz4h2CtyWHuk4Nh9,1800.00,2025-08-12,New Invoice,133750,2025-08-12,None,134239,2025-05-05,None,,Delete
31937,Mr. & Mrs. Norman Schmutter,qJW9xz4h2CtyWHuk4Nh9,1800.00,2025-08-12,New Invoice,133750,2025-08-12,None,134627,2025-04-09,None,,Delete
31937,Mr. & Mrs. Norman Schmutter,qJW9xz4h2CtyWHuk4Nh9,1800.00,2025-08-12,New Invoice,133750,2025-08-12,None,134834,2025-03-12,None,,Delete
31937,Mr. & Mrs. Norman Schmutter,qJW9xz4h2CtyWHuk4Nh9,1800.00,2025-08-12,New Invoice,133750,2025-08-12,None,134861,2025-03-04,None,,Delete
29574,Patrick Clark,kmZHJ2LdWgy6SHFKEZnH,100.00,2025-08-05,New Invoice,133809,2025-08-05,None,104378,2025-01-10,None,,Delete
29574,Patrick Clark,kmZHJ2LdWgy6SHFKEZnH,100.00,2025-08-05,New Invoice,133809,2025-08-05,None,99947,2025-03-18,GD25,462,Transfer campaign then delete
29574,Patrick Clark,kmZHJ2LdWgy6SHFKEZnH,100.00,2025-08-05,New Invoice,133809,2025-08-05,None,100005,2025-02-24,GD25,462,Transfer campaign then delete
29574,Patrick Clark,kmZHJ2LdWgy6SHFKEZnH,100.00,2025-08-05,New Invoice,133809,2025-08-05,None,100711,2025-06-25,Recurring,472,Delete
29574,Patrick Clark,kmZHJ2LdWgy6SHFKEZnH,100.00,2025-08-05,New Invoice,133809,2025-08-05,None,101615,2025-08-18,RMKSPL25,477,Delete
29574,Patrick Clark,kmZHJ2LdWgy6SHFKEZnH,100.00,2025-08-05,New Invoice,133809,2025-08-05,None,101617,2025-07-17,RMKSPL25,477,Delete
29574,Patrick Clark,kmZHJ2LdWgy6SHFKEZnH,100.00,2025-08-05,New Invoice,133809,2025-08-05,None,133658,2025-08-25,None,,Delete
29574,Patrick Clark,kmZHJ2LdWgy6SHFKEZnH,100.00,2025-08-05,New Invoice,133809,2025-08-05,None,133958,2025-07-02,None,,Delete
29574,Patrick Clark,kmZHJ2LdWgy6SHFKEZnH,100.00,2025-08-05,New Invoice,133809,2025-08-05,None,134134,2025-05-21,None,,Delete
29574,Patrick Clark,kmZHJ2LdWgy6SHFKEZnH,100.00,2025-08-05,New Invoice,133809,2025-08-05,None,134338,2025-04-15,None,,Delete
29574,Patrick Clark,kmZHJ2LdWgy6SHFKEZnH,100.00,2025-08-05,New Invoice,133809,2025-08-05,None,134770,2025-03-21,None,,Delete
29574,Patrick Clark,kmZHJ2LdWgy6SHFKEZnH,100.00,2025-08-05,New Invoice,133809,2025-08-05,None,134874,2025-03-04,None,,Delete
29574,Patrick Clark,kmZHJ2LdWgy6SHFKEZnH,135.00,2025-08-05,New Invoice,133810,2025-08-05,None,101618,2025-07-17,RMKSPL25,477,Transfer campaign then delete
27856,Stanley Saal,ggLMwdD9a2Sjgi5BJd4G,50.00,2025-08-05,New Invoice,133811,2025-08-05,None,100226,2025-07-17,Maos Chitim 2025,470,Transfer campaign then delete
27128,Gerald Unger,elThEhCofT7djiRD9hTR,180.00,2025-08-05,New Invoice,136269,2025-08-05,946,100229,2025-07-17,Maos Chitim 2025,470,Delete
33149,Martin Herzberg,tLjtoIJrpk2L8ftuy5AV,50.00,2025-08-05,New Invoice,133815,2025-08-05,None,100231,2025-07-17,Maos Chitim 2025,470,Transfer campaign then delete
34856,Josef Hartmann,XxeNd22YrpkeAIFS5STk,10.00,2025-08-05,New Invoice,133816,2025-08-05,None,99454,2025-07-17,CF25,254,Transfer campaign then delete
24209,Sidney Zelman,4Pp4jNgMIuJMqls54HoD,10.00,2025-08-05,New Invoice,133818,2025-08-05,None,99456,2025-07-17,CF25,254,Transfer campaign then delete
24673,Robert Neuman,6yw7NqQmSgLMKqvtDBEz,300.00,2025-08-05,New Invoice,133819,2025-08-05,None,101613,2025-09-14,RMKSPL25,477,Transfer campaign then delete
24673,Robert Neuman,6yw7NqQmSgLMKqvtDBEz,300.00,2025-08-05,New Invoice,133819,2025-08-05,None,101614,2025-09-04,RMKSPL25,477,Transfer campaign then delete
24673,Robert Neuman,6yw7NqQmSgLMKqvtDBEz,300.00,2025-08-05,New Invoice,133819,2025-08-05,None,101619,2025-07-17,RMKSPL25,477,Transfer campaign then delete
24673,Robert Neuman,6yw7NqQmSgLMKqvtDBEz,300.00,2025-08-05,New Invoice,133819,2025-08-05,None,101622,2025-06-23,RMKSPL25,477,Transfer campaign then delete
24673,Robert Neuman,6yw7NqQmSgLMKqvtDBEz,300.00,2025-08-05,New Invoice,133819,2025-08-05,None,132728,2025-12-01,None,,Delete
24673,Robert Neuman,6yw7NqQmSgLMKqvtDBEz,300.00,2025-08-05,New Invoice,133819,2025-08-05,None,133589,2025-09-17,None,,Delete
24673,Robert Neuman,6yw7NqQmSgLMKqvtDBEz,300.00,2025-08-05,New Invoice,133819,2025-08-05,None,133635,2025-09-09,None,,Delete
24673,Robert Neuman,6yw7NqQmSgLMKqvtDBEz,300.00,2025-08-05,New Invoice,133819,2025-08-05,None,133965,2025-07-02,None,,Delete
24673,Robert Neuman,6yw7NqQmSgLMKqvtDBEz,300.00,2025-08-05,New Invoice,133819,2025-08-05,None,134113,2025-05-23,None,,Delete
24361,Asher Roshanzamir,5kgTPu7vVf2T76WvEwP3,1800.00,2025-08-05,New Invoice,136271,2025-08-05,946,101620,2025-07-17,RMKSPL25,477,Delete
52156,Norman Linzer,3HE72vxO5y8e97EB7jH2,100.00,2025-08-01,Subscription for norman linzer,133831,2025-08-01,None,132736,2025-12-01,None,,Delete
52156,Norman Linzer,3HE72vxO5y8e97EB7jH2,100.00,2025-08-01,Subscription for norman linzer,133831,2025-08-01,None,132847,2025-11-01,None,,Delete
52156,Norman Linzer,3HE72vxO5y8e97EB7jH2,100.00,2025-08-01,Subscription for norman linzer,133831,2025-08-01,None,133353,2025-10-01,None,,Delete
52156,Norman Linzer,3HE72vxO5y8e97EB7jH2,100.00,2025-08-01,Subscription for norman linzer,133831,2025-08-01,None,133652,2025-09-01,None,,Delete
52156,Norman Linzer,3HE72vxO5y8e97EB7jH2,100.00,2025-08-01,Subscription for norman linzer,133831,2025-08-01,None,134047,2025-06-13,None,,Delete
52156,Norman Linzer,3HE72vxO5y8e97EB7jH2,100.00,2025-08-01,Subscription for norman linzer,133831,2025-08-01,None,134163,2025-05-14,None,,Delete
52156,Norman Linzer,3HE72vxO5y8e97EB7jH2,100.00,2025-08-01,Subscription for norman linzer,133831,2025-08-01,None,134559,2025-04-14,None,,Delete
52156,Norman Linzer,3HE72vxO5y8e97EB7jH2,100.00,2025-08-01,Subscription for norman linzer,133831,2025-08-01,None,134801,2025-03-13,None,,Delete
52865,Murray i. Klier,8thXUxHs9eiXcwYzgvjY,10.00,2025-07-24,New Invoice,136273,2025-07-24,946,136063,2025-10-20,New Invoice,946,Delete
28006,Steven Trenk,GRsguwaXgXvCehGOWRa2,25.00,2025-07-24,New Invoice,133865,2025-07-24,None,43112,2025-06-08,None,,Delete
28006,Steven Trenk,GRsguwaXgXvCehGOWRa2,25.00,2025-07-24,New Invoice,133865,2025-07-24,None,43115,2025-03-09,None,,Delete
28006,Steven Trenk,GRsguwaXgXvCehGOWRa2,25.00,2025-07-24,New Invoice,133865,2025-07-24,None,43116,2025-02-06,None,,Delete
28006,Steven Trenk,GRsguwaXgXvCehGOWRa2,25.00,2025-07-24,New Invoice,133865,2025-07-24,None,43117,2025-01-02,None,,Delete
28006,Steven Trenk,GRsguwaXgXvCehGOWRa2,25.00,2025-07-24,New Invoice,133865,2025-07-24,None,100527,2025-04-07,Maos Chitim 2025,470,Transfer campaign then delete
28006,Steven Trenk,GRsguwaXgXvCehGOWRa2,25.00,2025-07-24,New Invoice,133865,2025-07-24,None,100612,2025-11-06,Recurring,472,Delete
28006,Steven Trenk,GRsguwaXgXvCehGOWRa2,25.00,2025-07-24,New Invoice,133865,2025-07-24,None,100631,2025-10-15,Recurring,472,Delete
28006,Steven Trenk,GRsguwaXgXvCehGOWRa2,25.00,2025-07-24,New Invoice,133865,2025-07-24,None,100650,2025-09-09,Recurring,472,Delete
28006,Steven Trenk,GRsguwaXgXvCehGOWRa2,25.00,2025-07-24,New Invoice,133865,2025-07-24,None,100682,2025-08-07,Recurring,472,Delete
28006,Steven Trenk,GRsguwaXgXvCehGOWRa2,25.00,2025-07-24,New Invoice,133865,2025-07-24,None,100690,2025-07-08,Recurring,472,Delete
28006,Steven Trenk,GRsguwaXgXvCehGOWRa2,25.00,2025-07-24,New Invoice,133865,2025-07-24,None,132566,2025-12-11,Monthly,854,Delete
28006,Steven Trenk,GRsguwaXgXvCehGOWRa2,25.00,2025-07-24,New Invoice,133865,2025-07-24,None,132796,2025-11-10,None,,Delete
28006,Steven Trenk,GRsguwaXgXvCehGOWRa2,25.00,2025-07-24,New Invoice,133865,2025-07-24,None,132939,2025-10-20,None,,Delete
28006,Steven Trenk,GRsguwaXgXvCehGOWRa2,25.00,2025-07-24,New Invoice,133865,2025-07-24,None,133598,2025-09-17,None,,Delete
28006,Steven Trenk,GRsguwaXgXvCehGOWRa2,25.00,2025-07-24,New Invoice,133865,2025-07-24,None,133721,2025-08-12,None,,Delete
28006,Steven Trenk,GRsguwaXgXvCehGOWRa2,25.00,2025-07-24,New Invoice,133865,2025-07-24,None,134055,2025-06-13,None,,Delete
28006,Steven Trenk,GRsguwaXgXvCehGOWRa2,25.00,2025-07-24,New Invoice,133865,2025-07-24,None,134158,2025-05-14,None,,Delete
28006,Steven Trenk,GRsguwaXgXvCehGOWRa2,25.00,2025-07-24,New Invoice,133865,2025-07-24,None,134529,2025-04-14,None,,Delete
28006,Steven Trenk,GRsguwaXgXvCehGOWRa2,25.00,2025-07-24,New Invoice,133865,2025-07-24,None,134818,2025-03-12,None,,Delete
34190,Hanna Zehnwirth,wB57W1sr5qEchHHzmslh,36.00,2025-07-24,New Invoice,136276,2025-07-24,946,99460,2025-07-08,CF25,254,Delete
29340,Israel Sherman,k0wBxznsW2sNraVY4Uru,200.00,2025-07-24,New Invoice,133868,2025-07-24,None,51774,2025-06-10,None,,Delete
29340,Israel Sherman,k0wBxznsW2sNraVY4Uru,200.00,2025-07-24,New Invoice,133868,2025-07-24,None,51776,2025-04-07,None,,Delete
29340,Israel Sherman,k0wBxznsW2sNraVY4Uru,200.00,2025-07-24,New Invoice,133868,2025-07-24,None,51779,2025-01-13,None,,Delete
29340,Israel Sherman,k0wBxznsW2sNraVY4Uru,200.00,2025-07-24,New Invoice,133868,2025-07-24,None,100611,2025-11-06,Recurring,472,Transfer campaign then delete
29340,Israel Sherman,k0wBxznsW2sNraVY4Uru,200.00,2025-07-24,New Invoice,133868,2025-07-24,None,100632,2025-10-15,Recurring,472,Transfer campaign then delete
29340,Israel Sherman,k0wBxznsW2sNraVY4Uru,200.00,2025-07-24,New Invoice,133868,2025-07-24,None,100651,2025-09-09,Recurring,472,Transfer campaign then delete
29340,Israel Sherman,k0wBxznsW2sNraVY4Uru,200.00,2025-07-24,New Invoice,133868,2025-07-24,None,100683,2025-08-07,Recurring,472,Transfer campaign then delete
29340,Israel Sherman,k0wBxznsW2sNraVY4Uru,200.00,2025-07-24,New Invoice,133868,2025-07-24,None,100691,2025-07-08,Recurring,472,Transfer campaign then delete
29340,Israel Sherman,k0wBxznsW2sNraVY4Uru,200.00,2025-07-24,New Invoice,133868,2025-07-24,None,132650,2025-12-09,None,,Delete
29340,Israel Sherman,k0wBxznsW2sNraVY4Uru,200.00,2025-07-24,New Invoice,133868,2025-07-24,None,132795,2025-11-10,None,,Delete
29340,Israel Sherman,k0wBxznsW2sNraVY4Uru,200.00,2025-07-24,New Invoice,133868,2025-07-24,None,132941,2025-10-20,None,,Delete
29340,Israel Sherman,k0wBxznsW2sNraVY4Uru,200.00,2025-07-24,New Invoice,133868,2025-07-24,None,133599,2025-09-17,None,,Delete
29340,Israel Sherman,k0wBxznsW2sNraVY4Uru,200.00,2025-07-24,New Invoice,133868,2025-07-24,None,133722,2025-08-12,None,,Delete
29340,Israel Sherman,k0wBxznsW2sNraVY4Uru,200.00,2025-07-24,New Invoice,133868,2025-07-24,None,134040,2025-06-13,None,,Delete
29340,Israel Sherman,k0wBxznsW2sNraVY4Uru,200.00,2025-07-24,New Invoice,133868,2025-07-24,None,134192,2025-05-06,None,,Delete
29340,Israel Sherman,k0wBxznsW2sNraVY4Uru,200.00,2025-07-24,New Invoice,133868,2025-07-24,None,134403,2025-04-15,None,,Delete
29340,Israel Sherman,k0wBxznsW2sNraVY4Uru,200.00,2025-07-24,New Invoice,133868,2025-07-24,None,134799,2025-03-13,None,,Delete
27244,Moshe Hirschfeld,EW5TXgxJa3LiOYuftZL3,5.00,2025-07-24,New Invoice,133870,2025-07-24,None,100234,2025-07-08,Maos Chitim 2025,470,Transfer campaign then delete
30246,Larry Latham,MCJdMJdeM93ygP2IgvcR,218.00,2025-07-24,New Invoice,133875,2025-07-24,None,57476,2025-05-20,None,,Delete
30246,Larry Latham,MCJdMJdeM93ygP2IgvcR,218.00,2025-07-24,New Invoice,133875,2025-07-24,None,57479,2025-01-17,None,,Delete
30246,Larry Latham,MCJdMJdeM93ygP2IgvcR,218.00,2025-07-24,New Invoice,133875,2025-07-24,None,100644,2025-09-21,Recurring,472,Transfer campaign then delete
30246,Larry Latham,MCJdMJdeM93ygP2IgvcR,218.00,2025-07-24,New Invoice,133875,2025-07-24,None,100665,2025-08-19,Recurring,472,Transfer campaign then delete
30246,Larry Latham,MCJdMJdeM93ygP2IgvcR,218.00,2025-07-24,New Invoice,133875,2025-07-24,None,100696,2025-07-21,Recurring,472,Transfer campaign then delete
30246,Larry Latham,MCJdMJdeM93ygP2IgvcR,218.00,2025-07-24,New Invoice,133875,2025-07-24,None,135929,2025-12-29,Monthly,854,Delete
30246,Larry Latham,MCJdMJdeM93ygP2IgvcR,218.00,2025-07-24,New Invoice,133875,2025-07-24,None,132525,2025-11-19,ID 736,736,Delete
30246,Larry Latham,MCJdMJdeM93ygP2IgvcR,218.00,2025-07-24,New Invoice,133875,2025-07-24,None,132738,2025-11-26,None,,Delete
30246,Larry Latham,MCJdMJdeM93ygP2IgvcR,218.00,2025-07-24,New Invoice,133875,2025-07-24,None,132891,2025-10-23,None,,Delete
30246,Larry Latham,MCJdMJdeM93ygP2IgvcR,218.00,2025-07-24,New Invoice,133875,2025-07-24,None,133450,2025-09-29,None,,Delete
30246,Larry Latham,MCJdMJdeM93ygP2IgvcR,218.00,2025-07-24,New Invoice,133875,2025-07-24,None,133657,2025-08-25,None,,Delete
30246,Larry Latham,MCJdMJdeM93ygP2IgvcR,218.00,2025-07-24,New Invoice,133875,2025-07-24,None,133991,2025-06-23,None,,Delete
30246,Larry Latham,MCJdMJdeM93ygP2IgvcR,218.00,2025-07-24,New Invoice,133875,2025-07-24,None,134125,2025-05-23,None,,Delete
30246,Larry Latham,MCJdMJdeM93ygP2IgvcR,218.00,2025-07-24,New Invoice,133875,2025-07-24,None,134291,2025-04-25,None,,Delete
30246,Larry Latham,MCJdMJdeM93ygP2IgvcR,218.00,2025-07-24,New Invoice,133875,2025-07-24,None,134756,2025-03-21,None,,Delete
34309,Haroon Saghian,wKf09abxjQJwGLfkA2rg,260.00,2025-07-24,New Invoice,133881,2025-07-24,None,83510,2025-06-17,None,,Delete
34309,Haroon Saghian,wKf09abxjQJwGLfkA2rg,260.00,2025-07-24,New Invoice,133881,2025-07-24,None,83512,2025-03-17,None,,Delete
34309,Haroon Saghian,wKf09abxjQJwGLfkA2rg,260.00,2025-07-24,New Invoice,133881,2025-07-24,None,83513,2025-01-15,None,,Delete
34309,Haroon Saghian,wKf09abxjQJwGLfkA2rg,260.00,2025-07-24,New Invoice,133881,2025-07-24,None,136215,2025-09-29,New Invoice,946,Transfer campaign then delete
34309,Haroon Saghian,wKf09abxjQJwGLfkA2rg,260.00,2025-07-24,New Invoice,133881,2025-07-24,None,136243,2025-08-25,New Invoice,946,Transfer campaign then delete
34309,Haroon Saghian,wKf09abxjQJwGLfkA2rg,260.00,2025-07-24,New Invoice,133881,2025-07-24,None,100628,2025-10-15,Recurring,472,Delete
34309,Haroon Saghian,wKf09abxjQJwGLfkA2rg,260.00,2025-07-24,New Invoice,133881,2025-07-24,None,100646,2025-09-16,Recurring,472,Delete
34309,Haroon Saghian,wKf09abxjQJwGLfkA2rg,260.00,2025-07-24,New Invoice,133881,2025-07-24,None,100668,2025-08-17,Recurring,472,Delete
34309,Haroon Saghian,wKf09abxjQJwGLfkA2rg,260.00,2025-07-24,New Invoice,133881,2025-07-24,None,135994,2025-11-26,New Invoice,946,Transfer campaign then delete
34309,Haroon Saghian,wKf09abxjQJwGLfkA2rg,260.00,2025-07-24,New Invoice,133881,2025-07-24,None,136030,2025-10-20,New Invoice,946,Transfer campaign then delete
34309,Haroon Saghian,wKf09abxjQJwGLfkA2rg,260.00,2025-07-24,New Invoice,133881,2025-07-24,None,132515,2025-11-17,ID 736,736,Delete
34309,Haroon Saghian,wKf09abxjQJwGLfkA2rg,260.00,2025-07-24,New Invoice,133881,2025-07-24,None,134141,2025-05-20,None,,Delete
34309,Haroon Saghian,wKf09abxjQJwGLfkA2rg,260.00,2025-07-24,New Invoice,133881,2025-07-24,None,135908,2025-12-29,Monthly,854,Delete
34309,Haroon Saghian,wKf09abxjQJwGLfkA2rg,260.00,2025-07-24,New Invoice,133881,2025-07-24,None,136292,2025-06-23,New Invoice,946,Transfer campaign then delete
34309,Haroon Saghian,wKf09abxjQJwGLfkA2rg,260.00,2025-07-24,New Invoice,133881,2025-07-24,None,136471,2025-03-21,New Invoice,946,Transfer campaign then delete
52429,Unknown,G13Zi1gEj4mYuhw46hk2,1.00,2025-07-17,Frisbee Event,133905,2025-07-17,None,134099,2025-05-29,None,,Delete
52429,Unknown,G13Zi1gEj4mYuhw46hk2,1.00,2025-07-17,Frisbee Event,133905,2025-07-17,None,134130,2025-05-22,None,,Delete
52429,Unknown,G13Zi1gEj4mYuhw46hk2,1.00,2025-07-17,Frisbee Event,133905,2025-07-17,None,134782,2025-03-18,None,,Delete
52429,Unknown,G13Zi1gEj4mYuhw46hk2,1.00,2025-07-17,Frisbee Event,133905,2025-07-17,None,134895,2025-02-19,None,,Delete
52429,Unknown,G13Zi1gEj4mYuhw46hk2,1.00,2025-07-17,Frisbee Event,133905,2025-07-17,None,134904,2025-02-13,None,,Delete
52549,Unknown,h7yVAlzNbwpFJDP313aL,180.00,2025-07-04,General Donation form With Recurring Donations and Manual Donations,136284,2025-07-04,942,136299,2025-06-16,General Donation form With Recurring Donations and Manual Donations,942,Delete
31937,Mr. & Mrs. Norman Schmutter,qJW9xz4h2CtyWHuk4Nh9,1800.00,2025-07-02,New Invoice,133943,2025-07-02,None,99376,2025-09-01,Bergen25,458,Transfer campaign then delete
31937,Mr. & Mrs. Norman Schmutter,qJW9xz4h2CtyWHuk4Nh9,1800.00,2025-07-02,New Invoice,133943,2025-07-02,None,99387,2025-09-30,Bergen25,458,Transfer campaign then delete
31937,Mr. & Mrs. Norman Schmutter,qJW9xz4h2CtyWHuk4Nh9,1800.00,2025-07-02,New Invoice,133943,2025-07-02,None,99418,2025-07-29,CF25,254,Delete
31937,Mr. & Mrs. Norman Schmutter,qJW9xz4h2CtyWHuk4Nh9,1800.00,2025-07-02,New Invoice,133943,2025-07-02,None,99835,2025-05-29,GD25,462,Delete
31937,Mr. & Mrs. Norman Schmutter,qJW9xz4h2CtyWHuk4Nh9,1800.00,2025-07-02,New Invoice,133943,2025-07-02,None,99836,2025-04-29,GD25,462,Delete
31937,Mr. & Mrs. Norman Schmutter,qJW9xz4h2CtyWHuk4Nh9,1800.00,2025-07-02,New Invoice,133943,2025-07-02,None,99871,2025-03-31,GD25,462,Delete
31937,Mr. & Mrs. Norman Schmutter,qJW9xz4h2CtyWHuk4Nh9,1800.00,2025-07-02,New Invoice,133943,2025-07-02,None,99992,2025-02-25,GD25,462,Delete
31937,Mr. & Mrs. Norman Schmutter,qJW9xz4h2CtyWHuk4Nh9,1800.00,2025-07-02,New Invoice,133943,2025-07-02,None,132678,2025-12-03,None,,Delete
31937,Mr. & Mrs. Norman Schmutter,qJW9xz4h2CtyWHuk4Nh9,1800.00,2025-07-02,New Invoice,133943,2025-07-02,None,132864,2025-10-31,None,,Delete
31937,Mr. & Mrs. Norman Schmutter,qJW9xz4h2CtyWHuk4Nh9,1800.00,2025-07-02,New Invoice,133943,2025-07-02,None,133281,2025-10-05,None,,Delete
31937,Mr. & Mrs. Norman Schmutter,qJW9xz4h2CtyWHuk4Nh9,1800.00,2025-07-02,New Invoice,133943,2025-07-02,None,133642,2025-09-09,None,,Delete
31937,Mr. & Mrs. Norman Schmutter,qJW9xz4h2CtyWHuk4Nh9,1800.00,2025-07-02,New Invoice,133943,2025-07-02,None,133750,2025-08-12,None,,Delete
31937,Mr. & Mrs. Norman Schmutter,qJW9xz4h2CtyWHuk4Nh9,1800.00,2025-07-02,New Invoice,133943,2025-07-02,None,134093,2025-06-04,None,,Delete
31937,Mr. & Mrs. Norman Schmutter,qJW9xz4h2CtyWHuk4Nh9,1800.00,2025-07-02,New Invoice,133943,2025-07-02,None,134239,2025-05-05,None,,Delete
31937,Mr. & Mrs. Norman Schmutter,qJW9xz4h2CtyWHuk4Nh9,1800.00,2025-07-02,New Invoice,133943,2025-07-02,None,134627,2025-04-09,None,,Delete
31937,Mr. & Mrs. Norman Schmutter,qJW9xz4h2CtyWHuk4Nh9,1800.00,2025-07-02,New Invoice,133943,2025-07-02,None,134834,2025-03-12,None,,Delete
31937,Mr. & Mrs. Norman Schmutter,qJW9xz4h2CtyWHuk4Nh9,1800.00,2025-07-02,New Invoice,133943,2025-07-02,None,134861,2025-03-04,None,,Delete
28913,Mr. & Mrs. Joseph Hoch,iYwrqKrjtAOtdUeJEBS2,150.00,2025-07-02,New Invoice,133944,2025-07-02,None,99821,2025-05-31,GD25,462,Transfer campaign then delete
28913,Mr. & Mrs. Joseph Hoch,iYwrqKrjtAOtdUeJEBS2,150.00,2025-07-02,New Invoice,133944,2025-07-02,None,100154,2025-09-02,Maos Chitim 2025,470,Delete
28913,Mr. & Mrs. Joseph Hoch,iYwrqKrjtAOtdUeJEBS2,150.00,2025-07-02,New Invoice,133944,2025-07-02,None,100292,2025-05-01,Maos Chitim 2025,470,Delete
28913,Mr. & Mrs. Joseph Hoch,iYwrqKrjtAOtdUeJEBS2,150.00,2025-07-02,New Invoice,133944,2025-07-02,None,100613,2025-10-01,Recurring,472,Delete
28913,Mr. & Mrs. Joseph Hoch,iYwrqKrjtAOtdUeJEBS2,150.00,2025-07-02,New Invoice,133944,2025-07-02,None,100684,2025-08-03,Recurring,472,Delete
28913,Mr. & Mrs. Joseph Hoch,iYwrqKrjtAOtdUeJEBS2,150.00,2025-07-02,New Invoice,133944,2025-07-02,None,132680,2025-12-03,None,,Delete
28913,Mr. & Mrs. Joseph Hoch,iYwrqKrjtAOtdUeJEBS2,150.00,2025-07-02,New Invoice,133944,2025-07-02,None,132825,2025-11-05,None,,Delete
28913,Mr. & Mrs. Joseph Hoch,iYwrqKrjtAOtdUeJEBS2,150.00,2025-07-02,New Invoice,133944,2025-07-02,None,133218,2025-10-05,None,,Delete
28913,Mr. & Mrs. Joseph Hoch,iYwrqKrjtAOtdUeJEBS2,150.00,2025-07-02,New Invoice,133944,2025-07-02,None,133641,2025-09-09,None,,Delete
28913,Mr. & Mrs. Joseph Hoch,iYwrqKrjtAOtdUeJEBS2,150.00,2025-07-02,New Invoice,133944,2025-07-02,None,133726,2025-08-12,None,,Delete
28913,Mr. & Mrs. Joseph Hoch,iYwrqKrjtAOtdUeJEBS2,150.00,2025-07-02,New Invoice,133944,2025-07-02,None,134071,2025-06-11,None,,Delete
28913,Mr. & Mrs. Joseph Hoch,iYwrqKrjtAOtdUeJEBS2,150.00,2025-07-02,New Invoice,133944,2025-07-02,None,134228,2025-05-05,None,,Delete
35230,Daniel Shnidman,yVdUJCfNvDLaLZWEULps,50.00,2025-07-02,New Invoice,133949,2025-07-02,None,101394,2025-10-02,RH25,475,Transfer campaign then delete
35230,Daniel Shnidman,yVdUJCfNvDLaLZWEULps,50.00,2025-07-02,New Invoice,133949,2025-07-02,None,136120,2025-10-17,New Invoice,946,Delete
29574,Patrick Clark,kmZHJ2LdWgy6SHFKEZnH,100.00,2025-07-02,New Invoice,133958,2025-07-02,None,104378,2025-01-10,None,,Delete
29574,Patrick Clark,kmZHJ2LdWgy6SHFKEZnH,100.00,2025-07-02,New Invoice,133958,2025-07-02,None,99947,2025-03-18,GD25,462,Transfer campaign then delete
29574,Patrick Clark,kmZHJ2LdWgy6SHFKEZnH,100.00,2025-07-02,New Invoice,133958,2025-07-02,None,100005,2025-02-24,GD25,462,Transfer campaign then delete
29574,Patrick Clark,kmZHJ2LdWgy6SHFKEZnH,100.00,2025-07-02,New Invoice,133958,2025-07-02,None,100711,2025-06-25,Recurring,472,Delete
29574,Patrick Clark,kmZHJ2LdWgy6SHFKEZnH,100.00,2025-07-02,New Invoice,133958,2025-07-02,None,101615,2025-08-18,RMKSPL25,477,Delete
29574,Patrick Clark,kmZHJ2LdWgy6SHFKEZnH,100.00,2025-07-02,New Invoice,133958,2025-07-02,None,101617,2025-07-17,RMKSPL25,477,Delete
29574,Patrick Clark,kmZHJ2LdWgy6SHFKEZnH,100.00,2025-07-02,New Invoice,133958,2025-07-02,None,133658,2025-08-25,None,,Delete
29574,Patrick Clark,kmZHJ2LdWgy6SHFKEZnH,100.00,2025-07-02,New Invoice,133958,2025-07-02,None,133809,2025-08-05,None,,Delete
29574,Patrick Clark,kmZHJ2LdWgy6SHFKEZnH,100.00,2025-07-02,New Invoice,133958,2025-07-02,None,134134,2025-05-21,None,,Delete
29574,Patrick Clark,kmZHJ2LdWgy6SHFKEZnH,100.00,2025-07-02,New Invoice,133958,2025-07-02,None,134338,2025-04-15,None,,Delete
29574,Patrick Clark,kmZHJ2LdWgy6SHFKEZnH,100.00,2025-07-02,New Invoice,133958,2025-07-02,None,134770,2025-03-21,None,,Delete
29574,Patrick Clark,kmZHJ2LdWgy6SHFKEZnH,100.00,2025-07-02,New Invoice,133958,2025-07-02,None,134874,2025-03-04,None,,Delete
29574,Patrick Clark,kmZHJ2LdWgy6SHFKEZnH,330.00,2025-07-02,New Invoice,133959,2025-07-02,None,100712,2025-06-25,Recurring,472,Transfer campaign then delete
24026,William Stohl,3VaoskoXbIlRWsy4yLcG,1800.00,2025-07-02,New Invoice,133960,2025-07-02,None,99474,2025-06-25,CF25,254,Transfer campaign then delete
23749,Mr. & Mrs. Charles Ickowicz,2McPsmGUbTw38raWhul6,180.00,2025-07-02,New Invoice,136288,2025-07-02,946,99475,2025-06-25,CF25,254,Delete
24710,Evan Krisch,n7rlU8Wfy3x2upQZAA3i,150.00,2025-07-02,New Invoice,136289,2025-07-02,946,22837,2025-04-20,None,,Delete
24710,Evan Krisch,n7rlU8Wfy3x2upQZAA3i,150.00,2025-07-02,New Invoice,136289,2025-07-02,946,22839,2025-02-24,None,,Delete
24710,Evan Krisch,n7rlU8Wfy3x2upQZAA3i,150.00,2025-07-02,New Invoice,136289,2025-07-02,946,22840,2025-01-16,None,,Delete
24710,Evan Krisch,n7rlU8Wfy3x2upQZAA3i,150.00,2025-07-02,New Invoice,136289,2025-07-02,946,100643,2025-09-23,Recurring,472,Delete
24710,Evan Krisch,n7rlU8Wfy3x2upQZAA3i,150.00,2025-07-02,New Invoice,136289,2025-07-02,946,100663,2025-09-04,Recurring,472,Delete
24710,Evan Krisch,n7rlU8Wfy3x2upQZAA3i,150.00,2025-07-02,New Invoice,136289,2025-07-02,946,100686,2025-07-29,Recurring,472,Delete
24710,Evan Krisch,n7rlU8Wfy3x2upQZAA3i,150.00,2025-07-02,New Invoice,136289,2025-07-02,946,135882,2025-12-26,CH25,855,Delete
24710,Evan Krisch,n7rlU8Wfy3x2upQZAA3i,150.00,2025-07-02,New Invoice,136289,2025-07-02,946,132671,2025-12-03,None,,Delete
24710,Evan Krisch,n7rlU8Wfy3x2upQZAA3i,150.00,2025-07-02,New Invoice,136289,2025-07-02,946,132896,2025-10-23,None,,Delete
24710,Evan Krisch,n7rlU8Wfy3x2upQZAA3i,150.00,2025-07-02,New Invoice,136289,2025-07-02,946,133433,2025-09-30,None,,Delete
24710,Evan Krisch,n7rlU8Wfy3x2upQZAA3i,150.00,2025-07-02,New Invoice,136289,2025-07-02,946,133636,2025-09-09,None,,Delete
24710,Evan Krisch,n7rlU8Wfy3x2upQZAA3i,150.00,2025-07-02,New Invoice,136289,2025-07-02,946,133739,2025-08-12,None,,Delete
24710,Evan Krisch,n7rlU8Wfy3x2upQZAA3i,150.00,2025-07-02,New Invoice,136289,2025-07-02,946,134122,2025-05-23,None,,Delete
24710,Evan Krisch,n7rlU8Wfy3x2upQZAA3i,150.00,2025-07-02,New Invoice,136289,2025-07-02,946,134311,2025-04-25,None,,Delete
24710,Evan Krisch,n7rlU8Wfy3x2upQZAA3i,150.00,2025-07-02,New Invoice,136289,2025-07-02,946,134734,2025-03-26,None,,Delete
24710,Evan Krisch,n7rlU8Wfy3x2upQZAA3i,150.00,2025-07-02,New Invoice,136289,2025-07-02,946,134864,2025-03-04,None,,Delete
32921,Pastor Terry Kirk,SXP6RWGBFTGKwIsNWdWg,2500.00,2025-07-02,New Invoice,133963,2025-07-02,None,99476,2025-06-25,CF25,254,Transfer campaign then delete
32921,Pastor Terry Kirk,SXP6RWGBFTGKwIsNWdWg,2500.00,2025-07-02,New Invoice,133963,2025-07-02,None,101573,2025-09-23,RH25,475,Delete
32921,Pastor Terry Kirk,SXP6RWGBFTGKwIsNWdWg,2500.00,2025-07-02,New Invoice,133963,2025-07-02,None,101576,2025-09-14,RH25,475,Delete
32921,Pastor Terry Kirk,SXP6RWGBFTGKwIsNWdWg,2500.00,2025-07-02,New Invoice,133963,2025-07-02,None,132727,2025-12-01,None,,Delete
32921,Pastor Terry Kirk,SXP6RWGBFTGKwIsNWdWg,2500.00,2025-07-02,New Invoice,133963,2025-07-02,None,133447,2025-09-29,None,,Delete
32921,Pastor Terry Kirk,SXP6RWGBFTGKwIsNWdWg,2500.00,2025-07-02,New Invoice,133963,2025-07-02,None,133590,2025-09-17,None,,Delete
24673,Robert Neuman,6yw7NqQmSgLMKqvtDBEz,300.00,2025-07-02,New Invoice,133965,2025-07-02,None,101613,2025-09-14,RMKSPL25,477,Transfer campaign then delete
24673,Robert Neuman,6yw7NqQmSgLMKqvtDBEz,300.00,2025-07-02,New Invoice,133965,2025-07-02,None,101614,2025-09-04,RMKSPL25,477,Transfer campaign then delete
24673,Robert Neuman,6yw7NqQmSgLMKqvtDBEz,300.00,2025-07-02,New Invoice,133965,2025-07-02,None,101619,2025-07-17,RMKSPL25,477,Transfer campaign then delete
24673,Robert Neuman,6yw7NqQmSgLMKqvtDBEz,300.00,2025-07-02,New Invoice,133965,2025-07-02,None,101622,2025-06-23,RMKSPL25,477,Transfer campaign then delete
24673,Robert Neuman,6yw7NqQmSgLMKqvtDBEz,300.00,2025-07-02,New Invoice,133965,2025-07-02,None,132728,2025-12-01,None,,Delete
24673,Robert Neuman,6yw7NqQmSgLMKqvtDBEz,300.00,2025-07-02,New Invoice,133965,2025-07-02,None,133589,2025-09-17,None,,Delete
24673,Robert Neuman,6yw7NqQmSgLMKqvtDBEz,300.00,2025-07-02,New Invoice,133965,2025-07-02,None,133635,2025-09-09,None,,Delete
24673,Robert Neuman,6yw7NqQmSgLMKqvtDBEz,300.00,2025-07-02,New Invoice,133965,2025-07-02,None,133819,2025-08-05,None,,Delete
24673,Robert Neuman,6yw7NqQmSgLMKqvtDBEz,300.00,2025-07-02,New Invoice,133965,2025-07-02,None,134113,2025-05-23,None,,Delete
24761,Mr. & Mrs. David Golkin,7HqaBlOTkDxxOAKRuYps,36.00,2025-06-30,General Donation form With Recurring Donations and Manual Donations,23243,2025-06-29,254,100472,2025-04-07,Maos Chitim 2025,470,Delete
24761,Mr. & Mrs. David Golkin,7HqaBlOTkDxxOAKRuYps,36.00,2025-06-30,General Donation form With Recurring Donations and Manual Donations,23243,2025-06-29,254,101235,2025-10-15,RH25,475,Delete
24761,Mr. & Mrs. David Golkin,7HqaBlOTkDxxOAKRuYps,36.00,2025-06-30,General Donation form With Recurring Donations and Manual Donations,23243,2025-06-29,254,136041,2025-10-20,New Invoice,946,Delete
24761,Mr. & Mrs. David Golkin,7HqaBlOTkDxxOAKRuYps,36.00,2025-06-30,General Donation form With Recurring Donations and Manual Donations,23243,2025-06-29,254,136390,2025-04-14,New Invoice,946,Delete
24673,Robert Neuman,6yw7NqQmSgLMKqvtDBEz,300.00,2025-06-23,New Invoice,101622,2025-06-23,477,101613,2025-09-14,RMKSPL25,477,Delete
24673,Robert Neuman,6yw7NqQmSgLMKqvtDBEz,300.00,2025-06-23,New Invoice,101622,2025-06-23,477,101614,2025-09-04,RMKSPL25,477,Delete
24673,Robert Neuman,6yw7NqQmSgLMKqvtDBEz,300.00,2025-06-23,New Invoice,101622,2025-06-23,477,101619,2025-07-17,RMKSPL25,477,Delete
24673,Robert Neuman,6yw7NqQmSgLMKqvtDBEz,300.00,2025-06-23,New Invoice,101622,2025-06-23,477,132728,2025-12-01,None,,Delete
24673,Robert Neuman,6yw7NqQmSgLMKqvtDBEz,300.00,2025-06-23,New Invoice,101622,2025-06-23,477,133589,2025-09-17,None,,Delete
24673,Robert Neuman,6yw7NqQmSgLMKqvtDBEz,300.00,2025-06-23,New Invoice,101622,2025-06-23,477,133635,2025-09-09,None,,Delete
24673,Robert Neuman,6yw7NqQmSgLMKqvtDBEz,300.00,2025-06-23,New Invoice,101622,2025-06-23,477,133819,2025-08-05,None,,Delete
24673,Robert Neuman,6yw7NqQmSgLMKqvtDBEz,300.00,2025-06-23,New Invoice,101622,2025-06-23,477,133965,2025-07-02,None,,Delete
24673,Robert Neuman,6yw7NqQmSgLMKqvtDBEz,300.00,2025-06-23,New Invoice,101622,2025-06-23,477,134113,2025-05-23,None,,Delete
34896,Leonard Glass,XzWOJni1kAjTb8htWRmt,18000.00,2025-06-23,New Invoice,133990,2025-06-23,None,133417,2025-09-30,None,,Delete
30246,Larry Latham,MCJdMJdeM93ygP2IgvcR,218.00,2025-06-23,New Invoice,133991,2025-06-23,None,57476,2025-05-20,None,,Delete
30246,Larry Latham,MCJdMJdeM93ygP2IgvcR,218.00,2025-06-23,New Invoice,133991,2025-06-23,None,57479,2025-01-17,None,,Delete
30246,Larry Latham,MCJdMJdeM93ygP2IgvcR,218.00,2025-06-23,New Invoice,133991,2025-06-23,None,100644,2025-09-21,Recurring,472,Transfer campaign then delete
30246,Larry Latham,MCJdMJdeM93ygP2IgvcR,218.00,2025-06-23,New Invoice,133991,2025-06-23,None,100665,2025-08-19,Recurring,472,Transfer campaign then delete
30246,Larry Latham,MCJdMJdeM93ygP2IgvcR,218.00,2025-06-23,New Invoice,133991,2025-06-23,None,100696,2025-07-21,Recurring,472,Transfer campaign then delete
30246,Larry Latham,MCJdMJdeM93ygP2IgvcR,218.00,2025-06-23,New Invoice,133991,2025-06-23,None,135929,2025-12-29,Monthly,854,Delete
30246,Larry Latham,MCJdMJdeM93ygP2IgvcR,218.00,2025-06-23,New Invoice,133991,2025-06-23,None,132525,2025-11-19,ID 736,736,Delete
30246,Larry Latham,MCJdMJdeM93ygP2IgvcR,218.00,2025-06-23,New Invoice,133991,2025-06-23,None,132738,2025-11-26,None,,Delete
30246,Larry Latham,MCJdMJdeM93ygP2IgvcR,218.00,2025-06-23,New Invoice,133991,2025-06-23,None,132891,2025-10-23,None,,Delete
30246,Larry Latham,MCJdMJdeM93ygP2IgvcR,218.00,2025-06-23,New Invoice,133991,2025-06-23,None,133450,2025-09-29,None,,Delete
30246,Larry Latham,MCJdMJdeM93ygP2IgvcR,218.00,2025-06-23,New Invoice,133991,2025-06-23,None,133657,2025-08-25,None,,Delete
30246,Larry Latham,MCJdMJdeM93ygP2IgvcR,218.00,2025-06-23,New Invoice,133991,2025-06-23,None,133875,2025-07-24,None,,Delete
30246,Larry Latham,MCJdMJdeM93ygP2IgvcR,218.00,2025-06-23,New Invoice,133991,2025-06-23,None,134125,2025-05-23,None,,Delete
30246,Larry Latham,MCJdMJdeM93ygP2IgvcR,218.00,2025-06-23,New Invoice,133991,2025-06-23,None,134291,2025-04-25,None,,Delete
30246,Larry Latham,MCJdMJdeM93ygP2IgvcR,218.00,2025-06-23,New Invoice,133991,2025-06-23,None,134756,2025-03-21,None,,Delete
28067,sharon max,GWSoEYJeQacPHT0YrXfJ,18.00,2025-06-23,New Invoice,133993,2025-06-23,None,43726,2025-04-09,None,,Delete
28067,sharon max,GWSoEYJeQacPHT0YrXfJ,18.00,2025-06-23,New Invoice,133993,2025-06-23,None,43727,2025-02-06,None,,Delete
28067,sharon max,GWSoEYJeQacPHT0YrXfJ,18.00,2025-06-23,New Invoice,133993,2025-06-23,None,43728,2025-01-08,None,,Delete
28067,sharon max,GWSoEYJeQacPHT0YrXfJ,18.00,2025-06-23,New Invoice,133993,2025-06-23,None,92056,2025-06-19,None,,Delete
28067,sharon max,GWSoEYJeQacPHT0YrXfJ,18.00,2025-06-23,New Invoice,133993,2025-06-23,None,92221,2025-01-05,None,,Delete
28067,sharon max,GWSoEYJeQacPHT0YrXfJ,18.00,2025-06-23,New Invoice,133993,2025-06-23,None,100672,2025-08-14,Recurring,472,Transfer campaign then delete
28067,sharon max,GWSoEYJeQacPHT0YrXfJ,18.00,2025-06-23,New Invoice,133993,2025-06-23,None,92090,2025-04-24,None,,Delete
28067,sharon max,GWSoEYJeQacPHT0YrXfJ,18.00,2025-06-23,New Invoice,133993,2025-06-23,None,133674,2025-08-22,None,,Delete
28067,sharon max,GWSoEYJeQacPHT0YrXfJ,18.00,2025-06-23,New Invoice,133993,2025-06-23,None,134238,2025-05-05,None,,Delete
28067,sharon max,GWSoEYJeQacPHT0YrXfJ,18.00,2025-06-23,New Invoice,133993,2025-06-23,None,134271,2025-04-28,None,,Delete
28067,sharon max,GWSoEYJeQacPHT0YrXfJ,18.00,2025-06-23,New Invoice,133993,2025-06-23,None,134560,2025-04-14,None,,Delete
24543,Philip Kazlow,6F8li2ijC7g7SLoBkej9,1000.00,2025-06-23,New Invoice,133995,2025-06-23,None,21741,2025-06-19,None,,Delete
24543,Philip Kazlow,6F8li2ijC7g7SLoBkej9,1000.00,2025-06-23,New Invoice,133995,2025-06-23,None,21742,2025-04-23,None,,Delete
24543,Philip Kazlow,6F8li2ijC7g7SLoBkej9,1000.00,2025-06-23,New Invoice,133995,2025-06-23,None,99375,2025-09-18,Bergen25,458,Transfer campaign then delete
24543,Philip Kazlow,6F8li2ijC7g7SLoBkej9,1000.00,2025-06-23,New Invoice,133995,2025-06-23,None,101201,2025-10-02,RH25,475,Delete
24543,Philip Kazlow,6F8li2ijC7g7SLoBkej9,1000.00,2025-06-23,New Invoice,133995,2025-06-23,None,132677,2025-12-03,None,,Delete
24543,Philip Kazlow,6F8li2ijC7g7SLoBkej9,1000.00,2025-06-23,New Invoice,133995,2025-06-23,None,133104,2025-10-17,None,,Delete
24543,Philip Kazlow,6F8li2ijC7g7SLoBkej9,1000.00,2025-06-23,New Invoice,133995,2025-06-23,None,133457,2025-09-29,None,,Delete
24543,Philip Kazlow,6F8li2ijC7g7SLoBkej9,1000.00,2025-06-23,New Invoice,133995,2025-06-23,None,134274,2025-04-28,None,,Delete
34309,Haroon Saghian,wKf09abxjQJwGLfkA2rg,260.00,2025-06-23,New Invoice,136292,2025-06-23,946,83510,2025-06-17,None,,Delete
34309,Haroon Saghian,wKf09abxjQJwGLfkA2rg,260.00,2025-06-23,New Invoice,136292,2025-06-23,946,83512,2025-03-17,None,,Delete
34309,Haroon Saghian,wKf09abxjQJwGLfkA2rg,260.00,2025-06-23,New Invoice,136292,2025-06-23,946,83513,2025-01-15,None,,Delete
34309,Haroon Saghian,wKf09abxjQJwGLfkA2rg,260.00,2025-06-23,New Invoice,136292,2025-06-23,946,136215,2025-09-29,New Invoice,946,Delete
34309,Haroon Saghian,wKf09abxjQJwGLfkA2rg,260.00,2025-06-23,New Invoice,136292,2025-06-23,946,136243,2025-08-25,New Invoice,946,Delete
34309,Haroon Saghian,wKf09abxjQJwGLfkA2rg,260.00,2025-06-23,New Invoice,136292,2025-06-23,946,100628,2025-10-15,Recurring,472,Delete
34309,Haroon Saghian,wKf09abxjQJwGLfkA2rg,260.00,2025-06-23,New Invoice,136292,2025-06-23,946,100646,2025-09-16,Recurring,472,Delete
34309,Haroon Saghian,wKf09abxjQJwGLfkA2rg,260.00,2025-06-23,New Invoice,136292,2025-06-23,946,100668,2025-08-17,Recurring,472,Delete
34309,Haroon Saghian,wKf09abxjQJwGLfkA2rg,260.00,2025-06-23,New Invoice,136292,2025-06-23,946,135994,2025-11-26,New Invoice,946,Delete
34309,Haroon Saghian,wKf09abxjQJwGLfkA2rg,260.00,2025-06-23,New Invoice,136292,2025-06-23,946,136030,2025-10-20,New Invoice,946,Delete
34309,Haroon Saghian,wKf09abxjQJwGLfkA2rg,260.00,2025-06-23,New Invoice,136292,2025-06-23,946,132515,2025-11-17,ID 736,736,Delete
34309,Haroon Saghian,wKf09abxjQJwGLfkA2rg,260.00,2025-06-23,New Invoice,136292,2025-06-23,946,133881,2025-07-24,None,,Delete
34309,Haroon Saghian,wKf09abxjQJwGLfkA2rg,260.00,2025-06-23,New Invoice,136292,2025-06-23,946,134141,2025-05-20,None,,Delete
34309,Haroon Saghian,wKf09abxjQJwGLfkA2rg,260.00,2025-06-23,New Invoice,136292,2025-06-23,946,135908,2025-12-29,Monthly,854,Delete
34309,Haroon Saghian,wKf09abxjQJwGLfkA2rg,260.00,2025-06-23,New Invoice,136292,2025-06-23,946,136471,2025-03-21,New Invoice,946,Delete
52549,Unknown,h7yVAlzNbwpFJDP313aL,180.00,2025-06-16,General Donation form With Recurring Donations and Manual Donations,136299,2025-06-16,942,136284,2025-07-04,General Donation form With Recurring Donations and Manual Donations,942,Delete
24284,Joe Franco,54kQ63GoIDjhXQLL0hCh,101.00,2025-06-13,New Invoice,134039,2025-06-13,None,19889,2025-06-10,None,,Delete
24284,Joe Franco,54kQ63GoIDjhXQLL0hCh,101.00,2025-06-13,New Invoice,134039,2025-06-13,None,132563,2025-12-11,RH25,475,Transfer campaign then delete
29340,Israel Sherman,k0wBxznsW2sNraVY4Uru,200.00,2025-06-13,New Invoice,134040,2025-06-13,None,51774,2025-06-10,None,,Delete
29340,Israel Sherman,k0wBxznsW2sNraVY4Uru,200.00,2025-06-13,New Invoice,134040,2025-06-13,None,51776,2025-04-07,None,,Delete
29340,Israel Sherman,k0wBxznsW2sNraVY4Uru,200.00,2025-06-13,New Invoice,134040,2025-06-13,None,51779,2025-01-13,None,,Delete
29340,Israel Sherman,k0wBxznsW2sNraVY4Uru,200.00,2025-06-13,New Invoice,134040,2025-06-13,None,100611,2025-11-06,Recurring,472,Transfer campaign then delete
29340,Israel Sherman,k0wBxznsW2sNraVY4Uru,200.00,2025-06-13,New Invoice,134040,2025-06-13,None,100632,2025-10-15,Recurring,472,Transfer campaign then delete
29340,Israel Sherman,k0wBxznsW2sNraVY4Uru,200.00,2025-06-13,New Invoice,134040,2025-06-13,None,100651,2025-09-09,Recurring,472,Transfer campaign then delete
29340,Israel Sherman,k0wBxznsW2sNraVY4Uru,200.00,2025-06-13,New Invoice,134040,2025-06-13,None,100683,2025-08-07,Recurring,472,Transfer campaign then delete
29340,Israel Sherman,k0wBxznsW2sNraVY4Uru,200.00,2025-06-13,New Invoice,134040,2025-06-13,None,100691,2025-07-08,Recurring,472,Transfer campaign then delete
29340,Israel Sherman,k0wBxznsW2sNraVY4Uru,200.00,2025-06-13,New Invoice,134040,2025-06-13,None,132650,2025-12-09,None,,Delete
29340,Israel Sherman,k0wBxznsW2sNraVY4Uru,200.00,2025-06-13,New Invoice,134040,2025-06-13,None,132795,2025-11-10,None,,Delete
29340,Israel Sherman,k0wBxznsW2sNraVY4Uru,200.00,2025-06-13,New Invoice,134040,2025-06-13,None,132941,2025-10-20,None,,Delete
29340,Israel Sherman,k0wBxznsW2sNraVY4Uru,200.00,2025-06-13,New Invoice,134040,2025-06-13,None,133599,2025-09-17,None,,Delete
29340,Israel Sherman,k0wBxznsW2sNraVY4Uru,200.00,2025-06-13,New Invoice,134040,2025-06-13,None,133722,2025-08-12,None,,Delete
29340,Israel Sherman,k0wBxznsW2sNraVY4Uru,200.00,2025-06-13,New Invoice,134040,2025-06-13,None,133868,2025-07-24,None,,Delete
29340,Israel Sherman,k0wBxznsW2sNraVY4Uru,200.00,2025-06-13,New Invoice,134040,2025-06-13,None,134192,2025-05-06,None,,Delete
29340,Israel Sherman,k0wBxznsW2sNraVY4Uru,200.00,2025-06-13,New Invoice,134040,2025-06-13,None,134403,2025-04-15,None,,Delete
29340,Israel Sherman,k0wBxznsW2sNraVY4Uru,200.00,2025-06-13,New Invoice,134040,2025-06-13,None,134799,2025-03-13,None,,Delete
24228,Mr. & Mrs. Alan Blau,4SlGkYP0tuRnTNC5h0Rs,50.00,2025-06-13,New Invoice,136303,2025-06-13,946,100248,2025-06-10,Maos Chitim 2025,470,Delete
52156,Norman Linzer,3HE72vxO5y8e97EB7jH2,100.00,2025-06-13,New Invoice,134047,2025-06-13,None,132736,2025-12-01,None,,Delete
52156,Norman Linzer,3HE72vxO5y8e97EB7jH2,100.00,2025-06-13,New Invoice,134047,2025-06-13,None,132847,2025-11-01,None,,Delete
52156,Norman Linzer,3HE72vxO5y8e97EB7jH2,100.00,2025-06-13,New Invoice,134047,2025-06-13,None,133353,2025-10-01,None,,Delete
52156,Norman Linzer,3HE72vxO5y8e97EB7jH2,100.00,2025-06-13,New Invoice,134047,2025-06-13,None,133652,2025-09-01,None,,Delete
52156,Norman Linzer,3HE72vxO5y8e97EB7jH2,100.00,2025-06-13,New Invoice,134047,2025-06-13,None,133831,2025-08-01,None,,Delete
52156,Norman Linzer,3HE72vxO5y8e97EB7jH2,100.00,2025-06-13,New Invoice,134047,2025-06-13,None,134163,2025-05-14,None,,Delete
52156,Norman Linzer,3HE72vxO5y8e97EB7jH2,100.00,2025-06-13,New Invoice,134047,2025-06-13,None,134559,2025-04-14,None,,Delete
52156,Norman Linzer,3HE72vxO5y8e97EB7jH2,100.00,2025-06-13,New Invoice,134047,2025-06-13,None,134801,2025-03-13,None,,Delete
29796,Malkie Fendrich,L5SOjR7KYbPcqkWIqzaD,36.00,2025-06-13,New Invoice,134049,2025-06-13,None,54893,2025-06-10,None,,Delete
29796,Malkie Fendrich,L5SOjR7KYbPcqkWIqzaD,36.00,2025-06-13,New Invoice,134049,2025-06-13,None,101391,2025-10-02,RH25,475,Transfer campaign then delete
29796,Malkie Fendrich,L5SOjR7KYbPcqkWIqzaD,36.00,2025-06-13,New Invoice,134049,2025-06-13,None,132820,2025-11-05,None,,Delete
29796,Malkie Fendrich,L5SOjR7KYbPcqkWIqzaD,36.00,2025-06-13,New Invoice,134049,2025-06-13,None,133153,2025-10-17,None,,Delete
31750,Matt Reichel,q0e5s2XthtdIwNTGbeuF,54.00,2025-06-13,New Invoice,134050,2025-06-13,None,67139,2025-06-09,None,,Delete
31750,Matt Reichel,q0e5s2XthtdIwNTGbeuF,54.00,2025-06-13,New Invoice,134050,2025-06-13,None,99860,2025-05-07,GD25,462,Transfer campaign then delete
31750,Matt Reichel,q0e5s2XthtdIwNTGbeuF,54.00,2025-06-13,New Invoice,134050,2025-06-13,None,134183,2025-05-13,None,,Delete
34982,Chaim Mintz,yCLy4l0LHNdvdlny5r3r,3.00,2025-06-13,New Invoice,136306,2025-06-13,946,87647,2025-06-09,None,,Delete
33774,Nathan Silberman,V7x4PgusfkQ0YejPxvzr,180.00,2025-06-13,New Invoice,134052,2025-06-13,None,80278,2025-04-20,None,,Delete
33774,Nathan Silberman,V7x4PgusfkQ0YejPxvzr,180.00,2025-06-13,New Invoice,134052,2025-06-13,None,99485,2025-06-08,CF25,254,Transfer campaign then delete
33774,Nathan Silberman,V7x4PgusfkQ0YejPxvzr,180.00,2025-06-13,New Invoice,134052,2025-06-13,None,134300,2025-04-25,None,,Delete
25115,Melvin Eisenberg,97UQMIh6iSr3pmfpLekg,100.00,2025-06-13,New Invoice,134053,2025-06-13,None,25352,2025-06-08,None,,Delete
28006,Steven Trenk,GRsguwaXgXvCehGOWRa2,25.00,2025-06-13,New Invoice,134055,2025-06-13,None,43112,2025-06-08,None,,Delete
28006,Steven Trenk,GRsguwaXgXvCehGOWRa2,25.00,2025-06-13,New Invoice,134055,2025-06-13,None,43115,2025-03-09,None,,Delete
28006,Steven Trenk,GRsguwaXgXvCehGOWRa2,25.00,2025-06-13,New Invoice,134055,2025-06-13,None,43116,2025-02-06,None,,Delete
28006,Steven Trenk,GRsguwaXgXvCehGOWRa2,25.00,2025-06-13,New Invoice,134055,2025-06-13,None,43117,2025-01-02,None,,Delete
28006,Steven Trenk,GRsguwaXgXvCehGOWRa2,25.00,2025-06-13,New Invoice,134055,2025-06-13,None,100527,2025-04-07,Maos Chitim 2025,470,Transfer campaign then delete
28006,Steven Trenk,GRsguwaXgXvCehGOWRa2,25.00,2025-06-13,New Invoice,134055,2025-06-13,None,100612,2025-11-06,Recurring,472,Delete
28006,Steven Trenk,GRsguwaXgXvCehGOWRa2,25.00,2025-06-13,New Invoice,134055,2025-06-13,None,100631,2025-10-15,Recurring,472,Delete
28006,Steven Trenk,GRsguwaXgXvCehGOWRa2,25.00,2025-06-13,New Invoice,134055,2025-06-13,None,100650,2025-09-09,Recurring,472,Delete
28006,Steven Trenk,GRsguwaXgXvCehGOWRa2,25.00,2025-06-13,New Invoice,134055,2025-06-13,None,100682,2025-08-07,Recurring,472,Delete
28006,Steven Trenk,GRsguwaXgXvCehGOWRa2,25.00,2025-06-13,New Invoice,134055,2025-06-13,None,100690,2025-07-08,Recurring,472,Delete
28006,Steven Trenk,GRsguwaXgXvCehGOWRa2,25.00,2025-06-13,New Invoice,134055,2025-06-13,None,132566,2025-12-11,Monthly,854,Delete
28006,Steven Trenk,GRsguwaXgXvCehGOWRa2,25.00,2025-06-13,New Invoice,134055,2025-06-13,None,132796,2025-11-10,None,,Delete
28006,Steven Trenk,GRsguwaXgXvCehGOWRa2,25.00,2025-06-13,New Invoice,134055,2025-06-13,None,132939,2025-10-20,None,,Delete
28006,Steven Trenk,GRsguwaXgXvCehGOWRa2,25.00,2025-06-13,New Invoice,134055,2025-06-13,None,133598,2025-09-17,None,,Delete
28006,Steven Trenk,GRsguwaXgXvCehGOWRa2,25.00,2025-06-13,New Invoice,134055,2025-06-13,None,133721,2025-08-12,None,,Delete
28006,Steven Trenk,GRsguwaXgXvCehGOWRa2,25.00,2025-06-13,New Invoice,134055,2025-06-13,None,133865,2025-07-24,None,,Delete
28006,Steven Trenk,GRsguwaXgXvCehGOWRa2,25.00,2025-06-13,New Invoice,134055,2025-06-13,None,134158,2025-05-14,None,,Delete
28006,Steven Trenk,GRsguwaXgXvCehGOWRa2,25.00,2025-06-13,New Invoice,134055,2025-06-13,None,134529,2025-04-14,None,,Delete
28006,Steven Trenk,GRsguwaXgXvCehGOWRa2,25.00,2025-06-13,New Invoice,134055,2025-06-13,None,134818,2025-03-12,None,,Delete
34414,Simone Kleinert,wsPGqpYAre1OfXqqCb2Z,100.00,2025-06-13,New Invoice,134057,2025-06-13,None,100244,2025-06-08,Maos Chitim 2025,470,Transfer campaign then delete
31246,Jesse Krakauer,Os4UFjOIrJwHVZyDLpgZ,6.00,2025-06-13,New Invoice,134059,2025-06-13,None,63999,2025-06-08,None,,Delete
25623,Zvi Bloom,AswoEXzJrx9Lo9FJ1QXz,600.00,2025-06-13,New Invoice,134060,2025-06-13,None,28371,2025-06-08,None,,Delete
25623,Zvi Bloom,AswoEXzJrx9Lo9FJ1QXz,600.00,2025-06-13,New Invoice,134060,2025-06-13,None,28373,2025-04-07,None,,Delete
25623,Zvi Bloom,AswoEXzJrx9Lo9FJ1QXz,600.00,2025-06-13,New Invoice,134060,2025-06-13,None,134147,2025-05-14,None,,Delete
25623,Zvi Bloom,AswoEXzJrx9Lo9FJ1QXz,600.00,2025-06-13,New Invoice,134060,2025-06-13,None,134402,2025-04-15,None,,Delete
39513,Batya Van Wijncoop,rEt4Q28N9pT3UZpwA9PN,72.00,2025-06-13,General Donation form With Recurring Donations and Manual Donations,134061,2025-06-13,None,132635,2025-12-12,None,,Delete
39513,Batya Van Wijncoop,rEt4Q28N9pT3UZpwA9PN,72.00,2025-06-13,General Donation form With Recurring Donations and Manual Donations,134061,2025-06-13,None,134876,2025-02-27,None,,Delete
28913,Mr. & Mrs. Joseph Hoch,iYwrqKrjtAOtdUeJEBS2,150.00,2025-06-11,New Invoice,134071,2025-06-11,None,99821,2025-05-31,GD25,462,Transfer campaign then delete
28913,Mr. & Mrs. Joseph Hoch,iYwrqKrjtAOtdUeJEBS2,150.00,2025-06-11,New Invoice,134071,2025-06-11,None,100154,2025-09-02,Maos Chitim 2025,470,Delete
28913,Mr. & Mrs. Joseph Hoch,iYwrqKrjtAOtdUeJEBS2,150.00,2025-06-11,New Invoice,134071,2025-06-11,None,100292,2025-05-01,Maos Chitim 2025,470,Delete
28913,Mr. & Mrs. Joseph Hoch,iYwrqKrjtAOtdUeJEBS2,150.00,2025-06-11,New Invoice,134071,2025-06-11,None,100613,2025-10-01,Recurring,472,Delete
28913,Mr. & Mrs. Joseph Hoch,iYwrqKrjtAOtdUeJEBS2,150.00,2025-06-11,New Invoice,134071,2025-06-11,None,100684,2025-08-03,Recurring,472,Delete
28913,Mr. & Mrs. Joseph Hoch,iYwrqKrjtAOtdUeJEBS2,150.00,2025-06-11,New Invoice,134071,2025-06-11,None,132680,2025-12-03,None,,Delete
28913,Mr. & Mrs. Joseph Hoch,iYwrqKrjtAOtdUeJEBS2,150.00,2025-06-11,New Invoice,134071,2025-06-11,None,132825,2025-11-05,None,,Delete
28913,Mr. & Mrs. Joseph Hoch,iYwrqKrjtAOtdUeJEBS2,150.00,2025-06-11,New Invoice,134071,2025-06-11,None,133218,2025-10-05,None,,Delete
28913,Mr. & Mrs. Joseph Hoch,iYwrqKrjtAOtdUeJEBS2,150.00,2025-06-11,New Invoice,134071,2025-06-11,None,133641,2025-09-09,None,,Delete
28913,Mr. & Mrs. Joseph Hoch,iYwrqKrjtAOtdUeJEBS2,150.00,2025-06-11,New Invoice,134071,2025-06-11,None,133726,2025-08-12,None,,Delete
28913,Mr. & Mrs. Joseph Hoch,iYwrqKrjtAOtdUeJEBS2,150.00,2025-06-11,New Invoice,134071,2025-06-11,None,133944,2025-07-02,None,,Delete
28913,Mr. & Mrs. Joseph Hoch,iYwrqKrjtAOtdUeJEBS2,150.00,2025-06-11,New Invoice,134071,2025-06-11,None,134228,2025-05-05,None,,Delete
52852,Mark Goldberg,L7pTZCVlm2YN2k2dvtlt,10.00,2025-06-04,New Invoice,136308,2025-06-04,946,135991,2025-11-26,New Invoice,946,Delete
31937,Mr. & Mrs. Norman Schmutter,qJW9xz4h2CtyWHuk4Nh9,1800.00,2025-06-04,New Invoice,134093,2025-06-04,None,99376,2025-09-01,Bergen25,458,Transfer campaign then delete
31937,Mr. & Mrs. Norman Schmutter,qJW9xz4h2CtyWHuk4Nh9,1800.00,2025-06-04,New Invoice,134093,2025-06-04,None,99387,2025-09-30,Bergen25,458,Transfer campaign then delete
31937,Mr. & Mrs. Norman Schmutter,qJW9xz4h2CtyWHuk4Nh9,1800.00,2025-06-04,New Invoice,134093,2025-06-04,None,99418,2025-07-29,CF25,254,Delete
31937,Mr. & Mrs. Norman Schmutter,qJW9xz4h2CtyWHuk4Nh9,1800.00,2025-06-04,New Invoice,134093,2025-06-04,None,99835,2025-05-29,GD25,462,Delete
31937,Mr. & Mrs. Norman Schmutter,qJW9xz4h2CtyWHuk4Nh9,1800.00,2025-06-04,New Invoice,134093,2025-06-04,None,99836,2025-04-29,GD25,462,Delete
31937,Mr. & Mrs. Norman Schmutter,qJW9xz4h2CtyWHuk4Nh9,1800.00,2025-06-04,New Invoice,134093,2025-06-04,None,99871,2025-03-31,GD25,462,Delete
31937,Mr. & Mrs. Norman Schmutter,qJW9xz4h2CtyWHuk4Nh9,1800.00,2025-06-04,New Invoice,134093,2025-06-04,None,99992,2025-02-25,GD25,462,Delete
31937,Mr. & Mrs. Norman Schmutter,qJW9xz4h2CtyWHuk4Nh9,1800.00,2025-06-04,New Invoice,134093,2025-06-04,None,132678,2025-12-03,None,,Delete
31937,Mr. & Mrs. Norman Schmutter,qJW9xz4h2CtyWHuk4Nh9,1800.00,2025-06-04,New Invoice,134093,2025-06-04,None,132864,2025-10-31,None,,Delete
31937,Mr. & Mrs. Norman Schmutter,qJW9xz4h2CtyWHuk4Nh9,1800.00,2025-06-04,New Invoice,134093,2025-06-04,None,133281,2025-10-05,None,,Delete
31937,Mr. & Mrs. Norman Schmutter,qJW9xz4h2CtyWHuk4Nh9,1800.00,2025-06-04,New Invoice,134093,2025-06-04,None,133642,2025-09-09,None,,Delete
31937,Mr. & Mrs. Norman Schmutter,qJW9xz4h2CtyWHuk4Nh9,1800.00,2025-06-04,New Invoice,134093,2025-06-04,None,133750,2025-08-12,None,,Delete
31937,Mr. & Mrs. Norman Schmutter,qJW9xz4h2CtyWHuk4Nh9,1800.00,2025-06-04,New Invoice,134093,2025-06-04,None,133943,2025-07-02,None,,Delete
31937,Mr. & Mrs. Norman Schmutter,qJW9xz4h2CtyWHuk4Nh9,1800.00,2025-06-04,New Invoice,134093,2025-06-04,None,134239,2025-05-05,None,,Delete
31937,Mr. & Mrs. Norman Schmutter,qJW9xz4h2CtyWHuk4Nh9,1800.00,2025-06-04,New Invoice,134093,2025-06-04,None,134627,2025-04-09,None,,Delete
31937,Mr. & Mrs. Norman Schmutter,qJW9xz4h2CtyWHuk4Nh9,1800.00,2025-06-04,New Invoice,134093,2025-06-04,None,134834,2025-03-12,None,,Delete
31937,Mr. & Mrs. Norman Schmutter,qJW9xz4h2CtyWHuk4Nh9,1800.00,2025-06-04,New Invoice,134093,2025-06-04,None,134861,2025-03-04,None,,Delete
30029,Mr. & Mrs. Bernard Perlowitz,LrCau6OHZdz8ZzcwOcBb,500.00,2025-05-29,New General Donation form,136310,2025-05-29,943,99382,2025-10-02,Bergen25,458,Delete
30029,Mr. & Mrs. Bernard Perlowitz,LrCau6OHZdz8ZzcwOcBb,500.00,2025-05-29,New General Donation form,136310,2025-05-29,943,132656,2025-12-03,None,,Delete
30029,Mr. & Mrs. Bernard Perlowitz,LrCau6OHZdz8ZzcwOcBb,500.00,2025-05-29,New General Donation form,136310,2025-05-29,943,136100,2025-10-17,New Invoice,946,Delete
52429,Unknown,G13Zi1gEj4mYuhw46hk2,1.00,2025-05-29,General Donation form With Recurring Donations,134099,2025-05-29,None,133905,2025-07-17,None,,Delete
52429,Unknown,G13Zi1gEj4mYuhw46hk2,1.00,2025-05-29,General Donation form With Recurring Donations,134099,2025-05-29,None,134130,2025-05-22,None,,Delete
52429,Unknown,G13Zi1gEj4mYuhw46hk2,1.00,2025-05-29,General Donation form With Recurring Donations,134099,2025-05-29,None,134782,2025-03-18,None,,Delete
52429,Unknown,G13Zi1gEj4mYuhw46hk2,1.00,2025-05-29,General Donation form With Recurring Donations,134099,2025-05-29,None,134895,2025-02-19,None,,Delete
52429,Unknown,G13Zi1gEj4mYuhw46hk2,1.00,2025-05-29,General Donation form With Recurring Donations,134099,2025-05-29,None,134904,2025-02-13,None,,Delete
52429,Unknown,G13Zi1gEj4mYuhw46hk2,1.00,2025-05-29,General Donation form With Recurring Donations,134099,2025-05-29,None,133905,2025-07-17,None,,Delete
52429,Unknown,G13Zi1gEj4mYuhw46hk2,1.00,2025-05-29,General Donation form With Recurring Donations,134099,2025-05-29,None,134130,2025-05-22,None,,Delete
52429,Unknown,G13Zi1gEj4mYuhw46hk2,1.00,2025-05-29,General Donation form With Recurring Donations,134099,2025-05-29,None,134782,2025-03-18,None,,Delete
52429,Unknown,G13Zi1gEj4mYuhw46hk2,1.00,2025-05-29,General Donation form With Recurring Donations,134099,2025-05-29,None,134895,2025-02-19,None,,Delete
52429,Unknown,G13Zi1gEj4mYuhw46hk2,1.00,2025-05-29,General Donation form With Recurring Donations,134099,2025-05-29,None,134904,2025-02-13,None,,Delete
52429,Unknown,G13Zi1gEj4mYuhw46hk2,1.00,2025-05-29,General Donation form With Recurring Donations,134099,2025-05-29,None,133905,2025-07-17,None,,Delete
52429,Unknown,G13Zi1gEj4mYuhw46hk2,1.00,2025-05-29,General Donation form With Recurring Donations,134099,2025-05-29,None,134130,2025-05-22,None,,Delete
52429,Unknown,G13Zi1gEj4mYuhw46hk2,1.00,2025-05-29,General Donation form With Recurring Donations,134099,2025-05-29,None,134782,2025-03-18,None,,Delete
52429,Unknown,G13Zi1gEj4mYuhw46hk2,1.00,2025-05-29,General Donation form With Recurring Donations,134099,2025-05-29,None,134895,2025-02-19,None,,Delete
52429,Unknown,G13Zi1gEj4mYuhw46hk2,1.00,2025-05-29,General Donation form With Recurring Donations,134099,2025-05-29,None,134904,2025-02-13,None,,Delete
52429,Unknown,G13Zi1gEj4mYuhw46hk2,1.00,2025-05-29,General Donation form With Recurring Donations,134099,2025-05-29,None,133905,2025-07-17,None,,Delete
52429,Unknown,G13Zi1gEj4mYuhw46hk2,1.00,2025-05-29,General Donation form With Recurring Donations,134099,2025-05-29,None,134130,2025-05-22,None,,Delete
52429,Unknown,G13Zi1gEj4mYuhw46hk2,1.00,2025-05-29,General Donation form With Recurring Donations,134099,2025-05-29,None,134782,2025-03-18,None,,Delete
52429,Unknown,G13Zi1gEj4mYuhw46hk2,1.00,2025-05-29,General Donation form With Recurring Donations,134099,2025-05-29,None,134895,2025-02-19,None,,Delete
52429,Unknown,G13Zi1gEj4mYuhw46hk2,1.00,2025-05-29,General Donation form With Recurring Donations,134099,2025-05-29,None,134904,2025-02-13,None,,Delete
24673,Robert Neuman,6yw7NqQmSgLMKqvtDBEz,300.00,2025-05-23,New Invoice,134113,2025-05-23,None,101613,2025-09-14,RMKSPL25,477,Transfer campaign then delete
24673,Robert Neuman,6yw7NqQmSgLMKqvtDBEz,300.00,2025-05-23,New Invoice,134113,2025-05-23,None,101614,2025-09-04,RMKSPL25,477,Transfer campaign then delete
24673,Robert Neuman,6yw7NqQmSgLMKqvtDBEz,300.00,2025-05-23,New Invoice,134113,2025-05-23,None,101619,2025-07-17,RMKSPL25,477,Transfer campaign then delete
24673,Robert Neuman,6yw7NqQmSgLMKqvtDBEz,300.00,2025-05-23,New Invoice,134113,2025-05-23,None,101622,2025-06-23,RMKSPL25,477,Transfer campaign then delete
24673,Robert Neuman,6yw7NqQmSgLMKqvtDBEz,300.00,2025-05-23,New Invoice,134113,2025-05-23,None,132728,2025-12-01,None,,Delete
24673,Robert Neuman,6yw7NqQmSgLMKqvtDBEz,300.00,2025-05-23,New Invoice,134113,2025-05-23,None,133589,2025-09-17,None,,Delete
24673,Robert Neuman,6yw7NqQmSgLMKqvtDBEz,300.00,2025-05-23,New Invoice,134113,2025-05-23,None,133635,2025-09-09,None,,Delete
24673,Robert Neuman,6yw7NqQmSgLMKqvtDBEz,300.00,2025-05-23,New Invoice,134113,2025-05-23,None,133819,2025-08-05,None,,Delete
24673,Robert Neuman,6yw7NqQmSgLMKqvtDBEz,300.00,2025-05-23,New Invoice,134113,2025-05-23,None,133965,2025-07-02,None,,Delete
27896,Kim Smith,GJwz1vUIXk7SEGV2Q3MS,10.00,2025-05-23,New Invoice,134121,2025-05-23,None,99449,2025-07-29,CF25,254,Transfer campaign then delete
27896,Kim Smith,GJwz1vUIXk7SEGV2Q3MS,10.00,2025-05-23,New Invoice,134121,2025-05-23,None,133745,2025-08-12,None,,Delete
24710,Evan Krisch,n7rlU8Wfy3x2upQZAA3i,150.00,2025-05-23,New Invoice,134122,2025-05-23,None,22837,2025-04-20,None,,Delete
24710,Evan Krisch,n7rlU8Wfy3x2upQZAA3i,150.00,2025-05-23,New Invoice,134122,2025-05-23,None,22839,2025-02-24,None,,Delete
24710,Evan Krisch,n7rlU8Wfy3x2upQZAA3i,150.00,2025-05-23,New Invoice,134122,2025-05-23,None,22840,2025-01-16,None,,Delete
24710,Evan Krisch,n7rlU8Wfy3x2upQZAA3i,150.00,2025-05-23,New Invoice,134122,2025-05-23,None,100643,2025-09-23,Recurring,472,Transfer campaign then delete
24710,Evan Krisch,n7rlU8Wfy3x2upQZAA3i,150.00,2025-05-23,New Invoice,134122,2025-05-23,None,100663,2025-09-04,Recurring,472,Transfer campaign then delete
24710,Evan Krisch,n7rlU8Wfy3x2upQZAA3i,150.00,2025-05-23,New Invoice,134122,2025-05-23,None,100686,2025-07-29,Recurring,472,Transfer campaign then delete
24710,Evan Krisch,n7rlU8Wfy3x2upQZAA3i,150.00,2025-05-23,New Invoice,134122,2025-05-23,None,135882,2025-12-26,CH25,855,Delete
24710,Evan Krisch,n7rlU8Wfy3x2upQZAA3i,150.00,2025-05-23,New Invoice,134122,2025-05-23,None,132671,2025-12-03,None,,Delete
24710,Evan Krisch,n7rlU8Wfy3x2upQZAA3i,150.00,2025-05-23,New Invoice,134122,2025-05-23,None,132896,2025-10-23,None,,Delete
24710,Evan Krisch,n7rlU8Wfy3x2upQZAA3i,150.00,2025-05-23,New Invoice,134122,2025-05-23,None,133433,2025-09-30,None,,Delete
24710,Evan Krisch,n7rlU8Wfy3x2upQZAA3i,150.00,2025-05-23,New Invoice,134122,2025-05-23,None,133636,2025-09-09,None,,Delete
24710,Evan Krisch,n7rlU8Wfy3x2upQZAA3i,150.00,2025-05-23,New Invoice,134122,2025-05-23,None,133739,2025-08-12,None,,Delete
24710,Evan Krisch,n7rlU8Wfy3x2upQZAA3i,150.00,2025-05-23,New Invoice,134122,2025-05-23,None,134311,2025-04-25,None,,Delete
24710,Evan Krisch,n7rlU8Wfy3x2upQZAA3i,150.00,2025-05-23,New Invoice,134122,2025-05-23,None,134734,2025-03-26,None,,Delete
24710,Evan Krisch,n7rlU8Wfy3x2upQZAA3i,150.00,2025-05-23,New Invoice,134122,2025-05-23,None,134864,2025-03-04,None,,Delete
24710,Evan Krisch,n7rlU8Wfy3x2upQZAA3i,150.00,2025-05-23,New Invoice,134122,2025-05-23,None,136289,2025-07-02,New Invoice,946,Delete
30246,Larry Latham,MCJdMJdeM93ygP2IgvcR,218.00,2025-05-23,New Invoice,134125,2025-05-23,None,57476,2025-05-20,None,,Delete
30246,Larry Latham,MCJdMJdeM93ygP2IgvcR,218.00,2025-05-23,New Invoice,134125,2025-05-23,None,57479,2025-01-17,None,,Delete
30246,Larry Latham,MCJdMJdeM93ygP2IgvcR,218.00,2025-05-23,New Invoice,134125,2025-05-23,None,100644,2025-09-21,Recurring,472,Transfer campaign then delete
30246,Larry Latham,MCJdMJdeM93ygP2IgvcR,218.00,2025-05-23,New Invoice,134125,2025-05-23,None,100665,2025-08-19,Recurring,472,Transfer campaign then delete
30246,Larry Latham,MCJdMJdeM93ygP2IgvcR,218.00,2025-05-23,New Invoice,134125,2025-05-23,None,100696,2025-07-21,Recurring,472,Transfer campaign then delete
30246,Larry Latham,MCJdMJdeM93ygP2IgvcR,218.00,2025-05-23,New Invoice,134125,2025-05-23,None,135929,2025-12-29,Monthly,854,Delete
30246,Larry Latham,MCJdMJdeM93ygP2IgvcR,218.00,2025-05-23,New Invoice,134125,2025-05-23,None,132525,2025-11-19,ID 736,736,Delete
30246,Larry Latham,MCJdMJdeM93ygP2IgvcR,218.00,2025-05-23,New Invoice,134125,2025-05-23,None,132738,2025-11-26,None,,Delete
30246,Larry Latham,MCJdMJdeM93ygP2IgvcR,218.00,2025-05-23,New Invoice,134125,2025-05-23,None,132891,2025-10-23,None,,Delete
30246,Larry Latham,MCJdMJdeM93ygP2IgvcR,218.00,2025-05-23,New Invoice,134125,2025-05-23,None,133450,2025-09-29,None,,Delete
30246,Larry Latham,MCJdMJdeM93ygP2IgvcR,218.00,2025-05-23,New Invoice,134125,2025-05-23,None,133657,2025-08-25,None,,Delete
30246,Larry Latham,MCJdMJdeM93ygP2IgvcR,218.00,2025-05-23,New Invoice,134125,2025-05-23,None,133875,2025-07-24,None,,Delete
30246,Larry Latham,MCJdMJdeM93ygP2IgvcR,218.00,2025-05-23,New Invoice,134125,2025-05-23,None,133991,2025-06-23,None,,Delete
30246,Larry Latham,MCJdMJdeM93ygP2IgvcR,218.00,2025-05-23,New Invoice,134125,2025-05-23,None,134291,2025-04-25,None,,Delete
30246,Larry Latham,MCJdMJdeM93ygP2IgvcR,218.00,2025-05-23,New Invoice,134125,2025-05-23,None,134756,2025-03-21,None,,Delete
52940,Figueroa Annette,8OnFnpphyWxDv8zxjdBr,5.00,2025-05-22,New General Donation form,MISSING,,None,136465,2025-03-27,Emergency Campaign 2025,939,Delete
52429,Unknown,G13Zi1gEj4mYuhw46hk2,1.00,2025-05-22,New General Donation form,134130,2025-05-22,None,133905,2025-07-17,None,,Delete
52429,Unknown,G13Zi1gEj4mYuhw46hk2,1.00,2025-05-22,New General Donation form,134130,2025-05-22,None,134099,2025-05-29,None,,Delete
52429,Unknown,G13Zi1gEj4mYuhw46hk2,1.00,2025-05-22,New General Donation form,134130,2025-05-22,None,134782,2025-03-18,None,,Delete
52429,Unknown,G13Zi1gEj4mYuhw46hk2,1.00,2025-05-22,New General Donation form,134130,2025-05-22,None,134895,2025-02-19,None,,Delete
52429,Unknown,G13Zi1gEj4mYuhw46hk2,1.00,2025-05-22,New General Donation form,134130,2025-05-22,None,134904,2025-02-13,None,,Delete
24166,Mr. & Mrs. Howard Cole,4jrEPrjkEV0O4CHQeoqP,5700.00,2025-05-21,New Invoice,136313,2025-05-21,946,99766,2025-05-19,SOULFARM25,465,Delete
29574,Patrick Clark,kmZHJ2LdWgy6SHFKEZnH,100.00,2025-05-21,New Invoice,134134,2025-05-21,None,104378,2025-01-10,None,,Delete
29574,Patrick Clark,kmZHJ2LdWgy6SHFKEZnH,100.00,2025-05-21,New Invoice,134134,2025-05-21,None,99947,2025-03-18,GD25,462,Transfer campaign then delete
29574,Patrick Clark,kmZHJ2LdWgy6SHFKEZnH,100.00,2025-05-21,New Invoice,134134,2025-05-21,None,100005,2025-02-24,GD25,462,Transfer campaign then delete
29574,Patrick Clark,kmZHJ2LdWgy6SHFKEZnH,100.00,2025-05-21,New Invoice,134134,2025-05-21,None,100711,2025-06-25,Recurring,472,Delete
29574,Patrick Clark,kmZHJ2LdWgy6SHFKEZnH,100.00,2025-05-21,New Invoice,134134,2025-05-21,None,101615,2025-08-18,RMKSPL25,477,Delete
29574,Patrick Clark,kmZHJ2LdWgy6SHFKEZnH,100.00,2025-05-21,New Invoice,134134,2025-05-21,None,101617,2025-07-17,RMKSPL25,477,Delete
29574,Patrick Clark,kmZHJ2LdWgy6SHFKEZnH,100.00,2025-05-21,New Invoice,134134,2025-05-21,None,133658,2025-08-25,None,,Delete
29574,Patrick Clark,kmZHJ2LdWgy6SHFKEZnH,100.00,2025-05-21,New Invoice,134134,2025-05-21,None,133809,2025-08-05,None,,Delete
29574,Patrick Clark,kmZHJ2LdWgy6SHFKEZnH,100.00,2025-05-21,New Invoice,134134,2025-05-21,None,133958,2025-07-02,None,,Delete
29574,Patrick Clark,kmZHJ2LdWgy6SHFKEZnH,100.00,2025-05-21,New Invoice,134134,2025-05-21,None,134338,2025-04-15,None,,Delete
29574,Patrick Clark,kmZHJ2LdWgy6SHFKEZnH,100.00,2025-05-21,New Invoice,134134,2025-05-21,None,134770,2025-03-21,None,,Delete
29574,Patrick Clark,kmZHJ2LdWgy6SHFKEZnH,100.00,2025-05-21,New Invoice,134134,2025-05-21,None,134874,2025-03-04,None,,Delete
31408,Jay Eizik,P8vnMlgYSJRGZHj0Ohlh,72.00,2025-05-20,New Invoice,134139,2025-05-20,None,65229,2025-01-01,None,,Delete
34309,Haroon Saghian,wKf09abxjQJwGLfkA2rg,260.00,2025-05-20,New Invoice,134141,2025-05-20,None,83510,2025-06-17,None,,Delete
34309,Haroon Saghian,wKf09abxjQJwGLfkA2rg,260.00,2025-05-20,New Invoice,134141,2025-05-20,None,83512,2025-03-17,None,,Delete
34309,Haroon Saghian,wKf09abxjQJwGLfkA2rg,260.00,2025-05-20,New Invoice,134141,2025-05-20,None,83513,2025-01-15,None,,Delete
34309,Haroon Saghian,wKf09abxjQJwGLfkA2rg,260.00,2025-05-20,New Invoice,134141,2025-05-20,None,136215,2025-09-29,New Invoice,946,Transfer campaign then delete
34309,Haroon Saghian,wKf09abxjQJwGLfkA2rg,260.00,2025-05-20,New Invoice,134141,2025-05-20,None,136243,2025-08-25,New Invoice,946,Transfer campaign then delete
34309,Haroon Saghian,wKf09abxjQJwGLfkA2rg,260.00,2025-05-20,New Invoice,134141,2025-05-20,None,100628,2025-10-15,Recurring,472,Delete
34309,Haroon Saghian,wKf09abxjQJwGLfkA2rg,260.00,2025-05-20,New Invoice,134141,2025-05-20,None,100646,2025-09-16,Recurring,472,Delete
34309,Haroon Saghian,wKf09abxjQJwGLfkA2rg,260.00,2025-05-20,New Invoice,134141,2025-05-20,None,100668,2025-08-17,Recurring,472,Delete
34309,Haroon Saghian,wKf09abxjQJwGLfkA2rg,260.00,2025-05-20,New Invoice,134141,2025-05-20,None,135994,2025-11-26,New Invoice,946,Transfer campaign then delete
34309,Haroon Saghian,wKf09abxjQJwGLfkA2rg,260.00,2025-05-20,New Invoice,134141,2025-05-20,None,136030,2025-10-20,New Invoice,946,Transfer campaign then delete
34309,Haroon Saghian,wKf09abxjQJwGLfkA2rg,260.00,2025-05-20,New Invoice,134141,2025-05-20,None,132515,2025-11-17,ID 736,736,Delete
34309,Haroon Saghian,wKf09abxjQJwGLfkA2rg,260.00,2025-05-20,New Invoice,134141,2025-05-20,None,133881,2025-07-24,None,,Delete
34309,Haroon Saghian,wKf09abxjQJwGLfkA2rg,260.00,2025-05-20,New Invoice,134141,2025-05-20,None,135908,2025-12-29,Monthly,854,Delete
34309,Haroon Saghian,wKf09abxjQJwGLfkA2rg,260.00,2025-05-20,New Invoice,134141,2025-05-20,None,136292,2025-06-23,New Invoice,946,Transfer campaign then delete
34309,Haroon Saghian,wKf09abxjQJwGLfkA2rg,260.00,2025-05-20,New Invoice,134141,2025-05-20,None,136471,2025-03-21,New Invoice,946,Transfer campaign then delete
25623,Zvi Bloom,AswoEXzJrx9Lo9FJ1QXz,600.00,2025-05-14,New Invoice,134147,2025-05-14,None,28371,2025-06-08,None,,Delete
25623,Zvi Bloom,AswoEXzJrx9Lo9FJ1QXz,600.00,2025-05-14,New Invoice,134147,2025-05-14,None,28373,2025-04-07,None,,Delete
25623,Zvi Bloom,AswoEXzJrx9Lo9FJ1QXz,600.00,2025-05-14,New Invoice,134147,2025-05-14,None,134060,2025-06-13,None,,Delete
25623,Zvi Bloom,AswoEXzJrx9Lo9FJ1QXz,600.00,2025-05-14,New Invoice,134147,2025-05-14,None,134402,2025-04-15,None,,Delete
27398,Bridget Doucette,fBRzHfRHkXWDzgMePB2H,10.00,2025-05-14,New Invoice,134149,2025-05-14,None,39133,2025-02-10,None,,Delete
27398,Bridget Doucette,fBRzHfRHkXWDzgMePB2H,10.00,2025-05-14,New Invoice,134149,2025-05-14,None,134686,2025-04-01,None,,Delete
26632,Gary Gelber,DdijvjHLlnw6kSLfn3cL,200.00,2025-05-14,New Invoice,134150,2025-05-14,None,101342,2025-10-05,RH25,475,Transfer campaign then delete
26632,Gary Gelber,DdijvjHLlnw6kSLfn3cL,200.00,2025-05-14,New Invoice,134150,2025-05-14,None,136085,2025-10-20,New Invoice,946,Delete
28006,Steven Trenk,GRsguwaXgXvCehGOWRa2,25.00,2025-05-14,New Invoice,134158,2025-05-14,None,43112,2025-06-08,None,,Delete
28006,Steven Trenk,GRsguwaXgXvCehGOWRa2,25.00,2025-05-14,New Invoice,134158,2025-05-14,None,43115,2025-03-09,None,,Delete
28006,Steven Trenk,GRsguwaXgXvCehGOWRa2,25.00,2025-05-14,New Invoice,134158,2025-05-14,None,43116,2025-02-06,None,,Delete
28006,Steven Trenk,GRsguwaXgXvCehGOWRa2,25.00,2025-05-14,New Invoice,134158,2025-05-14,None,43117,2025-01-02,None,,Delete
28006,Steven Trenk,GRsguwaXgXvCehGOWRa2,25.00,2025-05-14,New Invoice,134158,2025-05-14,None,100527,2025-04-07,Maos Chitim 2025,470,Transfer campaign then delete
28006,Steven Trenk,GRsguwaXgXvCehGOWRa2,25.00,2025-05-14,New Invoice,134158,2025-05-14,None,100612,2025-11-06,Recurring,472,Delete
28006,Steven Trenk,GRsguwaXgXvCehGOWRa2,25.00,2025-05-14,New Invoice,134158,2025-05-14,None,100631,2025-10-15,Recurring,472,Delete
28006,Steven Trenk,GRsguwaXgXvCehGOWRa2,25.00,2025-05-14,New Invoice,134158,2025-05-14,None,100650,2025-09-09,Recurring,472,Delete
28006,Steven Trenk,GRsguwaXgXvCehGOWRa2,25.00,2025-05-14,New Invoice,134158,2025-05-14,None,100682,2025-08-07,Recurring,472,Delete
28006,Steven Trenk,GRsguwaXgXvCehGOWRa2,25.00,2025-05-14,New Invoice,134158,2025-05-14,None,100690,2025-07-08,Recurring,472,Delete
28006,Steven Trenk,GRsguwaXgXvCehGOWRa2,25.00,2025-05-14,New Invoice,134158,2025-05-14,None,132566,2025-12-11,Monthly,854,Delete
28006,Steven Trenk,GRsguwaXgXvCehGOWRa2,25.00,2025-05-14,New Invoice,134158,2025-05-14,None,132796,2025-11-10,None,,Delete
28006,Steven Trenk,GRsguwaXgXvCehGOWRa2,25.00,2025-05-14,New Invoice,134158,2025-05-14,None,132939,2025-10-20,None,,Delete
28006,Steven Trenk,GRsguwaXgXvCehGOWRa2,25.00,2025-05-14,New Invoice,134158,2025-05-14,None,133598,2025-09-17,None,,Delete
28006,Steven Trenk,GRsguwaXgXvCehGOWRa2,25.00,2025-05-14,New Invoice,134158,2025-05-14,None,133721,2025-08-12,None,,Delete
28006,Steven Trenk,GRsguwaXgXvCehGOWRa2,25.00,2025-05-14,New Invoice,134158,2025-05-14,None,133865,2025-07-24,None,,Delete
28006,Steven Trenk,GRsguwaXgXvCehGOWRa2,25.00,2025-05-14,New Invoice,134158,2025-05-14,None,134055,2025-06-13,None,,Delete
28006,Steven Trenk,GRsguwaXgXvCehGOWRa2,25.00,2025-05-14,New Invoice,134158,2025-05-14,None,134529,2025-04-14,None,,Delete
28006,Steven Trenk,GRsguwaXgXvCehGOWRa2,25.00,2025-05-14,New Invoice,134158,2025-05-14,None,134818,2025-03-12,None,,Delete
28030,Ely Silbiger,GtnHVcROHR5eovKTpZbV,25.00,2025-05-14,New Invoice,134160,2025-05-14,None,43478,2025-02-27,None,,Delete
52156,Norman Linzer,3HE72vxO5y8e97EB7jH2,100.00,2025-05-14,New Invoice,134163,2025-05-14,None,132736,2025-12-01,None,,Delete
52156,Norman Linzer,3HE72vxO5y8e97EB7jH2,100.00,2025-05-14,New Invoice,134163,2025-05-14,None,132847,2025-11-01,None,,Delete
52156,Norman Linzer,3HE72vxO5y8e97EB7jH2,100.00,2025-05-14,New Invoice,134163,2025-05-14,None,133353,2025-10-01,None,,Delete
52156,Norman Linzer,3HE72vxO5y8e97EB7jH2,100.00,2025-05-14,New Invoice,134163,2025-05-14,None,133652,2025-09-01,None,,Delete
52156,Norman Linzer,3HE72vxO5y8e97EB7jH2,100.00,2025-05-14,New Invoice,134163,2025-05-14,None,133831,2025-08-01,None,,Delete
52156,Norman Linzer,3HE72vxO5y8e97EB7jH2,100.00,2025-05-14,New Invoice,134163,2025-05-14,None,134047,2025-06-13,None,,Delete
52156,Norman Linzer,3HE72vxO5y8e97EB7jH2,100.00,2025-05-14,New Invoice,134163,2025-05-14,None,134559,2025-04-14,None,,Delete
52156,Norman Linzer,3HE72vxO5y8e97EB7jH2,100.00,2025-05-14,New Invoice,134163,2025-05-14,None,134801,2025-03-13,None,,Delete
33591,Michael Lendzin,UQf3mUJP6UCs9Pj5ylvl,1.00,2025-05-14,New Invoice,134167,2025-05-14,None,78898,2025-04-02,None,,Delete
33591,Michael Lendzin,UQf3mUJP6UCs9Pj5ylvl,1.00,2025-05-14,New Invoice,134167,2025-05-14,None,78899,2025-01-30,None,,Delete
33591,Michael Lendzin,UQf3mUJP6UCs9Pj5ylvl,1.00,2025-05-14,New Invoice,134167,2025-05-14,None,134618,2025-04-10,None,,Delete
26036,Israel Bick,buQt7pfSvORr9Fy1K7BX,2.00,2025-05-14,New Invoice,134168,2025-05-14,None,30919,2025-04-24,None,,Delete
26036,Israel Bick,buQt7pfSvORr9Fy1K7BX,2.00,2025-05-14,New Invoice,134168,2025-05-14,None,30920,2025-01-30,None,,Delete
26036,Israel Bick,buQt7pfSvORr9Fy1K7BX,2.00,2025-05-14,New Invoice,134168,2025-05-14,None,136335,2025-04-28,New Invoice,946,Transfer campaign then delete
27638,A. Braun,FtK6eF4vF0aFoBpn3OAa,1.00,2025-05-14,New Invoice,134170,2025-05-14,938,40582,2025-01-30,None,,Delete
32593,Zevi Trenk,s5nqM8JOFiWQc0KlyCFd,5.00,2025-05-14,New Invoice,134171,2025-05-14,None,72523,2025-04-09,None,,Delete
32593,Zevi Trenk,s5nqM8JOFiWQc0KlyCFd,5.00,2025-05-14,New Invoice,134171,2025-05-14,None,72524,2025-01-30,None,,Delete
32593,Zevi Trenk,s5nqM8JOFiWQc0KlyCFd,5.00,2025-05-14,New Invoice,134171,2025-05-14,None,101190,2025-09-29,RH25,475,Transfer campaign then delete
32593,Zevi Trenk,s5nqM8JOFiWQc0KlyCFd,5.00,2025-05-14,New Invoice,134171,2025-05-14,None,133285,2025-10-05,None,,Delete
32593,Zevi Trenk,s5nqM8JOFiWQc0KlyCFd,5.00,2025-05-14,New Invoice,134171,2025-05-14,None,134547,2025-04-14,None,,Delete
24119,Ms. Bina Lipschutz,4DPlFCIlxbKOdTcTiGmh,2.00,2025-05-14,New Invoice,136320,2025-05-14,946,101112,2025-01-30,RH25,475,Delete
52921,Jeffrey Ratz,qZUxsRSnOnJGakmnrC05,5.00,2025-05-14,New Invoice,136321,2025-05-14,946,136420,2025-04-14,New Invoice,946,Delete
29106,Mr. & Mrs. Jeffrey Weber,jI80B4zZayW6xrBsCYNz,50.00,2025-05-13,New Invoice,134182,2025-05-13,None,100272,2025-05-08,Maos Chitim 2025,470,Transfer campaign then delete
29106,Mr. & Mrs. Jeffrey Weber,jI80B4zZayW6xrBsCYNz,50.00,2025-05-13,New Invoice,134182,2025-05-13,None,100561,2025-04-09,Maos Chitim 2025,470,Transfer campaign then delete
29106,Mr. & Mrs. Jeffrey Weber,jI80B4zZayW6xrBsCYNz,50.00,2025-05-13,New Invoice,134182,2025-05-13,None,132519,2025-11-11,RH25,475,Delete
29106,Mr. & Mrs. Jeffrey Weber,jI80B4zZayW6xrBsCYNz,50.00,2025-05-13,New Invoice,134182,2025-05-13,None,132778,2025-11-19,None,,Delete
29106,Mr. & Mrs. Jeffrey Weber,jI80B4zZayW6xrBsCYNz,50.00,2025-05-13,New Invoice,134182,2025-05-13,None,134562,2025-04-14,None,,Delete
31750,Matt Reichel,q0e5s2XthtdIwNTGbeuF,54.00,2025-05-13,New Invoice,134183,2025-05-13,None,67139,2025-06-09,None,,Delete
31750,Matt Reichel,q0e5s2XthtdIwNTGbeuF,54.00,2025-05-13,New Invoice,134183,2025-05-13,None,99860,2025-05-07,GD25,462,Transfer campaign then delete
31750,Matt Reichel,q0e5s2XthtdIwNTGbeuF,54.00,2025-05-13,New Invoice,134183,2025-05-13,None,134050,2025-06-13,None,,Delete
29340,Israel Sherman,k0wBxznsW2sNraVY4Uru,200.00,2025-05-06,New Invoice,134192,2025-05-06,None,51774,2025-06-10,None,,Delete
29340,Israel Sherman,k0wBxznsW2sNraVY4Uru,200.00,2025-05-06,New Invoice,134192,2025-05-06,None,51776,2025-04-07,None,,Delete
29340,Israel Sherman,k0wBxznsW2sNraVY4Uru,200.00,2025-05-06,New Invoice,134192,2025-05-06,None,51779,2025-01-13,None,,Delete
29340,Israel Sherman,k0wBxznsW2sNraVY4Uru,200.00,2025-05-06,New Invoice,134192,2025-05-06,None,100611,2025-11-06,Recurring,472,Transfer campaign then delete
29340,Israel Sherman,k0wBxznsW2sNraVY4Uru,200.00,2025-05-06,New Invoice,134192,2025-05-06,None,100632,2025-10-15,Recurring,472,Transfer campaign then delete
29340,Israel Sherman,k0wBxznsW2sNraVY4Uru,200.00,2025-05-06,New Invoice,134192,2025-05-06,None,100651,2025-09-09,Recurring,472,Transfer campaign then delete
29340,Israel Sherman,k0wBxznsW2sNraVY4Uru,200.00,2025-05-06,New Invoice,134192,2025-05-06,None,100683,2025-08-07,Recurring,472,Transfer campaign then delete
29340,Israel Sherman,k0wBxznsW2sNraVY4Uru,200.00,2025-05-06,New Invoice,134192,2025-05-06,None,100691,2025-07-08,Recurring,472,Transfer campaign then delete
29340,Israel Sherman,k0wBxznsW2sNraVY4Uru,200.00,2025-05-06,New Invoice,134192,2025-05-06,None,132650,2025-12-09,None,,Delete
29340,Israel Sherman,k0wBxznsW2sNraVY4Uru,200.00,2025-05-06,New Invoice,134192,2025-05-06,None,132795,2025-11-10,None,,Delete
29340,Israel Sherman,k0wBxznsW2sNraVY4Uru,200.00,2025-05-06,New Invoice,134192,2025-05-06,None,132941,2025-10-20,None,,Delete
29340,Israel Sherman,k0wBxznsW2sNraVY4Uru,200.00,2025-05-06,New Invoice,134192,2025-05-06,None,133599,2025-09-17,None,,Delete
29340,Israel Sherman,k0wBxznsW2sNraVY4Uru,200.00,2025-05-06,New Invoice,134192,2025-05-06,None,133722,2025-08-12,None,,Delete
29340,Israel Sherman,k0wBxznsW2sNraVY4Uru,200.00,2025-05-06,New Invoice,134192,2025-05-06,None,133868,2025-07-24,None,,Delete
29340,Israel Sherman,k0wBxznsW2sNraVY4Uru,200.00,2025-05-06,New Invoice,134192,2025-05-06,None,134040,2025-06-13,None,,Delete
29340,Israel Sherman,k0wBxznsW2sNraVY4Uru,200.00,2025-05-06,New Invoice,134192,2025-05-06,None,134403,2025-04-15,None,,Delete
29340,Israel Sherman,k0wBxznsW2sNraVY4Uru,200.00,2025-05-06,New Invoice,134192,2025-05-06,None,134799,2025-03-13,None,,Delete
32063,Robert Kaufman,QTbtycs0mUUEvv8XTPZh,50.00,2025-05-06,New Invoice,134197,2025-05-06,None,69221,2025-03-18,None,,Delete
32063,Robert Kaufman,QTbtycs0mUUEvv8XTPZh,50.00,2025-05-06,New Invoice,134197,2025-05-06,None,99437,2025-08-07,CF25,254,Transfer campaign then delete
32063,Robert Kaufman,QTbtycs0mUUEvv8XTPZh,50.00,2025-05-06,New Invoice,134197,2025-05-06,None,132534,2025-11-17,RH25,475,Delete
32063,Robert Kaufman,QTbtycs0mUUEvv8XTPZh,50.00,2025-05-06,New Invoice,134197,2025-05-06,None,132748,2025-11-26,None,,Delete
32063,Robert Kaufman,QTbtycs0mUUEvv8XTPZh,50.00,2025-05-06,New Invoice,134197,2025-05-06,None,133723,2025-08-12,None,,Delete
32063,Robert Kaufman,QTbtycs0mUUEvv8XTPZh,50.00,2025-05-06,New Invoice,134197,2025-05-06,None,134762,2025-03-21,None,,Delete
25258,David Hornung,9tvzmJ8IFvZNptsnzjCG,18.00,2025-05-06,New Invoice,136323,2025-05-06,946,26226,2025-03-18,None,,Delete
25258,David Hornung,9tvzmJ8IFvZNptsnzjCG,18.00,2025-05-06,New Invoice,136323,2025-05-06,946,101397,2025-10-02,RH25,475,Delete
25258,David Hornung,9tvzmJ8IFvZNptsnzjCG,18.00,2025-05-06,New Invoice,136323,2025-05-06,946,134763,2025-03-21,None,,Delete
25258,David Hornung,9tvzmJ8IFvZNptsnzjCG,18.00,2025-05-06,New Invoice,136323,2025-05-06,946,136121,2025-10-17,New Invoice,946,Delete
34025,Sidney Fishman,vS1fIuhsoVGGBt4PNUep,50.00,2025-05-06,New Invoice,134205,2025-05-06,None,81899,2025-03-04,None,,Delete
32387,Mr. & Mrs. Joey Harary,ro17VYI9JQx3fs2zRZcL,10.00,2025-05-06,New Invoice,134208,2025-05-06,None,99865,2025-03-17,GD25,462,Transfer campaign then delete
39543,meryl charlap,uGkadupOH93vM3nE8kQh,180.00,2025-05-06,New Invoice,134209,2025-05-06,None,103521,2025-03-25,RH25,475,Transfer campaign then delete
26559,Mordecai Gold,D6atAo7F5bfCEzcbZz4n,5.00,2025-05-06,New Invoice,134210,2025-05-06,None,34297,2025-03-25,None,,Delete
23877,Mr. & Mrs. Gary Eisenberg,3ckcu7EkUhgMHmIYLqZh,100.00,2025-05-06,New Invoice,136324,2025-05-06,946,100023,2025-04-08,SOULFARM25,465,Delete
52878,Marc Popowitz,XINhZ8DiZY3y3HG2nCBT,54.00,2025-05-05,New Invoice,136325,2025-05-05,946,136145,2025-10-05,New Invoice,946,Delete
26119,Alexander Breiner,C1Bz47yUJrmY0uKz6lgG,18.00,2025-05-05,New Invoice,134220,2025-05-05,None,101175,2025-10-27,RH25,475,Transfer campaign then delete
26119,Alexander Breiner,C1Bz47yUJrmY0uKz6lgG,18.00,2025-05-05,New Invoice,134220,2025-05-05,None,136022,2025-10-31,New Invoice,946,Delete
27444,Mr. & Mrs. Ephraim Weingarten,Fesuqd6RnrSGG5Zaw8it,36.00,2025-05-05,New Invoice,134224,2025-05-05,470,132663,2025-12-03,RH25,475,Delete
28913,Mr. & Mrs. Joseph Hoch,iYwrqKrjtAOtdUeJEBS2,150.00,2025-05-05,New Invoice,134228,2025-05-05,None,99821,2025-05-31,GD25,462,Transfer campaign then delete
28913,Mr. & Mrs. Joseph Hoch,iYwrqKrjtAOtdUeJEBS2,150.00,2025-05-05,New Invoice,134228,2025-05-05,None,100154,2025-09-02,Maos Chitim 2025,470,Delete
28913,Mr. & Mrs. Joseph Hoch,iYwrqKrjtAOtdUeJEBS2,150.00,2025-05-05,New Invoice,134228,2025-05-05,None,100292,2025-05-01,Maos Chitim 2025,470,Delete
28913,Mr. & Mrs. Joseph Hoch,iYwrqKrjtAOtdUeJEBS2,150.00,2025-05-05,New Invoice,134228,2025-05-05,None,100613,2025-10-01,Recurring,472,Delete
28913,Mr. & Mrs. Joseph Hoch,iYwrqKrjtAOtdUeJEBS2,150.00,2025-05-05,New Invoice,134228,2025-05-05,None,100684,2025-08-03,Recurring,472,Delete
28913,Mr. & Mrs. Joseph Hoch,iYwrqKrjtAOtdUeJEBS2,150.00,2025-05-05,New Invoice,134228,2025-05-05,None,132680,2025-12-03,None,,Delete
28913,Mr. & Mrs. Joseph Hoch,iYwrqKrjtAOtdUeJEBS2,150.00,2025-05-05,New Invoice,134228,2025-05-05,None,132825,2025-11-05,None,,Delete
28913,Mr. & Mrs. Joseph Hoch,iYwrqKrjtAOtdUeJEBS2,150.00,2025-05-05,New Invoice,134228,2025-05-05,None,133218,2025-10-05,None,,Delete
28913,Mr. & Mrs. Joseph Hoch,iYwrqKrjtAOtdUeJEBS2,150.00,2025-05-05,New Invoice,134228,2025-05-05,None,133641,2025-09-09,None,,Delete
28913,Mr. & Mrs. Joseph Hoch,iYwrqKrjtAOtdUeJEBS2,150.00,2025-05-05,New Invoice,134228,2025-05-05,None,133726,2025-08-12,None,,Delete
28913,Mr. & Mrs. Joseph Hoch,iYwrqKrjtAOtdUeJEBS2,150.00,2025-05-05,New Invoice,134228,2025-05-05,None,133944,2025-07-02,None,,Delete
28913,Mr. & Mrs. Joseph Hoch,iYwrqKrjtAOtdUeJEBS2,150.00,2025-05-05,New Invoice,134228,2025-05-05,None,134071,2025-06-11,None,,Delete
25224,Reuven Guy,9NYEwMSHoJfsVpMa3GVE,54.00,2025-05-05,New Invoice,134232,2025-05-05,None,25950,2025-05-01,None,,Delete
23237,Mirel Frank,07QCWJV4T5MU2EbTyP0g,18.00,2025-05-05,New Invoice,134233,2025-05-05,None,13741,2025-05-01,None,,Delete
23237,Mirel Frank,07QCWJV4T5MU2EbTyP0g,18.00,2025-05-05,New Invoice,134233,2025-05-05,None,13742,2025-01-12,None,,Delete
23237,Mirel Frank,07QCWJV4T5MU2EbTyP0g,18.00,2025-05-05,New Invoice,134233,2025-05-05,None,133395,2025-09-30,None,,Delete
28167,I Cohen,H7QvO0sr0wOdGJ6yz8Hp,36.00,2025-05-05,New Invoice,136326,2025-05-05,946,44340,2025-05-01,None,,Delete
28167,I Cohen,H7QvO0sr0wOdGJ6yz8Hp,36.00,2025-05-05,New Invoice,136326,2025-05-05,946,135990,2025-11-26,New Invoice,946,Delete
28167,I Cohen,H7QvO0sr0wOdGJ6yz8Hp,36.00,2025-05-05,New Invoice,136326,2025-05-05,946,132517,2025-11-17,RH25,475,Delete
28054,Azi Mandel,GW2Im1C8Eom2Hjg9p75B,5000.00,2025-05-05,New Invoice,136327,2025-05-05,946,43631,2025-05-01,None,,Delete
28067,sharon max,GWSoEYJeQacPHT0YrXfJ,18.00,2025-05-05,New Invoice,134238,2025-05-05,None,43726,2025-04-09,None,,Delete
28067,sharon max,GWSoEYJeQacPHT0YrXfJ,18.00,2025-05-05,New Invoice,134238,2025-05-05,None,43727,2025-02-06,None,,Delete
28067,sharon max,GWSoEYJeQacPHT0YrXfJ,18.00,2025-05-05,New Invoice,134238,2025-05-05,None,43728,2025-01-08,None,,Delete
28067,sharon max,GWSoEYJeQacPHT0YrXfJ,18.00,2025-05-05,New Invoice,134238,2025-05-05,None,92056,2025-06-19,None,,Delete
28067,sharon max,GWSoEYJeQacPHT0YrXfJ,18.00,2025-05-05,New Invoice,134238,2025-05-05,None,92221,2025-01-05,None,,Delete
28067,sharon max,GWSoEYJeQacPHT0YrXfJ,18.00,2025-05-05,New Invoice,134238,2025-05-05,None,100672,2025-08-14,Recurring,472,Transfer campaign then delete
28067,sharon max,GWSoEYJeQacPHT0YrXfJ,18.00,2025-05-05,New Invoice,134238,2025-05-05,None,92090,2025-04-24,None,,Delete
28067,sharon max,GWSoEYJeQacPHT0YrXfJ,18.00,2025-05-05,New Invoice,134238,2025-05-05,None,133674,2025-08-22,None,,Delete
28067,sharon max,GWSoEYJeQacPHT0YrXfJ,18.00,2025-05-05,New Invoice,134238,2025-05-05,None,133993,2025-06-23,None,,Delete
28067,sharon max,GWSoEYJeQacPHT0YrXfJ,18.00,2025-05-05,New Invoice,134238,2025-05-05,None,134271,2025-04-28,None,,Delete
28067,sharon max,GWSoEYJeQacPHT0YrXfJ,18.00,2025-05-05,New Invoice,134238,2025-05-05,None,134560,2025-04-14,None,,Delete
31937,Mr. & Mrs. Norman Schmutter,qJW9xz4h2CtyWHuk4Nh9,1800.00,2025-05-05,New Invoice,134239,2025-05-05,None,99376,2025-09-01,Bergen25,458,Transfer campaign then delete
31937,Mr. & Mrs. Norman Schmutter,qJW9xz4h2CtyWHuk4Nh9,1800.00,2025-05-05,New Invoice,134239,2025-05-05,None,99387,2025-09-30,Bergen25,458,Transfer campaign then delete
31937,Mr. & Mrs. Norman Schmutter,qJW9xz4h2CtyWHuk4Nh9,1800.00,2025-05-05,New Invoice,134239,2025-05-05,None,99418,2025-07-29,CF25,254,Delete
31937,Mr. & Mrs. Norman Schmutter,qJW9xz4h2CtyWHuk4Nh9,1800.00,2025-05-05,New Invoice,134239,2025-05-05,None,99835,2025-05-29,GD25,462,Delete
31937,Mr. & Mrs. Norman Schmutter,qJW9xz4h2CtyWHuk4Nh9,1800.00,2025-05-05,New Invoice,134239,2025-05-05,None,99836,2025-04-29,GD25,462,Delete
31937,Mr. & Mrs. Norman Schmutter,qJW9xz4h2CtyWHuk4Nh9,1800.00,2025-05-05,New Invoice,134239,2025-05-05,None,99871,2025-03-31,GD25,462,Delete
31937,Mr. & Mrs. Norman Schmutter,qJW9xz4h2CtyWHuk4Nh9,1800.00,2025-05-05,New Invoice,134239,2025-05-05,None,99992,2025-02-25,GD25,462,Delete
31937,Mr. & Mrs. Norman Schmutter,qJW9xz4h2CtyWHuk4Nh9,1800.00,2025-05-05,New Invoice,134239,2025-05-05,None,132678,2025-12-03,None,,Delete
31937,Mr. & Mrs. Norman Schmutter,qJW9xz4h2CtyWHuk4Nh9,1800.00,2025-05-05,New Invoice,134239,2025-05-05,None,132864,2025-10-31,None,,Delete
31937,Mr. & Mrs. Norman Schmutter,qJW9xz4h2CtyWHuk4Nh9,1800.00,2025-05-05,New Invoice,134239,2025-05-05,None,133281,2025-10-05,None,,Delete
31937,Mr. & Mrs. Norman Schmutter,qJW9xz4h2CtyWHuk4Nh9,1800.00,2025-05-05,New Invoice,134239,2025-05-05,None,133642,2025-09-09,None,,Delete
31937,Mr. & Mrs. Norman Schmutter,qJW9xz4h2CtyWHuk4Nh9,1800.00,2025-05-05,New Invoice,134239,2025-05-05,None,133750,2025-08-12,None,,Delete
31937,Mr. & Mrs. Norman Schmutter,qJW9xz4h2CtyWHuk4Nh9,1800.00,2025-05-05,New Invoice,134239,2025-05-05,None,133943,2025-07-02,None,,Delete
31937,Mr. & Mrs. Norman Schmutter,qJW9xz4h2CtyWHuk4Nh9,1800.00,2025-05-05,New Invoice,134239,2025-05-05,None,134093,2025-06-04,None,,Delete
31937,Mr. & Mrs. Norman Schmutter,qJW9xz4h2CtyWHuk4Nh9,1800.00,2025-05-05,New Invoice,134239,2025-05-05,None,134627,2025-04-09,None,,Delete
31937,Mr. & Mrs. Norman Schmutter,qJW9xz4h2CtyWHuk4Nh9,1800.00,2025-05-05,New Invoice,134239,2025-05-05,None,134834,2025-03-12,None,,Delete
31937,Mr. & Mrs. Norman Schmutter,qJW9xz4h2CtyWHuk4Nh9,1800.00,2025-05-05,New Invoice,134239,2025-05-05,None,134861,2025-03-04,None,,Delete
24908,Y Mendlowitz,86SJD8bdNcIHkRmU8gqD,5.00,2025-05-05,New Invoice,134243,2025-05-05,None,24284,2025-04-28,None,,Delete
26630,Mr. & Mrs. Sam Rosenberg,DCZbYveaMJmdmexX8rQU,5.00,2025-05-05,New Invoice,134244,2025-05-05,None,100302,2025-04-28,Maos Chitim 2025,470,Transfer campaign then delete
27240,Fariba Hourizadeh,EVXeIK6flra0En2nURyC,100.00,2025-05-05,New Invoice,136329,2025-05-05,946,38348,2025-04-27,Maos Chitim 2025,470,Delete
27240,Fariba Hourizadeh,EVXeIK6flra0En2nURyC,100.00,2025-05-05,New Invoice,136329,2025-05-05,946,38349,2025-04-07,Maos Chitim 2025,470,Delete
27240,Fariba Hourizadeh,EVXeIK6flra0En2nURyC,100.00,2025-05-05,New Invoice,136329,2025-05-05,946,136369,2025-04-15,New Invoice,946,Delete
39418,Yudie Fogel,w804lBjJd9SWPDH6cqsG,15.00,2025-05-05,New Invoice,134246,2025-05-05,470,102704,2025-04-27,Maos Chitim 2025,470,Delete
31077,Mr. & Mrs. Jerry Schneider,OFe2ttULAWjmuGYCZsRU,18.00,2025-05-05,New Invoice,134247,2025-05-05,None,100305,2025-04-27,Maos Chitim 2025,470,Transfer campaign then delete
23774,Morris Heisler,2qYZNCDTs78IVSWYxUxf,10.00,2025-05-05,New Invoice,134252,2025-05-05,None,16875,2025-04-27,None,,Delete
23774,Morris Heisler,2qYZNCDTs78IVSWYxUxf,10.00,2025-05-05,New Invoice,134252,2025-05-05,None,16876,2025-03-09,None,,Delete
23774,Morris Heisler,2qYZNCDTs78IVSWYxUxf,10.00,2025-05-05,New Invoice,134252,2025-05-05,None,135931,2025-12-29,RH25,475,Transfer campaign then delete
23774,Morris Heisler,2qYZNCDTs78IVSWYxUxf,10.00,2025-05-05,New Invoice,134252,2025-05-05,None,134820,2025-03-12,None,,Delete
23774,Morris Heisler,2qYZNCDTs78IVSWYxUxf,10.00,2025-05-05,New Invoice,134252,2025-05-05,None,135485,2025-12-24,RH25,475,Transfer campaign then delete
26036,Israel Bick,buQt7pfSvORr9Fy1K7BX,2.00,2025-04-28,New Invoice,136335,2025-04-28,946,30919,2025-04-24,None,,Delete
26036,Israel Bick,buQt7pfSvORr9Fy1K7BX,2.00,2025-04-28,New Invoice,136335,2025-04-28,946,30920,2025-01-30,None,,Delete
26036,Israel Bick,buQt7pfSvORr9Fy1K7BX,2.00,2025-04-28,New Invoice,136335,2025-04-28,946,134168,2025-05-14,None,,Delete
28067,sharon max,GWSoEYJeQacPHT0YrXfJ,18.00,2025-04-28,New Invoice,134271,2025-04-28,None,43726,2025-04-09,None,,Delete
28067,sharon max,GWSoEYJeQacPHT0YrXfJ,18.00,2025-04-28,New Invoice,134271,2025-04-28,None,43727,2025-02-06,None,,Delete
28067,sharon max,GWSoEYJeQacPHT0YrXfJ,18.00,2025-04-28,New Invoice,134271,2025-04-28,None,43728,2025-01-08,None,,Delete
28067,sharon max,GWSoEYJeQacPHT0YrXfJ,18.00,2025-04-28,New Invoice,134271,2025-04-28,None,92056,2025-06-19,None,,Delete
28067,sharon max,GWSoEYJeQacPHT0YrXfJ,18.00,2025-04-28,New Invoice,134271,2025-04-28,None,92221,2025-01-05,None,,Delete
28067,sharon max,GWSoEYJeQacPHT0YrXfJ,18.00,2025-04-28,New Invoice,134271,2025-04-28,None,100672,2025-08-14,Recurring,472,Transfer campaign then delete
28067,sharon max,GWSoEYJeQacPHT0YrXfJ,18.00,2025-04-28,New Invoice,134271,2025-04-28,None,92090,2025-04-24,None,,Delete
28067,sharon max,GWSoEYJeQacPHT0YrXfJ,18.00,2025-04-28,New Invoice,134271,2025-04-28,None,133674,2025-08-22,None,,Delete
28067,sharon max,GWSoEYJeQacPHT0YrXfJ,18.00,2025-04-28,New Invoice,134271,2025-04-28,None,133993,2025-06-23,None,,Delete
28067,sharon max,GWSoEYJeQacPHT0YrXfJ,18.00,2025-04-28,New Invoice,134271,2025-04-28,None,134238,2025-05-05,None,,Delete
28067,sharon max,GWSoEYJeQacPHT0YrXfJ,18.00,2025-04-28,New Invoice,134271,2025-04-28,None,134560,2025-04-14,None,,Delete
29055,Gerald Koszer,JelvjzBS36VLYFJuqikm,1.00,2025-04-28,New Invoice,136336,2025-04-28,946,50070,2025-04-24,None,,Delete
27364,Harry Katz,F95xMHWa5tT1KSuGAtyT,18.00,2025-04-28,New Invoice,136337,2025-04-28,946,38939,2025-04-23,None,,Delete
24543,Philip Kazlow,6F8li2ijC7g7SLoBkej9,1000.00,2025-04-28,New Invoice,134274,2025-04-28,None,21741,2025-06-19,None,,Delete
24543,Philip Kazlow,6F8li2ijC7g7SLoBkej9,1000.00,2025-04-28,New Invoice,134274,2025-04-28,None,21742,2025-04-23,None,,Delete
24543,Philip Kazlow,6F8li2ijC7g7SLoBkej9,1000.00,2025-04-28,New Invoice,134274,2025-04-28,None,99375,2025-09-18,Bergen25,458,Transfer campaign then delete
24543,Philip Kazlow,6F8li2ijC7g7SLoBkej9,1000.00,2025-04-28,New Invoice,134274,2025-04-28,None,101201,2025-10-02,RH25,475,Delete
24543,Philip Kazlow,6F8li2ijC7g7SLoBkej9,1000.00,2025-04-28,New Invoice,134274,2025-04-28,None,132677,2025-12-03,None,,Delete
24543,Philip Kazlow,6F8li2ijC7g7SLoBkej9,1000.00,2025-04-28,New Invoice,134274,2025-04-28,None,133104,2025-10-17,None,,Delete
24543,Philip Kazlow,6F8li2ijC7g7SLoBkej9,1000.00,2025-04-28,New Invoice,134274,2025-04-28,None,133457,2025-09-29,None,,Delete
24543,Philip Kazlow,6F8li2ijC7g7SLoBkej9,1000.00,2025-04-28,New Invoice,134274,2025-04-28,None,133995,2025-06-23,None,,Delete
27972,Ross Rosen,gpKh4h7AWxhrABmgp0EO,5.00,2025-04-28,New Invoice,134275,2025-04-28,None,42892,2025-04-23,None,,Delete
27972,Ross Rosen,gpKh4h7AWxhrABmgp0EO,5.00,2025-04-28,New Invoice,134275,2025-04-28,None,101247,2025-10-15,RH25,475,Transfer campaign then delete
27972,Ross Rosen,gpKh4h7AWxhrABmgp0EO,5.00,2025-04-28,New Invoice,134275,2025-04-28,None,132966,2025-10-20,None,,Delete
27209,Mr. & Mrs. Evan Torczyner,EtJEsckl4ZGiC3CtFXmA,1800.00,2025-04-28,New Invoice,136338,2025-04-28,946,100025,2025-04-23,SOULFARM25,465,Delete
27209,Mr. & Mrs. Evan Torczyner,EtJEsckl4ZGiC3CtFXmA,1800.00,2025-04-28,New Invoice,136338,2025-04-28,946,101437,2025-10-01,RH25,475,Delete
27209,Mr. & Mrs. Evan Torczyner,EtJEsckl4ZGiC3CtFXmA,1800.00,2025-04-28,New Invoice,136338,2025-04-28,946,136140,2025-10-05,New Invoice,946,Delete
28139,Steven Chait,H2LgT9sonI2Sria005y6,7.00,2025-04-28,New Invoice,134277,2025-04-28,None,44062,2025-04-23,None,,Delete
28139,Steven Chait,H2LgT9sonI2Sria005y6,7.00,2025-04-28,New Invoice,134277,2025-04-28,None,92196,2025-01-09,None,,Delete
28139,Steven Chait,H2LgT9sonI2Sria005y6,7.00,2025-04-28,New Invoice,134277,2025-04-28,None,132912,2025-10-23,None,,Delete
26330,Szigmond Fried,clytZAgxDhRUjPMbg8hz,18.00,2025-04-28,New Invoice,134278,2025-04-28,None,32845,2025-04-23,None,,Delete
32047,Rosalie Eis,qRPoYM1FIEAWrla5w2W0,18.00,2025-04-28,New Invoice,134281,2025-04-28,None,69129,2025-04-23,None,,Delete
30697,Norman Roth,NGG8Bf34MQba4rOZRQj4,10.00,2025-04-28,New Invoice,134282,2025-04-28,None,60686,2025-04-23,None,,Delete
30697,Norman Roth,NGG8Bf34MQba4rOZRQj4,10.00,2025-04-28,New Invoice,134282,2025-04-28,None,101303,2025-10-05,RH25,475,Transfer campaign then delete
30697,Norman Roth,NGG8Bf34MQba4rOZRQj4,10.00,2025-04-28,New Invoice,134282,2025-04-28,None,133019,2025-10-20,None,,Delete
30697,Norman Roth,NGG8Bf34MQba4rOZRQj4,10.00,2025-04-28,New Invoice,134282,2025-04-28,None,135879,2025-12-26,CH25,855,Delete
39579,Edward Satran,zT4ycsyVAjBUPce81XRL,180.00,2025-04-28,New Invoice,136341,2025-04-28,946,104033,2025-04-23,RMKSPL25,477,Delete
30246,Larry Latham,MCJdMJdeM93ygP2IgvcR,218.00,2025-04-25,New Invoice,134291,2025-04-25,None,57476,2025-05-20,None,,Delete
30246,Larry Latham,MCJdMJdeM93ygP2IgvcR,218.00,2025-04-25,New Invoice,134291,2025-04-25,None,57479,2025-01-17,None,,Delete
30246,Larry Latham,MCJdMJdeM93ygP2IgvcR,218.00,2025-04-25,New Invoice,134291,2025-04-25,None,100644,2025-09-21,Recurring,472,Transfer campaign then delete
30246,Larry Latham,MCJdMJdeM93ygP2IgvcR,218.00,2025-04-25,New Invoice,134291,2025-04-25,None,100665,2025-08-19,Recurring,472,Transfer campaign then delete
30246,Larry Latham,MCJdMJdeM93ygP2IgvcR,218.00,2025-04-25,New Invoice,134291,2025-04-25,None,100696,2025-07-21,Recurring,472,Transfer campaign then delete
30246,Larry Latham,MCJdMJdeM93ygP2IgvcR,218.00,2025-04-25,New Invoice,134291,2025-04-25,None,135929,2025-12-29,Monthly,854,Delete
30246,Larry Latham,MCJdMJdeM93ygP2IgvcR,218.00,2025-04-25,New Invoice,134291,2025-04-25,None,132525,2025-11-19,ID 736,736,Delete
30246,Larry Latham,MCJdMJdeM93ygP2IgvcR,218.00,2025-04-25,New Invoice,134291,2025-04-25,None,132738,2025-11-26,None,,Delete
30246,Larry Latham,MCJdMJdeM93ygP2IgvcR,218.00,2025-04-25,New Invoice,134291,2025-04-25,None,132891,2025-10-23,None,,Delete
30246,Larry Latham,MCJdMJdeM93ygP2IgvcR,218.00,2025-04-25,New Invoice,134291,2025-04-25,None,133450,2025-09-29,None,,Delete
30246,Larry Latham,MCJdMJdeM93ygP2IgvcR,218.00,2025-04-25,New Invoice,134291,2025-04-25,None,133657,2025-08-25,None,,Delete
30246,Larry Latham,MCJdMJdeM93ygP2IgvcR,218.00,2025-04-25,New Invoice,134291,2025-04-25,None,133875,2025-07-24,None,,Delete
30246,Larry Latham,MCJdMJdeM93ygP2IgvcR,218.00,2025-04-25,New Invoice,134291,2025-04-25,None,133991,2025-06-23,None,,Delete
30246,Larry Latham,MCJdMJdeM93ygP2IgvcR,218.00,2025-04-25,New Invoice,134291,2025-04-25,None,134125,2025-05-23,None,,Delete
30246,Larry Latham,MCJdMJdeM93ygP2IgvcR,218.00,2025-04-25,New Invoice,134291,2025-04-25,None,134756,2025-03-21,None,,Delete
27239,Angelle Khedouri,EVUpYz9nhOd34grY2x4M,5.00,2025-04-25,New Invoice,136343,2025-04-25,946,38338,2025-04-20,None,,Delete
23744,Philip Strenger,2LoqIpoF3sBJbwkgif8U,100.00,2025-04-25,New Invoice,134294,2025-04-25,None,16712,2025-04-20,None,,Delete
31102,Dr. & Mrs. Pierce Neuman,OGuja4PiRQZkQRmjYKgs,36.00,2025-04-25,New Invoice,134295,2025-04-25,None,132893,2025-10-23,None,,Delete
31102,Dr. & Mrs. Pierce Neuman,OGuja4PiRQZkQRmjYKgs,36.00,2025-04-25,New Invoice,134295,2025-04-25,None,134798,2025-03-13,None,,Delete
31102,Dr. & Mrs. Pierce Neuman,OGuja4PiRQZkQRmjYKgs,36.00,2025-04-25,New Invoice,134295,2025-04-25,None,134871,2025-03-04,None,,Delete
33495,Robert Lev,uiNtZ3mtfqaOHFNUdJgf,100.00,2025-04-25,New Invoice,134297,2025-04-25,None,78238,2025-04-20,None,,Delete
33433,Cynthia Siev,ueeuvwOhh8TPQ2g3JWzz,60.00,2025-04-25,New Invoice,136344,2025-04-25,946,77811,2025-04-20,None,,Delete
32118,J. Aszknazy,Qx90SAiU2sf18FcQAYsM,30.00,2025-04-25,New Invoice,136345,2025-04-25,946,69594,2025-04-20,None,,Delete
33774,Nathan Silberman,V7x4PgusfkQ0YejPxvzr,180.00,2025-04-25,New Invoice,134300,2025-04-25,None,80278,2025-04-20,None,,Delete
33774,Nathan Silberman,V7x4PgusfkQ0YejPxvzr,180.00,2025-04-25,New Invoice,134300,2025-04-25,None,99485,2025-06-08,CF25,254,Transfer campaign then delete
33774,Nathan Silberman,V7x4PgusfkQ0YejPxvzr,180.00,2025-04-25,New Invoice,134300,2025-04-25,None,134052,2025-06-13,None,,Delete
26181,Joshua Zakheim,cAhH6v67ZDVMV3yuJ9pJ,36.00,2025-04-25,New Invoice,134301,2025-04-25,None,100332,2025-04-20,Maos Chitim 2025,470,Transfer campaign then delete
26181,Joshua Zakheim,cAhH6v67ZDVMV3yuJ9pJ,36.00,2025-04-25,New Invoice,134301,2025-04-25,None,101487,2025-10-01,RH25,475,Delete
26181,Joshua Zakheim,cAhH6v67ZDVMV3yuJ9pJ,36.00,2025-04-25,New Invoice,134301,2025-04-25,None,133275,2025-10-05,None,,Delete
31301,Lewis Genuth,OwS6CRldhnhko1vfImvy,36.00,2025-04-25,New Invoice,134302,2025-04-25,None,64494,2025-04-20,None,,Delete
31301,Lewis Genuth,OwS6CRldhnhko1vfImvy,36.00,2025-04-25,New Invoice,134302,2025-04-25,None,64495,2025-04-02,None,,Delete
31301,Lewis Genuth,OwS6CRldhnhko1vfImvy,36.00,2025-04-25,New Invoice,134302,2025-04-25,None,135933,2025-12-29,CH25,855,Transfer campaign then delete
31301,Lewis Genuth,OwS6CRldhnhko1vfImvy,36.00,2025-04-25,New Invoice,134302,2025-04-25,None,101494,2025-09-28,RH25,475,Delete
31301,Lewis Genuth,OwS6CRldhnhko1vfImvy,36.00,2025-04-25,New Invoice,134302,2025-04-25,None,133331,2025-10-01,None,,Delete
31301,Lewis Genuth,OwS6CRldhnhko1vfImvy,36.00,2025-04-25,New Invoice,134302,2025-04-25,None,134615,2025-04-10,None,,Delete
26064,Ira Indich,BWmI4UCzvxzHmQj9bpnB,18.00,2025-04-25,New Invoice,136346,2025-04-25,946,31090,2025-04-20,None,,Delete
29436,Karen Moskowitz,kD7KBNhFfQRyGXHkzFYo,36.00,2025-04-25,New Invoice,134305,2025-04-25,None,100335,2025-04-20,Maos Chitim 2025,470,Transfer campaign then delete
29336,Edward Pineles,K0BJLPXlyqRzp4EkgC3d,36.00,2025-04-25,New Invoice,136349,2025-04-25,946,51731,2025-01-08,None,,Delete
29336,Edward Pineles,K0BJLPXlyqRzp4EkgC3d,36.00,2025-04-25,New Invoice,136349,2025-04-25,946,51730,2025-04-20,Maos Chitim 2025,470,Delete
28161,Regina Shapiro,H6KUdoWJNSCa2uBdhzQr,50.00,2025-04-25,New Invoice,134308,2025-04-25,None,44307,2025-04-20,None,,Delete
39533,ASW 118 Trust,O1InPHCapNULQXRLAX6J,18.00,2025-04-25,New Invoice,136350,2025-04-25,946,102739,2025-04-20,Maos Chitim 2025,470,Delete
24710,Evan Krisch,n7rlU8Wfy3x2upQZAA3i,150.00,2025-04-25,New Invoice,134311,2025-04-25,None,22837,2025-04-20,None,,Delete
24710,Evan Krisch,n7rlU8Wfy3x2upQZAA3i,150.00,2025-04-25,New Invoice,134311,2025-04-25,None,22839,2025-02-24,None,,Delete
24710,Evan Krisch,n7rlU8Wfy3x2upQZAA3i,150.00,2025-04-25,New Invoice,134311,2025-04-25,None,22840,2025-01-16,None,,Delete
24710,Evan Krisch,n7rlU8Wfy3x2upQZAA3i,150.00,2025-04-25,New Invoice,134311,2025-04-25,None,100643,2025-09-23,Recurring,472,Transfer campaign then delete
24710,Evan Krisch,n7rlU8Wfy3x2upQZAA3i,150.00,2025-04-25,New Invoice,134311,2025-04-25,None,100663,2025-09-04,Recurring,472,Transfer campaign then delete
24710,Evan Krisch,n7rlU8Wfy3x2upQZAA3i,150.00,2025-04-25,New Invoice,134311,2025-04-25,None,100686,2025-07-29,Recurring,472,Transfer campaign then delete
24710,Evan Krisch,n7rlU8Wfy3x2upQZAA3i,150.00,2025-04-25,New Invoice,134311,2025-04-25,None,135882,2025-12-26,CH25,855,Delete
24710,Evan Krisch,n7rlU8Wfy3x2upQZAA3i,150.00,2025-04-25,New Invoice,134311,2025-04-25,None,132671,2025-12-03,None,,Delete
24710,Evan Krisch,n7rlU8Wfy3x2upQZAA3i,150.00,2025-04-25,New Invoice,134311,2025-04-25,None,132896,2025-10-23,None,,Delete
24710,Evan Krisch,n7rlU8Wfy3x2upQZAA3i,150.00,2025-04-25,New Invoice,134311,2025-04-25,None,133433,2025-09-30,None,,Delete
24710,Evan Krisch,n7rlU8Wfy3x2upQZAA3i,150.00,2025-04-25,New Invoice,134311,2025-04-25,None,133636,2025-09-09,None,,Delete
24710,Evan Krisch,n7rlU8Wfy3x2upQZAA3i,150.00,2025-04-25,New Invoice,134311,2025-04-25,None,133739,2025-08-12,None,,Delete
24710,Evan Krisch,n7rlU8Wfy3x2upQZAA3i,150.00,2025-04-25,New Invoice,134311,2025-04-25,None,134122,2025-05-23,None,,Delete
24710,Evan Krisch,n7rlU8Wfy3x2upQZAA3i,150.00,2025-04-25,New Invoice,134311,2025-04-25,None,134734,2025-03-26,None,,Delete
24710,Evan Krisch,n7rlU8Wfy3x2upQZAA3i,150.00,2025-04-25,New Invoice,134311,2025-04-25,None,134864,2025-03-04,None,,Delete
24710,Evan Krisch,n7rlU8Wfy3x2upQZAA3i,150.00,2025-04-25,New Invoice,134311,2025-04-25,None,136289,2025-07-02,New Invoice,946,Delete
27940,Albert Gonter,gNg3Nn7kjC458B5oDN4Q,25.00,2025-04-25,New Invoice,136351,2025-04-25,946,42673,2025-04-20,None,,Delete
27940,Albert Gonter,gNg3Nn7kjC458B5oDN4Q,25.00,2025-04-25,New Invoice,136351,2025-04-25,946,101227,2025-10-15,RH25,475,Delete
27940,Albert Gonter,gNg3Nn7kjC458B5oDN4Q,25.00,2025-04-25,New Invoice,136351,2025-04-25,946,136034,2025-10-20,New Invoice,946,Delete
29911,Carl Steinhart,lHmROl4oi4wCCYyk7i99,10.00,2025-04-25,New Invoice,136352,2025-04-25,946,55642,2025-04-20,None,,Delete
29911,Carl Steinhart,lHmROl4oi4wCCYyk7i99,10.00,2025-04-25,New Invoice,136352,2025-04-25,946,135883,2025-12-26,CH25,855,Delete
23537,Melvin Brody,1h1CST9MIIYyuYmkPjiR,18.00,2025-04-25,New Invoice,134314,2025-04-25,None,15545,2025-04-20,None,,Delete
28017,Steven Prager,gSPvrqXadOoUUkECVqwc,36.00,2025-04-25,New Invoice,134315,2025-04-25,None,43369,2025-04-20,None,,Delete
52845,Joey Setton,VVs8ahVDQHLJkEFFTevY,3600.00,2025-04-22,New Invoice,MISSING,,None,135969,2025-12-09,New Invoice,946,Delete
24166,Mr. & Mrs. Howard Cole,4jrEPrjkEV0O4CHQeoqP,25000.00,2025-04-22,New Invoice,134325,2025-04-22,None,99882,2025-03-11,GD25,462,Transfer campaign then delete
52561,Jonathan Ely,YgtMcuEWu2snFWO2aOa5,18.00,2025-04-16,Thanksgiving ,136353,2025-04-16,949,135979,2025-12-01,New Invoice,946,Delete
52561,Jonathan Ely,YgtMcuEWu2snFWO2aOa5,18.00,2025-04-16,Thanksgiving ,136353,2025-04-16,949,135487,2025-12-24,CF25,254,Delete
33955,Miryam Schwarcz feder,vn2azkNnYSI2pmFQ0iW1,50.00,2025-04-15,New Invoice,134335,2025-04-15,None,81481,2025-01-07,None,,Delete
33955,Miryam Schwarcz feder,vn2azkNnYSI2pmFQ0iW1,50.00,2025-04-15,New Invoice,134335,2025-04-15,None,101424,2025-10-02,RH25,475,Transfer campaign then delete
33955,Miryam Schwarcz feder,vn2azkNnYSI2pmFQ0iW1,50.00,2025-04-15,New Invoice,134335,2025-04-15,None,133187,2025-10-17,None,,Delete
29574,Patrick Clark,kmZHJ2LdWgy6SHFKEZnH,100.00,2025-04-15,New Invoice,134338,2025-04-15,None,104378,2025-01-10,None,,Delete
29574,Patrick Clark,kmZHJ2LdWgy6SHFKEZnH,100.00,2025-04-15,New Invoice,134338,2025-04-15,None,99947,2025-03-18,GD25,462,Transfer campaign then delete
29574,Patrick Clark,kmZHJ2LdWgy6SHFKEZnH,100.00,2025-04-15,New Invoice,134338,2025-04-15,None,100005,2025-02-24,GD25,462,Transfer campaign then delete
29574,Patrick Clark,kmZHJ2LdWgy6SHFKEZnH,100.00,2025-04-15,New Invoice,134338,2025-04-15,None,100711,2025-06-25,Recurring,472,Delete
29574,Patrick Clark,kmZHJ2LdWgy6SHFKEZnH,100.00,2025-04-15,New Invoice,134338,2025-04-15,None,101615,2025-08-18,RMKSPL25,477,Delete
29574,Patrick Clark,kmZHJ2LdWgy6SHFKEZnH,100.00,2025-04-15,New Invoice,134338,2025-04-15,None,101617,2025-07-17,RMKSPL25,477,Delete
29574,Patrick Clark,kmZHJ2LdWgy6SHFKEZnH,100.00,2025-04-15,New Invoice,134338,2025-04-15,None,133658,2025-08-25,None,,Delete
29574,Patrick Clark,kmZHJ2LdWgy6SHFKEZnH,100.00,2025-04-15,New Invoice,134338,2025-04-15,None,133809,2025-08-05,None,,Delete
29574,Patrick Clark,kmZHJ2LdWgy6SHFKEZnH,100.00,2025-04-15,New Invoice,134338,2025-04-15,None,133958,2025-07-02,None,,Delete
29574,Patrick Clark,kmZHJ2LdWgy6SHFKEZnH,100.00,2025-04-15,New Invoice,134338,2025-04-15,None,134134,2025-05-21,None,,Delete
29574,Patrick Clark,kmZHJ2LdWgy6SHFKEZnH,100.00,2025-04-15,New Invoice,134338,2025-04-15,None,134770,2025-03-21,None,,Delete
29574,Patrick Clark,kmZHJ2LdWgy6SHFKEZnH,100.00,2025-04-15,New Invoice,134338,2025-04-15,None,134874,2025-03-04,None,,Delete
23967,Chaim Ziegler,3oeqkf3DvhOmJ5z2VUAa,10.00,2025-04-15,New Invoice,134340,2025-04-15,None,99494,2025-09-04,Chanukat Habayit,229,Transfer campaign then delete
23967,Chaim Ziegler,3oeqkf3DvhOmJ5z2VUAa,10.00,2025-04-15,New Invoice,134340,2025-04-15,None,136237,2025-09-09,New Invoice,946,Delete
35629,Martin Friederwitzer,ZZteeedvfcCLbT6MBLuU,180.00,2025-04-15,New Invoice,134342,2025-04-15,None,101570,2025-09-23,RH25,475,Transfer campaign then delete
35629,Martin Friederwitzer,ZZteeedvfcCLbT6MBLuU,180.00,2025-04-15,New Invoice,134342,2025-04-15,None,133443,2025-09-30,None,,Delete
24496,Harry Stadler,67kjbiA6HcI7237wChsO,54.00,2025-04-15,New Invoice,134359,2025-04-15,None,101351,2025-10-05,RH25,475,Transfer campaign then delete
24496,Harry Stadler,67kjbiA6HcI7237wChsO,54.00,2025-04-15,New Invoice,134359,2025-04-15,None,136089,2025-10-19,New Invoice,946,Delete
27899,Dr. & Mrs. Murray Katz,gK4bP6htSk2bQTsPv2be,18.00,2025-04-15,New Invoice,134364,2025-04-15,None,101310,2025-10-05,RH25,475,Transfer campaign then delete
27899,Dr. & Mrs. Murray Katz,gK4bP6htSk2bQTsPv2be,18.00,2025-04-15,New Invoice,134364,2025-04-15,None,133029,2025-10-20,None,,Delete
30461,Moshe Gelbwachs,MUf1mAd5vJR5MLRtiw6I,25.00,2025-04-15,New Invoice,134365,2025-04-15,None,101287,2025-10-15,RH25,475,Transfer campaign then delete
30461,Moshe Gelbwachs,MUf1mAd5vJR5MLRtiw6I,25.00,2025-04-15,New Invoice,134365,2025-04-15,None,133003,2025-10-20,None,,Delete
29508,Jack Love,kHYI4pp7uryUZC9AqTer,18.00,2025-04-15,New Invoice,136355,2025-04-15,946,101345,2025-10-05,RH25,475,Delete
29508,Jack Love,kHYI4pp7uryUZC9AqTer,18.00,2025-04-15,New Invoice,136355,2025-04-15,946,136087,2025-10-19,New Invoice,946,Delete
29551,Mr. & Mrs. Joseph Lowenstein,KLhUKxWe2R5oDWsa4yTG,36.00,2025-04-15,New Invoice,134374,2025-04-15,None,135951,2025-12-29,CH25,855,Transfer campaign then delete
29551,Mr. & Mrs. Joseph Lowenstein,KLhUKxWe2R5oDWsa4yTG,36.00,2025-04-15,New Invoice,134374,2025-04-15,None,132914,2025-10-23,None,,Delete
34648,Mr. & Mrs. Irwin Gribetz,XgSUq1mrzWoLkfAzSrYT,18.00,2025-04-15,New Invoice,136359,2025-04-15,946,100376,2025-04-07,Maos Chitim 2025,470,Delete
34648,Mr. & Mrs. Irwin Gribetz,XgSUq1mrzWoLkfAzSrYT,18.00,2025-04-15,New Invoice,136359,2025-04-15,946,135870,2025-12-26,CH25,855,Delete
27326,Rabbi & Mrs. Moshe Bogomilsky,f3WUggUdKKRq1Zur4LVf,3.00,2025-04-15,New Invoice,134379,2025-04-15,None,100377,2025-04-07,Maos Chitim 2025,470,Transfer campaign then delete
31807,Mr. & Mrs. David Goldstein,q8uNHfVVljZ8BPxg9hww,25.00,2025-04-15,New Invoice,136360,2025-04-15,946,100378,2025-04-07,Maos Chitim 2025,470,Delete
25307,Max Anteby,9Zlv0ctZzlizwn2Lvimi,36.00,2025-04-15,New Invoice,134382,2025-04-15,None,26438,2025-04-07,None,,Delete
25307,Max Anteby,9Zlv0ctZzlizwn2Lvimi,36.00,2025-04-15,New Invoice,134382,2025-04-15,None,101496,2025-09-28,RH25,475,Transfer campaign then delete
25307,Max Anteby,9Zlv0ctZzlizwn2Lvimi,36.00,2025-04-15,New Invoice,134382,2025-04-15,None,133333,2025-10-01,None,,Delete
27895,Rabbi Moishe Laufer,gjVQNVfMd5hUdj1azLOP,10.00,2025-04-15,New Invoice,134386,2025-04-15,None,100384,2025-04-07,Maos Chitim 2025,470,Transfer campaign then delete
25295,Eliyohu Rennert,9YF9Ni9L4bwVfmpH5iWr,10.00,2025-04-15,New Invoice,134387,2025-04-15,None,26389,2025-04-07,None,,Delete
25295,Eliyohu Rennert,9YF9Ni9L4bwVfmpH5iWr,10.00,2025-04-15,New Invoice,134387,2025-04-15,None,132905,2025-10-23,None,,Delete
32966,Menachem Levin,T303xsKgRrTIp4piauiZ,10.00,2025-04-15,New Invoice,134390,2025-04-15,None,74875,2025-04-07,None,,Delete
32966,Menachem Levin,T303xsKgRrTIp4piauiZ,10.00,2025-04-15,New Invoice,134390,2025-04-15,None,101359,2025-10-05,RH25,475,Transfer campaign then delete
32966,Menachem Levin,T303xsKgRrTIp4piauiZ,10.00,2025-04-15,New Invoice,134390,2025-04-15,None,133078,2025-10-19,None,,Delete
39421,Marc Rice,5i2rfPfml2fJx2jj7AGq,25.00,2025-04-15,New Invoice,134391,2025-04-15,None,102790,2025-04-07,Maos Chitim 2025,470,Transfer campaign then delete
35064,Howard Schwartz,yJnRLmeACjxoHpTGkPjO,5.00,2025-04-15,New Invoice,136364,2025-04-15,946,100391,2025-04-07,Maos Chitim 2025,470,Delete
25326,Melvin Zelefsky,a2NzJLpaMXSLbe48LWMq,180.00,2025-04-15,New Invoice,134394,2025-04-15,None,26508,2025-04-07,None,,Delete
25326,Melvin Zelefsky,a2NzJLpaMXSLbe48LWMq,180.00,2025-04-15,New Invoice,134394,2025-04-15,None,100181,2025-10-02,Maos Chitim 2025,470,Transfer campaign then delete
25326,Melvin Zelefsky,a2NzJLpaMXSLbe48LWMq,180.00,2025-04-15,New Invoice,134394,2025-04-15,None,132529,2025-11-17,Bergen25,458,Delete
25326,Melvin Zelefsky,a2NzJLpaMXSLbe48LWMq,180.00,2025-04-15,New Invoice,134394,2025-04-15,None,132745,2025-11-26,None,,Delete
25326,Melvin Zelefsky,a2NzJLpaMXSLbe48LWMq,180.00,2025-04-15,New Invoice,134394,2025-04-15,None,133143,2025-10-17,None,,Delete
28014,Lawrence Forte,GSGATjjPI5YbukpzMdjv,10.00,2025-04-15,New Invoice,134395,2025-04-15,None,43317,2025-04-07,None,,Delete
28014,Lawrence Forte,GSGATjjPI5YbukpzMdjv,10.00,2025-04-15,New Invoice,134395,2025-04-15,None,135863,2025-12-26,CH25,855,Transfer campaign then delete
39423,No Name,a5mHuHSI0uiCZer5IifJ,6.94,2025-04-15,New Invoice,134397,2025-04-15,None,102796,2025-04-07,Maos Chitim 2025,470,Transfer campaign then delete
30081,Lawrence Fleck,Lw5fTsnl1ReFCcaeu7K2,18.00,2025-04-15,New Invoice,134398,2025-04-15,None,56676,2025-04-07,None,,Delete
30081,Lawrence Fleck,Lw5fTsnl1ReFCcaeu7K2,18.00,2025-04-15,New Invoice,134398,2025-04-15,None,101433,2025-10-01,RH25,475,Transfer campaign then delete
30081,Lawrence Fleck,Lw5fTsnl1ReFCcaeu7K2,18.00,2025-04-15,New Invoice,134398,2025-04-15,None,133216,2025-10-05,None,,Delete
26148,Abraham Zipper,c5Mxgn1k42COekmBIYeY,18.00,2025-04-15,New Invoice,136366,2025-04-15,946,102798,2025-04-07,Maos Chitim 2025,470,Delete
25633,Miriam Cohen,ATgzGcBNMeqn9Z4iAAVw,18.00,2025-04-15,New Invoice,134401,2025-04-15,None,28475,2025-04-07,None,,Delete
25633,Miriam Cohen,ATgzGcBNMeqn9Z4iAAVw,18.00,2025-04-15,New Invoice,134401,2025-04-15,None,134732,2025-03-26,None,,Delete
25623,Zvi Bloom,AswoEXzJrx9Lo9FJ1QXz,600.00,2025-04-15,New Invoice,134402,2025-04-15,None,28371,2025-06-08,None,,Delete
25623,Zvi Bloom,AswoEXzJrx9Lo9FJ1QXz,600.00,2025-04-15,New Invoice,134402,2025-04-15,None,28373,2025-04-07,None,,Delete
25623,Zvi Bloom,AswoEXzJrx9Lo9FJ1QXz,600.00,2025-04-15,New Invoice,134402,2025-04-15,None,134060,2025-06-13,None,,Delete
25623,Zvi Bloom,AswoEXzJrx9Lo9FJ1QXz,600.00,2025-04-15,New Invoice,134402,2025-04-15,None,134147,2025-05-14,None,,Delete
29340,Israel Sherman,k0wBxznsW2sNraVY4Uru,200.00,2025-04-15,New Invoice,134403,2025-04-15,None,51774,2025-06-10,None,,Delete
29340,Israel Sherman,k0wBxznsW2sNraVY4Uru,200.00,2025-04-15,New Invoice,134403,2025-04-15,None,51776,2025-04-07,None,,Delete
29340,Israel Sherman,k0wBxznsW2sNraVY4Uru,200.00,2025-04-15,New Invoice,134403,2025-04-15,None,51779,2025-01-13,None,,Delete
29340,Israel Sherman,k0wBxznsW2sNraVY4Uru,200.00,2025-04-15,New Invoice,134403,2025-04-15,None,100611,2025-11-06,Recurring,472,Transfer campaign then delete
29340,Israel Sherman,k0wBxznsW2sNraVY4Uru,200.00,2025-04-15,New Invoice,134403,2025-04-15,None,100632,2025-10-15,Recurring,472,Transfer campaign then delete
29340,Israel Sherman,k0wBxznsW2sNraVY4Uru,200.00,2025-04-15,New Invoice,134403,2025-04-15,None,100651,2025-09-09,Recurring,472,Transfer campaign then delete
29340,Israel Sherman,k0wBxznsW2sNraVY4Uru,200.00,2025-04-15,New Invoice,134403,2025-04-15,None,100683,2025-08-07,Recurring,472,Transfer campaign then delete
29340,Israel Sherman,k0wBxznsW2sNraVY4Uru,200.00,2025-04-15,New Invoice,134403,2025-04-15,None,100691,2025-07-08,Recurring,472,Transfer campaign then delete
29340,Israel Sherman,k0wBxznsW2sNraVY4Uru,200.00,2025-04-15,New Invoice,134403,2025-04-15,None,132650,2025-12-09,None,,Delete
29340,Israel Sherman,k0wBxznsW2sNraVY4Uru,200.00,2025-04-15,New Invoice,134403,2025-04-15,None,132795,2025-11-10,None,,Delete
29340,Israel Sherman,k0wBxznsW2sNraVY4Uru,200.00,2025-04-15,New Invoice,134403,2025-04-15,None,132941,2025-10-20,None,,Delete
29340,Israel Sherman,k0wBxznsW2sNraVY4Uru,200.00,2025-04-15,New Invoice,134403,2025-04-15,None,133599,2025-09-17,None,,Delete
29340,Israel Sherman,k0wBxznsW2sNraVY4Uru,200.00,2025-04-15,New Invoice,134403,2025-04-15,None,133722,2025-08-12,None,,Delete
29340,Israel Sherman,k0wBxznsW2sNraVY4Uru,200.00,2025-04-15,New Invoice,134403,2025-04-15,None,133868,2025-07-24,None,,Delete
29340,Israel Sherman,k0wBxznsW2sNraVY4Uru,200.00,2025-04-15,New Invoice,134403,2025-04-15,None,134040,2025-06-13,None,,Delete
29340,Israel Sherman,k0wBxznsW2sNraVY4Uru,200.00,2025-04-15,New Invoice,134403,2025-04-15,None,134192,2025-05-06,None,,Delete
29340,Israel Sherman,k0wBxznsW2sNraVY4Uru,200.00,2025-04-15,New Invoice,134403,2025-04-15,None,134799,2025-03-13,None,,Delete
29022,Herbert Friedman,JCbXx6tgKzvcZxnAFAD1,36.00,2025-04-15,New Invoice,136367,2025-04-15,946,49764,2025-04-07,None,,Delete
29022,Herbert Friedman,JCbXx6tgKzvcZxnAFAD1,36.00,2025-04-15,New Invoice,136367,2025-04-15,946,133409,2025-09-30,None,,Delete
32982,William Spilka,t4wTO0fc2CObXh9zqedS,50.00,2025-04-15,New Invoice,134405,2025-04-15,None,74948,2025-04-07,None,,Delete
24288,Jeffrey Peltzer,55DVUVikpwLMs6KuIjmc,40.00,2025-04-15,New Invoice,134406,2025-04-15,None,19929,2025-04-07,None,,Delete
31090,Mr. & Mrs. Samuel Lercher,oGHprvFYWcmuWp5jHBLu,5.00,2025-04-15,New Invoice,134408,2025-04-15,None,100405,2025-04-07,Maos Chitim 2025,470,Transfer campaign then delete
31090,Mr. & Mrs. Samuel Lercher,oGHprvFYWcmuWp5jHBLu,5.00,2025-04-15,New Invoice,134408,2025-04-15,None,133388,2025-09-30,None,,Delete
25178,Mr. & Mrs. Jay Fenster,9i2w0YiIrIMhTkkk6M03,180.00,2025-04-15,New Invoice,134409,2025-04-15,None,100406,2025-04-07,Maos Chitim 2025,470,Transfer campaign then delete
27968,Mr. & Mrs. Harold Einsidler,GPAhfgo3aHTbOe4ILFba,10.00,2025-04-15,New Invoice,136368,2025-04-15,946,100407,2025-04-07,Maos Chitim 2025,470,Delete
34036,Susan Fruchter,vt01qo24IWRS9I4v7nTW,18.00,2025-04-15,New Invoice,134411,2025-04-15,None,100408,2025-04-07,Maos Chitim 2025,470,Transfer campaign then delete
27818,Mr. & Mrs. Kenneth Maltz,Gdc9uRplRXQuEyFPkZ9t,36.00,2025-04-15,New Invoice,134412,2025-04-15,None,100409,2025-04-07,Maos Chitim 2025,470,Transfer campaign then delete
27329,Michael Morgenstern,f4p5SklQENDQX1sJhLww,10.00,2025-04-15,New Invoice,134413,2025-04-15,None,38767,2025-04-07,None,,Delete
27240,Fariba Hourizadeh,EVXeIK6flra0En2nURyC,100.00,2025-04-15,New Invoice,136369,2025-04-15,946,38348,2025-04-27,Maos Chitim 2025,470,Delete
27240,Fariba Hourizadeh,EVXeIK6flra0En2nURyC,100.00,2025-04-15,New Invoice,136369,2025-04-15,946,38349,2025-04-07,Maos Chitim 2025,470,Delete
27240,Fariba Hourizadeh,EVXeIK6flra0En2nURyC,100.00,2025-04-15,New Invoice,136369,2025-04-15,946,136329,2025-05-05,New Invoice,946,Delete
31296,Steven Blobstein,owiBMoWDYz4mvTHA2mRu,36.00,2025-04-15,New Invoice,134415,2025-04-15,None,64441,2025-04-07,None,,Delete
31296,Steven Blobstein,owiBMoWDYz4mvTHA2mRu,36.00,2025-04-15,New Invoice,134415,2025-04-15,None,132540,2025-11-17,RH25,475,Transfer campaign then delete
31296,Steven Blobstein,owiBMoWDYz4mvTHA2mRu,36.00,2025-04-15,New Invoice,134415,2025-04-15,None,132756,2025-11-26,None,,Delete
31833,Joseph Lauer,qAp4aGg2pR8Ojn3KD82n,10.00,2025-04-15,New Invoice,134416,2025-04-15,None,67781,2025-04-07,None,,Delete
31833,Joseph Lauer,qAp4aGg2pR8Ojn3KD82n,10.00,2025-04-15,New Invoice,134416,2025-04-15,None,101406,2025-10-02,RH25,475,Transfer campaign then delete
31833,Joseph Lauer,qAp4aGg2pR8Ojn3KD82n,10.00,2025-04-15,New Invoice,134416,2025-04-15,None,133168,2025-10-17,None,,Delete
33767,Sarah Schlesinger,V6XlMBwb8AKcATBaBWLn,18.00,2025-04-15,New Invoice,134417,2025-04-15,None,80241,2025-04-07,None,,Delete
33767,Sarah Schlesinger,V6XlMBwb8AKcATBaBWLn,18.00,2025-04-15,New Invoice,134417,2025-04-15,None,80242,2025-01-07,None,,Delete
33767,Sarah Schlesinger,V6XlMBwb8AKcATBaBWLn,18.00,2025-04-15,New Invoice,134417,2025-04-15,None,101407,2025-10-02,RH25,475,Transfer campaign then delete
33767,Sarah Schlesinger,V6XlMBwb8AKcATBaBWLn,18.00,2025-04-15,New Invoice,134417,2025-04-15,None,133169,2025-10-17,None,,Delete
35218,Saul j. Erlbaum,YuDlyUrI9VXLwo4dSQaX,100.00,2025-04-15,New Invoice,134418,2025-04-15,None,89209,2025-04-07,None,,Delete
27209,Mr. & Mrs. Evan Torczyner,EtJEsckl4ZGiC3CtFXmA,100.00,2025-04-15,New Invoice,136372,2025-04-15,946,100418,2025-04-07,Maos Chitim 2025,470,Delete
29785,Barry Openden,L4LGweTOiy9TcFHazHcH,36.00,2025-04-15,New Invoice,136373,2025-04-15,946,54785,2025-04-07,None,,Delete
30038,Jerry Posnick,lSCSb2zpqxbEqSJEISG5,180.00,2025-04-15,New Invoice,134421,2025-04-15,None,100420,2025-04-07,Maos Chitim 2025,470,Transfer campaign then delete
28355,Nedra Feldman,Hn0D2Uh0nVhDIzXtT395,54.00,2025-04-15,New Invoice,134422,2025-04-15,None,45704,2025-04-07,None,,Delete
26572,Mr. & Mrs. Seymour Wigod,d8Qh5b6dRWldDghSapnP,10.00,2025-04-15,New Invoice,134423,2025-04-15,None,100422,2025-04-07,Maos Chitim 2025,470,Transfer campaign then delete
26572,Mr. & Mrs. Seymour Wigod,d8Qh5b6dRWldDghSapnP,10.00,2025-04-15,New Invoice,134423,2025-04-15,None,101313,2025-10-05,RH25,475,Delete
26572,Mr. & Mrs. Seymour Wigod,d8Qh5b6dRWldDghSapnP,10.00,2025-04-15,New Invoice,134423,2025-04-15,None,135844,2025-12-26,CH25,855,Delete
26572,Mr. & Mrs. Seymour Wigod,d8Qh5b6dRWldDghSapnP,10.00,2025-04-15,New Invoice,134423,2025-04-15,None,133032,2025-10-20,None,,Delete
32382,Judith Fulda,rNpXcTYYuAbRWYV7Au80,25.00,2025-04-15,New Invoice,134424,2025-04-15,None,71115,2025-04-07,None,,Delete
29008,Barry Badner,jay0ypcZ9Xs59eOGaqsV,100.00,2025-04-15,New Invoice,136374,2025-04-15,946,49451,2025-04-07,None,,Delete
29008,Barry Badner,jay0ypcZ9Xs59eOGaqsV,100.00,2025-04-15,New Invoice,136374,2025-04-15,946,135848,2025-12-26,CH25,855,Delete
25786,Richard Auman,BaqJb6viHVz1ZBE704cH,10.00,2025-04-15,New Invoice,134427,2025-04-15,None,29225,2025-04-07,None,,Delete
30761,Stanley Tanzer,NlHzIiwqFDKwTQbcC3Kc,18.00,2025-04-15,New Invoice,134430,2025-04-15,None,61081,2025-04-07,None,,Delete
32482,Rabbi Elia Solomon,Rv5MBwOCnAuteGGQSDg5,5.00,2025-04-15,New Invoice,136376,2025-04-15,946,100430,2025-04-07,Maos Chitim 2025,470,Delete
26446,Moshe Mansour,CUxR0iCccInfFDz2t8BC,10.00,2025-04-15,New Invoice,134432,2025-04-15,None,33594,2025-04-07,None,,Delete
24163,Rabbi & Mrs. Samuel Bialik,4J8j8hmzExHUhLOuUN2l,18.00,2025-04-15,New Invoice,134435,2025-04-15,None,100434,2025-04-07,Maos Chitim 2025,470,Transfer campaign then delete
29648,Alan Blumenthal,KSy9nsrcQqnu84MdHkrS,18.00,2025-04-15,New Invoice,136379,2025-04-15,946,54068,2025-04-07,None,,Delete
29648,Alan Blumenthal,KSy9nsrcQqnu84MdHkrS,18.00,2025-04-15,New Invoice,136379,2025-04-15,946,135943,2025-12-29,CH25,855,Delete
30877,Mr. & Mrs. Elliot Katz,nTCVYOKEPE6dr7tHLQty,18.00,2025-04-15,New Invoice,134437,2025-04-15,None,100436,2025-04-07,Maos Chitim 2025,470,Transfer campaign then delete
52883,Gary Berman,AncKMXxacRow9FP7vbu9,36.00,2025-04-15,New Invoice,136380,2025-04-15,946,136164,2025-10-05,New Invoice,946,Delete
33706,Ian Spatz,uyDhly5cngxNWk1ZqG7Z,36.00,2025-04-15,New Invoice,136381,2025-04-15,946,79924,2025-04-07,None,,Delete
34072,Steven Elkin,VWzgAHpHVHumBbmjsgyF,26.00,2025-04-15,New Invoice,134439,2025-04-15,None,82204,2025-04-07,None,,Delete
27249,Mendel Vim,EWipBe53nKYoCGrPwpNi,180.00,2025-04-14,New Invoice,134442,2025-04-14,None,38385,2025-04-07,None,,Delete
29774,Theodore Gelernter,L3FUNuMulY44Z0VFiPL1,36.00,2025-04-14,New Invoice,134445,2025-04-14,None,54759,2025-04-07,None,,Delete
25419,Rabbi & Mrs. Alan Hoffman,AEF4OSQi1N255wlZgSsi,18.00,2025-04-14,New Invoice,134446,2025-04-14,470,101319,2025-10-05,RH25,475,Delete
25419,Rabbi & Mrs. Alan Hoffman,AEF4OSQi1N255wlZgSsi,18.00,2025-04-14,New Invoice,134446,2025-04-14,470,135869,2025-12-26,CH25,855,Delete
25419,Rabbi & Mrs. Alan Hoffman,AEF4OSQi1N255wlZgSsi,18.00,2025-04-14,New Invoice,134446,2025-04-14,470,136077,2025-10-20,New Invoice,946,Delete
33375,H Saslow,u90M8cRJk2rO0vike6iA,25.00,2025-04-14,New Invoice,136383,2025-04-14,946,77536,2025-04-07,None,,Delete
29447,Phyllis Shechet,KDsSPewQoqCl2Fqp7SKK,5.00,2025-04-14,New Invoice,134449,2025-04-14,None,52574,2025-04-07,None,,Delete
34852,Pinchos Yurowitz,xwVPq2TNVEG3sKh6PKvv,5.00,2025-04-14,New Invoice,134450,2025-04-14,None,86905,2025-04-07,None,,Delete
29473,Howard Evans,KfmQs3HqCeJknNdJeYcB,72.00,2025-04-14,New Invoice,136385,2025-04-14,946,52745,2025-04-07,None,,Delete
29473,Howard Evans,KfmQs3HqCeJknNdJeYcB,72.00,2025-04-14,New Invoice,136385,2025-04-14,946,101257,2025-10-15,RH25,475,Delete
29473,Howard Evans,KfmQs3HqCeJknNdJeYcB,72.00,2025-04-14,New Invoice,136385,2025-04-14,946,136049,2025-10-20,New Invoice,946,Delete
33226,Ira Rapps,tRQYxmojSX96tVhye9Qb,18.00,2025-04-14,New Invoice,136386,2025-04-14,946,76512,2025-04-07,None,,Delete
33226,Ira Rapps,tRQYxmojSX96tVhye9Qb,18.00,2025-04-14,New Invoice,136386,2025-04-14,946,132901,2025-10-23,None,,Delete
29522,Avi Litwin,kIZAQ9ruDeCFfWGdgf6M,26.00,2025-04-14,New Invoice,136387,2025-04-14,946,52974,2025-04-07,None,,Delete
33038,Bernard Orlan,TbiEGcotku5IOJdNNiaO,35.00,2025-04-14,New Invoice,136388,2025-04-14,946,75253,2025-04-07,None,,Delete
35450,Norman Misher,ZiWoHpLlC3or0r3f9Xoi,50.00,2025-04-14,New Invoice,134458,2025-04-14,None,90752,2025-04-07,None,,Delete
26284,Sylvan Zeidman,CIjMo1i9RJ3yHJD3IA9w,10.00,2025-04-14,New Invoice,134461,2025-04-14,None,32668,2025-04-07,None,,Delete
32655,Mr. & Mrs. Lee Lasher,Sd5glAzXN4DWw6RXuCT9,72.00,2025-04-14,New Invoice,134462,2025-04-14,None,100461,2025-04-07,Maos Chitim 2025,470,Transfer campaign then delete
32655,Mr. & Mrs. Lee Lasher,Sd5glAzXN4DWw6RXuCT9,72.00,2025-04-14,New Invoice,134462,2025-04-14,None,133391,2025-09-30,None,,Delete
30255,Rivka Yaged,MdDo6xdYZt5KspEhDvAe,36.00,2025-04-14,New Invoice,134463,2025-04-14,None,57686,2025-04-07,None,,Delete
28871,Rhoda Berger,iWHxktlsNfbOLCQWrTHp,18.00,2025-04-14,New Invoice,134464,2025-04-14,None,48823,2025-04-07,None,,Delete
30989,Nathan Katz,o5B5UJJBgDqnHjSL97DH,36.00,2025-04-14,New Invoice,134465,2025-04-14,None,62287,2025-04-07,None,,Delete
30750,Elyas Dardashty,nkkqF4TihZJj8Fr6tVLI,36.00,2025-04-14,New Invoice,134466,2025-04-14,None,60936,2025-04-07,None,,Delete
25913,Philip Klein,bKPukIqiLHWZkT5IznAD,72.00,2025-04-14,New Invoice,134467,2025-04-14,None,29876,2025-04-07,None,,Delete
33695,Robert Glotzer,uXhOxfx0ZnfbYbB8rDmL,20.00,2025-04-14,New Invoice,134469,2025-04-14,None,79734,2025-04-07,None,,Delete
33994,Mr. & Mrs. Leonard Goldsmith,VPt1k6qlKXNvWfR1sZ1P,100.00,2025-04-14,New Invoice,134470,2025-04-14,None,100469,2025-04-07,Maos Chitim 2025,470,Transfer campaign then delete
27837,Morris Jutcovich,gEmiEyN8Li6RChdBSLf4,36.00,2025-04-14,New Invoice,134472,2025-04-14,None,41857,2025-04-07,None,,Delete
27837,Morris Jutcovich,gEmiEyN8Li6RChdBSLf4,36.00,2025-04-14,New Invoice,134472,2025-04-14,None,92208,2025-01-08,None,,Delete
27837,Morris Jutcovich,gEmiEyN8Li6RChdBSLf4,36.00,2025-04-14,New Invoice,134472,2025-04-14,None,101475,2025-10-01,RH25,475,Transfer campaign then delete
27837,Morris Jutcovich,gEmiEyN8Li6RChdBSLf4,36.00,2025-04-14,New Invoice,134472,2025-04-14,None,133264,2025-10-05,None,,Delete
24761,Mr. & Mrs. David Golkin,7HqaBlOTkDxxOAKRuYps,36.00,2025-04-14,New Invoice,136390,2025-04-14,946,100472,2025-04-07,Maos Chitim 2025,470,Delete
24761,Mr. & Mrs. David Golkin,7HqaBlOTkDxxOAKRuYps,36.00,2025-04-14,New Invoice,136390,2025-04-14,946,101235,2025-10-15,RH25,475,Delete
24761,Mr. & Mrs. David Golkin,7HqaBlOTkDxxOAKRuYps,36.00,2025-04-14,New Invoice,136390,2025-04-14,946,136041,2025-10-20,New Invoice,946,Delete
24761,Mr. & Mrs. David Golkin,7HqaBlOTkDxxOAKRuYps,36.00,2025-04-14,New Invoice,136390,2025-04-14,946,23243,2025-06-29,CF25,254,Delete
26338,Dr. & Mrs. Steven Schuss,CmWbstyoMykjSRrlAGhh,18.00,2025-04-14,New Invoice,134474,2025-04-14,None,100473,2025-04-07,Maos Chitim 2025,470,Transfer campaign then delete
26338,Dr. & Mrs. Steven Schuss,CmWbstyoMykjSRrlAGhh,18.00,2025-04-14,New Invoice,134474,2025-04-14,None,101507,2025-09-28,RH25,475,Delete
26338,Dr. & Mrs. Steven Schuss,CmWbstyoMykjSRrlAGhh,18.00,2025-04-14,New Invoice,134474,2025-04-14,None,133345,2025-10-01,None,,Delete
23319,Mr. & Mrs. David Klein,0JdyFTNV7xHNYUrDjRSx,36.00,2025-04-14,New Invoice,136391,2025-04-14,946,100474,2025-04-07,Maos Chitim 2025,470,Delete
28812,Susan Goldenberg,irpS49se6GqYiOoEd0vw,12.00,2025-04-14,New Invoice,134476,2025-04-14,None,48315,2025-04-07,None,,Delete
32522,Elliot Kakon,rxiwkg2F6FIXWMoJPcQ0,18.00,2025-04-14,New Invoice,134478,2025-04-14,None,72067,2025-04-07,None,,Delete
32522,Elliot Kakon,rxiwkg2F6FIXWMoJPcQ0,18.00,2025-04-14,New Invoice,134478,2025-04-14,None,135926,2025-12-29,CH25,855,Transfer campaign then delete
28386,Eugene Brody,HPW1tl3CxkCVj6LRO6Ky,36.00,2025-04-14,New Invoice,136392,2025-04-14,946,45906,2025-04-07,Maos Chitim 2025,470,Delete
32296,Mr. Alex Novack,rg3NtGDhtIaMg7e5jBwE,18.00,2025-04-14,New Invoice,134480,2025-04-14,None,100479,2025-04-07,Maos Chitim 2025,470,Transfer campaign then delete
32527,Samuel Feintuch,rXTSBXBy4qdfCOFx5Rqf,10.00,2025-04-14,New Invoice,134481,2025-04-14,None,72097,2025-04-07,None,,Delete
23854,Keith Charytan,36xEoqnrocPFczNTsCkD,18.00,2025-04-14,New Invoice,134482,2025-04-14,None,17278,2025-04-07,None,,Delete
23854,Keith Charytan,36xEoqnrocPFczNTsCkD,18.00,2025-04-14,New Invoice,134482,2025-04-14,None,101485,2025-10-01,RH25,475,Transfer campaign then delete
23854,Keith Charytan,36xEoqnrocPFczNTsCkD,18.00,2025-04-14,New Invoice,134482,2025-04-14,None,135857,2025-12-26,CH25,855,Delete
23854,Keith Charytan,36xEoqnrocPFczNTsCkD,18.00,2025-04-14,New Invoice,134482,2025-04-14,None,133272,2025-10-05,None,,Delete
27916,David Jaffa,GlQTaApO2vxzion4UGN8,18.00,2025-04-14,New Invoice,136393,2025-04-14,946,42548,2025-04-07,None,,Delete
27916,David Jaffa,GlQTaApO2vxzion4UGN8,18.00,2025-04-14,New Invoice,136393,2025-04-14,946,101448,2025-10-01,RH25,475,Delete
27916,David Jaffa,GlQTaApO2vxzion4UGN8,18.00,2025-04-14,New Invoice,136393,2025-04-14,946,136148,2025-10-05,New Invoice,946,Delete
32817,William Pieprz,spNFqvmUlpdw2EuGYx9i,100.00,2025-04-14,New Invoice,134485,2025-04-14,None,74011,2025-04-07,None,,Delete
25826,L Levin,BCYC4C0cikZXenXnAJtj,18.00,2025-04-14,New Invoice,134487,2025-04-14,None,29508,2025-04-07,None,,Delete
25826,L Levin,BCYC4C0cikZXenXnAJtj,18.00,2025-04-14,New Invoice,134487,2025-04-14,None,101173,2025-10-27,RH25,475,Transfer campaign then delete
25826,L Levin,BCYC4C0cikZXenXnAJtj,18.00,2025-04-14,New Invoice,134487,2025-04-14,None,135957,2025-12-29,CH25,855,Delete
25826,L Levin,BCYC4C0cikZXenXnAJtj,18.00,2025-04-14,New Invoice,134487,2025-04-14,None,132854,2025-10-31,None,,Delete
24651,Ms. Ruth Merrill,6VObKaM3m4UrwQtW5etb,180.00,2025-04-14,New Invoice,134488,2025-04-14,None,100488,2025-04-07,Maos Chitim 2025,470,Transfer campaign then delete
27618,Morton Coleman,FS8db55tZm8bMEl2cNmn,36.00,2025-04-14,New Invoice,134489,2025-04-14,None,40384,2025-04-07,None,,Delete
28863,Michael Zidele,IVuZLdctF1iKk1AvKfAg,5.00,2025-04-14,New Invoice,134490,2025-04-14,None,48765,2025-04-07,None,,Delete
33283,Ms. Tanhia Frydman,twmMraaSUBlFYOnJaI1P,36.00,2025-04-14,New Invoice,134491,2025-04-14,None,100491,2025-04-07,Maos Chitim 2025,470,Transfer campaign then delete
27670,Bathsheba Rottenberg,FWCGj41Xadq9YAElI0mw,10.00,2025-04-14,New Invoice,136395,2025-04-14,946,40770,2025-04-07,None,,Delete
27670,Bathsheba Rottenberg,FWCGj41Xadq9YAElI0mw,10.00,2025-04-14,New Invoice,136395,2025-04-14,946,101186,2025-09-28,RH25,475,Delete
27670,Bathsheba Rottenberg,FWCGj41Xadq9YAElI0mw,10.00,2025-04-14,New Invoice,136395,2025-04-14,946,136182,2025-10-01,New Invoice,946,Delete
30450,Golda Cohen,Mtqp4vEPlaJNeug3BLWM,5.00,2025-04-14,New Invoice,136396,2025-04-14,946,59008,2025-04-07,None,,Delete
23883,Larry Golzman,3DABzqNBXoEAb0nSufOh,50.00,2025-04-14,New Invoice,134494,2025-04-14,None,17513,2025-04-07,None,,Delete
34147,Mr. & Mrs. David Krieger,W76ISLeN8LOjQMgsObYb,20.00,2025-04-14,New Invoice,136397,2025-04-14,946,100495,2025-04-07,Maos Chitim 2025,470,Delete
27468,Carol Gertel,FgDLstE9bAPhAZrn2zPp,18.00,2025-04-14,New Invoice,136398,2025-04-14,946,39548,2025-04-07,None,,Delete
27468,Carol Gertel,FgDLstE9bAPhAZrn2zPp,18.00,2025-04-14,New Invoice,136398,2025-04-14,946,135860,2025-12-26,CH25,855,Delete
31112,Murray Markowitz,OhEhMFvLmXzswujoWMuQ,25.00,2025-04-14,New Invoice,134498,2025-04-14,None,63133,2025-04-07,None,,Delete
27516,Stephen Moskovits,fjwAfaa3Zui4MMrFjlxe,36.00,2025-04-14,New Invoice,134500,2025-04-14,None,39816,2025-04-07,None,,Delete
25993,Abraham Zeif,broFGe7vslTZIaksk0rk,18.00,2025-04-14,New Invoice,136401,2025-04-14,946,30595,2025-04-07,None,,Delete
31028,Eli Yarmish,oaHff3X9EJNLqZlclCBE,18.00,2025-04-14,New Invoice,136402,2025-04-14,946,62566,2025-04-07,Maos Chitim 2025,470,Delete
23952,Chaim Bernstein,3n27Vqv2OwExmYUaJIIR,36.00,2025-04-14,New Invoice,136403,2025-04-14,946,17961,2025-04-07,None,,Delete
23952,Chaim Bernstein,3n27Vqv2OwExmYUaJIIR,36.00,2025-04-14,New Invoice,136403,2025-04-14,946,101464,2025-10-01,RH25,475,Delete
23952,Chaim Bernstein,3n27Vqv2OwExmYUaJIIR,36.00,2025-04-14,New Invoice,136403,2025-04-14,946,135945,2025-12-29,CH25,855,Delete
23952,Chaim Bernstein,3n27Vqv2OwExmYUaJIIR,36.00,2025-04-14,New Invoice,136403,2025-04-14,946,136159,2025-10-05,New Invoice,946,Delete
28153,Myron Anton,h5cLhSJh44CaxxKGubTr,100.00,2025-04-14,New Invoice,134505,2025-04-14,None,44256,2025-04-07,None,,Delete
28153,Myron Anton,h5cLhSJh44CaxxKGubTr,100.00,2025-04-14,New Invoice,134505,2025-04-14,None,92219,2025-01-06,None,,Delete
28153,Myron Anton,h5cLhSJh44CaxxKGubTr,100.00,2025-04-14,New Invoice,134505,2025-04-14,None,101393,2025-10-02,RH25,475,Transfer campaign then delete
28153,Myron Anton,h5cLhSJh44CaxxKGubTr,100.00,2025-04-14,New Invoice,134505,2025-04-14,None,133155,2025-10-17,None,,Delete
32836,Jacob Schlanger,sRbjGp1RCGYRnyggvuh5,50.00,2025-04-14,New Invoice,136404,2025-04-14,946,100507,2025-04-07,Maos Chitim 2025,470,Delete
32836,Jacob Schlanger,sRbjGp1RCGYRnyggvuh5,50.00,2025-04-14,New Invoice,136404,2025-04-14,946,101306,2025-10-05,RH25,475,Delete
32836,Jacob Schlanger,sRbjGp1RCGYRnyggvuh5,50.00,2025-04-14,New Invoice,136404,2025-04-14,946,136074,2025-10-20,New Invoice,946,Delete
24755,Mr. & Mrs. Elliot Hoffman,7hbigQm4i8GoAHHdC2oM,18.00,2025-04-14,New Invoice,134507,2025-04-14,None,100508,2025-04-07,Maos Chitim 2025,470,Transfer campaign then delete
32247,Mr. & Mrs. Jack Wieder,rCfuLlDNOkZQjxaz2rKm,10.00,2025-04-14,New Invoice,136406,2025-04-14,946,100510,2025-04-07,Maos Chitim 2025,470,Delete
32247,Mr. & Mrs. Jack Wieder,rCfuLlDNOkZQjxaz2rKm,10.00,2025-04-14,New Invoice,136406,2025-04-14,946,132903,2025-10-23,None,,Delete
28986,Mr. & Mrs. Isaac Hans,j8PnWXcRIu72uLTVnvYn,36.00,2025-04-14,New Invoice,136408,2025-04-14,946,100513,2025-04-07,Maos Chitim 2025,470,Delete
28986,Mr. & Mrs. Isaac Hans,j8PnWXcRIu72uLTVnvYn,36.00,2025-04-14,New Invoice,136408,2025-04-14,946,101166,2025-10-30,RH25,475,Delete
28986,Mr. & Mrs. Isaac Hans,j8PnWXcRIu72uLTVnvYn,36.00,2025-04-14,New Invoice,136408,2025-04-14,946,136017,2025-11-05,New Invoice,946,Delete
33885,Evelyn Kurtz,VI58OjYmESBjmro29mQX,120.00,2025-04-14,New Invoice,136409,2025-04-14,946,81127,2025-04-07,None,,Delete
23845,Shabtai Rubel,34mtMFThB3luWntgq0Cc,50.00,2025-04-14,New Invoice,134514,2025-04-14,None,17250,2025-04-07,None,,Delete
26598,Estela Berry,db6rzoJvoxQeFLHcN61s,10.00,2025-04-14,New Invoice,136410,2025-04-14,946,34523,2025-04-07,None,,Delete
30467,Robert Geller,mupUi8958JHDsDKAtBm7,18.00,2025-04-14,New Invoice,134516,2025-04-14,None,59154,2025-04-07,None,,Delete
24661,Chaim Weiss,6WOuIKpgMd0ugboLZ5ZB,2.00,2025-04-14,New Invoice,136411,2025-04-14,946,22514,2025-03-09,None,,Delete
24661,Chaim Weiss,6WOuIKpgMd0ugboLZ5ZB,2.00,2025-04-14,New Invoice,136411,2025-04-14,946,100517,2025-04-07,Maos Chitim 2025,470,Delete
24661,Chaim Weiss,6WOuIKpgMd0ugboLZ5ZB,2.00,2025-04-14,New Invoice,136411,2025-04-14,946,136478,2025-03-12,New Invoice,946,Delete
29152,Simon Hecht,JLzo9RM461XWViou22JW,5.00,2025-04-14,New Invoice,134518,2025-04-14,None,50635,2025-04-07,None,,Delete
32677,Mr. & Mrs. Allen Lerman,seKpO07zhM4LHt6slNxA,5.00,2025-04-14,New Invoice,136412,2025-04-14,946,100518,2025-04-07,Maos Chitim 2025,470,Delete
32407,John e. Gilcrease,RPradLMzCPP4itfHslxz,18.00,2025-04-14,New Invoice,134521,2025-04-14,None,71250,2025-04-07,None,,Delete
34787,Arthur Tomases,XRFWfvKL7vRXCKEFeTPO,25.00,2025-04-14,New Invoice,136413,2025-04-14,946,86493,2025-04-07,None,,Delete
34787,Arthur Tomases,XRFWfvKL7vRXCKEFeTPO,25.00,2025-04-14,New Invoice,136413,2025-04-14,946,86494,2025-01-15,None,,Delete
34787,Arthur Tomases,XRFWfvKL7vRXCKEFeTPO,25.00,2025-04-14,New Invoice,136413,2025-04-14,946,101332,2025-10-05,RH25,475,Delete
34787,Arthur Tomases,XRFWfvKL7vRXCKEFeTPO,25.00,2025-04-14,New Invoice,136413,2025-04-14,946,136081,2025-10-20,New Invoice,946,Delete
25381,Ms. Lillian Gellerman,aayzp8b1bbfGLsveGxIL,1.50,2025-04-14,New Invoice,134523,2025-04-14,None,100522,2025-04-07,Maos Chitim 2025,470,Transfer campaign then delete
35065,Mitchel Bomrind,yjQmvHSJhupvbobujaZB,10.00,2025-04-14,New Invoice,134524,2025-04-14,None,88274,2025-04-07,None,,Delete
35065,Mitchel Bomrind,yjQmvHSJhupvbobujaZB,10.00,2025-04-14,New Invoice,134524,2025-04-14,None,101347,2025-10-05,RH25,475,Transfer campaign then delete
35065,Mitchel Bomrind,yjQmvHSJhupvbobujaZB,10.00,2025-04-14,New Invoice,134524,2025-04-14,None,135845,2025-12-26,CH25,855,Delete
35065,Mitchel Bomrind,yjQmvHSJhupvbobujaZB,10.00,2025-04-14,New Invoice,134524,2025-04-14,None,133066,2025-10-19,None,,Delete
27743,Mr. & Mrs. Michael Schwartz,g4gS7gqtQGXSIr4VtNal,180.00,2025-04-14,New Invoice,134528,2025-04-14,None,100526,2025-04-07,Maos Chitim 2025,470,Transfer campaign then delete
28006,Steven Trenk,GRsguwaXgXvCehGOWRa2,25.00,2025-04-14,New Invoice,134529,2025-04-14,None,43112,2025-06-08,None,,Delete
28006,Steven Trenk,GRsguwaXgXvCehGOWRa2,25.00,2025-04-14,New Invoice,134529,2025-04-14,None,43115,2025-03-09,None,,Delete
28006,Steven Trenk,GRsguwaXgXvCehGOWRa2,25.00,2025-04-14,New Invoice,134529,2025-04-14,None,43116,2025-02-06,None,,Delete
28006,Steven Trenk,GRsguwaXgXvCehGOWRa2,25.00,2025-04-14,New Invoice,134529,2025-04-14,None,43117,2025-01-02,None,,Delete
28006,Steven Trenk,GRsguwaXgXvCehGOWRa2,25.00,2025-04-14,New Invoice,134529,2025-04-14,None,100527,2025-04-07,Maos Chitim 2025,470,Transfer campaign then delete
28006,Steven Trenk,GRsguwaXgXvCehGOWRa2,25.00,2025-04-14,New Invoice,134529,2025-04-14,None,100612,2025-11-06,Recurring,472,Delete
28006,Steven Trenk,GRsguwaXgXvCehGOWRa2,25.00,2025-04-14,New Invoice,134529,2025-04-14,None,100631,2025-10-15,Recurring,472,Delete
28006,Steven Trenk,GRsguwaXgXvCehGOWRa2,25.00,2025-04-14,New Invoice,134529,2025-04-14,None,100650,2025-09-09,Recurring,472,Delete
28006,Steven Trenk,GRsguwaXgXvCehGOWRa2,25.00,2025-04-14,New Invoice,134529,2025-04-14,None,100682,2025-08-07,Recurring,472,Delete
28006,Steven Trenk,GRsguwaXgXvCehGOWRa2,25.00,2025-04-14,New Invoice,134529,2025-04-14,None,100690,2025-07-08,Recurring,472,Delete
28006,Steven Trenk,GRsguwaXgXvCehGOWRa2,25.00,2025-04-14,New Invoice,134529,2025-04-14,None,132566,2025-12-11,Monthly,854,Delete
28006,Steven Trenk,GRsguwaXgXvCehGOWRa2,25.00,2025-04-14,New Invoice,134529,2025-04-14,None,132796,2025-11-10,None,,Delete
28006,Steven Trenk,GRsguwaXgXvCehGOWRa2,25.00,2025-04-14,New Invoice,134529,2025-04-14,None,132939,2025-10-20,None,,Delete
28006,Steven Trenk,GRsguwaXgXvCehGOWRa2,25.00,2025-04-14,New Invoice,134529,2025-04-14,None,133598,2025-09-17,None,,Delete
28006,Steven Trenk,GRsguwaXgXvCehGOWRa2,25.00,2025-04-14,New Invoice,134529,2025-04-14,None,133721,2025-08-12,None,,Delete
28006,Steven Trenk,GRsguwaXgXvCehGOWRa2,25.00,2025-04-14,New Invoice,134529,2025-04-14,None,133865,2025-07-24,None,,Delete
28006,Steven Trenk,GRsguwaXgXvCehGOWRa2,25.00,2025-04-14,New Invoice,134529,2025-04-14,None,134055,2025-06-13,None,,Delete
28006,Steven Trenk,GRsguwaXgXvCehGOWRa2,25.00,2025-04-14,New Invoice,134529,2025-04-14,None,134158,2025-05-14,None,,Delete
28006,Steven Trenk,GRsguwaXgXvCehGOWRa2,25.00,2025-04-14,New Invoice,134529,2025-04-14,None,134818,2025-03-12,None,,Delete
39550,Avrom r. Vann,2j5axQUpzz0xyTqMy61J,50.00,2025-04-14,New Invoice,136416,2025-04-14,946,102930,2025-04-07,Maos Chitim 2025,470,Delete
27200,Ted Wachtel,eSpNX0sGBaPf9BC80M5O,1.00,2025-04-14,New Invoice,134533,2025-04-14,None,38070,2025-04-07,None,,Delete
27200,Ted Wachtel,eSpNX0sGBaPf9BC80M5O,1.00,2025-04-14,New Invoice,134533,2025-04-14,None,99949,2025-03-18,GD25,462,Transfer campaign then delete
27200,Ted Wachtel,eSpNX0sGBaPf9BC80M5O,1.00,2025-04-14,New Invoice,134533,2025-04-14,None,101302,2025-10-05,RH25,475,Delete
27200,Ted Wachtel,eSpNX0sGBaPf9BC80M5O,1.00,2025-04-14,New Invoice,134533,2025-04-14,None,133018,2025-10-20,None,,Delete
27200,Ted Wachtel,eSpNX0sGBaPf9BC80M5O,1.00,2025-04-14,New Invoice,134533,2025-04-14,None,134772,2025-03-21,None,,Delete
32322,Jerome Ehrlich,RIgLxW0KUsujytssXx8E,2.00,2025-04-14,New Invoice,134534,2025-04-14,None,70785,2025-04-07,None,,Delete
32322,Jerome Ehrlich,RIgLxW0KUsujytssXx8E,2.00,2025-04-14,New Invoice,134534,2025-04-14,None,70786,2025-01-05,None,,Delete
32322,Jerome Ehrlich,RIgLxW0KUsujytssXx8E,2.00,2025-04-14,New Invoice,134534,2025-04-14,None,101225,2025-10-15,RH25,475,Transfer campaign then delete
32322,Jerome Ehrlich,RIgLxW0KUsujytssXx8E,2.00,2025-04-14,New Invoice,134534,2025-04-14,None,132934,2025-10-20,None,,Delete
23988,Mr. & Mrs. Adam Karp,3r5D6GfWm0UOku9MQRvZ,90.00,2025-04-14,New Invoice,136417,2025-04-14,946,100533,2025-04-07,Maos Chitim 2025,470,Delete
23988,Mr. & Mrs. Adam Karp,3r5D6GfWm0UOku9MQRvZ,90.00,2025-04-14,New Invoice,136417,2025-04-14,946,101434,2025-10-01,RH25,475,Delete
23988,Mr. & Mrs. Adam Karp,3r5D6GfWm0UOku9MQRvZ,90.00,2025-04-14,New Invoice,136417,2025-04-14,946,136139,2025-10-05,New Invoice,946,Delete
28545,Howard Lasker,I4qUgWZgcZpQ1vsyXj5b,5.00,2025-04-14,New Invoice,134536,2025-04-14,None,133214,2025-10-05,None,,Delete
29617,Judith Atkins,kPHUk0TMblZAj8YuOklH,18.00,2025-04-14,New Invoice,134537,2025-04-14,None,53869,2025-04-07,None,,Delete
33020,Michael Silverman,Ta7uJbFbRatinzaYEdMD,5.00,2025-04-14,New Invoice,134538,2025-04-14,None,75155,2025-04-09,None,,Delete
26852,Chanah Kugelman,DUygS3OZFxEA3EPqJkuw,5.00,2025-04-14,New Invoice,136419,2025-04-14,946,36126,2025-04-09,None,,Delete
52921,Jeffrey Ratz,qZUxsRSnOnJGakmnrC05,5.00,2025-04-14,New Invoice,136420,2025-04-14,946,136321,2025-05-14,New Invoice,946,Delete
31788,Jacob Sabel,q5U2kDyvKcI03GL6OC39,5.00,2025-04-14,New Invoice,136421,2025-04-14,946,67318,2025-04-09,None,,Delete
25674,Isaac Gem inter,aWFtgscaxGHQvIukG5Ei,10.00,2025-04-14,New Invoice,136422,2025-04-14,946,28676,2025-04-09,None,,Delete
39423,No Name,a5mHuHSI0uiCZer5IifJ,5.00,2025-04-14,New Invoice,134546,2025-04-14,None,102946,2025-04-09,Maos Chitim 2025,470,Transfer campaign then delete
32593,Zevi Trenk,s5nqM8JOFiWQc0KlyCFd,5.00,2025-04-14,New Invoice,134547,2025-04-14,None,72523,2025-04-09,None,,Delete
32593,Zevi Trenk,s5nqM8JOFiWQc0KlyCFd,5.00,2025-04-14,New Invoice,134547,2025-04-14,None,72524,2025-01-30,None,,Delete
32593,Zevi Trenk,s5nqM8JOFiWQc0KlyCFd,5.00,2025-04-14,New Invoice,134547,2025-04-14,None,101190,2025-09-29,RH25,475,Transfer campaign then delete
32593,Zevi Trenk,s5nqM8JOFiWQc0KlyCFd,5.00,2025-04-14,New Invoice,134547,2025-04-14,None,133285,2025-10-05,None,,Delete
32593,Zevi Trenk,s5nqM8JOFiWQc0KlyCFd,5.00,2025-04-14,New Invoice,134547,2025-04-14,None,134171,2025-05-14,None,,Delete
31522,Rabbi & Mrs. Nachum Berl,PjhGp6f1XQraO7a8PYmP,1.00,2025-04-14,New Invoice,134548,2025-04-14,None,100548,2025-04-09,Maos Chitim 2025,470,Transfer campaign then delete
27221,Howard Weisman,EumzNaheFWZTT57NnCUI,20.00,2025-04-14,New Invoice,136424,2025-04-14,946,100550,2025-04-09,Maos Chitim 2025,470,Delete
32964,Elaine Goldman,T2wcmEvV95ohT80n9UOn,5.00,2025-04-14,New Invoice,136425,2025-04-14,946,74818,2025-04-09,Maos Chitim 2025,470,Delete
32964,Elaine Goldman,T2wcmEvV95ohT80n9UOn,5.00,2025-04-14,New Invoice,136425,2025-04-14,946,101195,2025-10-01,RH25,475,Delete
32964,Elaine Goldman,T2wcmEvV95ohT80n9UOn,5.00,2025-04-14,New Invoice,136425,2025-04-14,946,135936,2025-12-29,CH25,855,Delete
32964,Elaine Goldman,T2wcmEvV95ohT80n9UOn,5.00,2025-04-14,New Invoice,136425,2025-04-14,946,136155,2025-10-05,New Invoice,946,Delete
28559,Barry Iskowitz,i5xkWYRED2zkoRF8tzaL,10.00,2025-04-14,New Invoice,136426,2025-04-14,946,46831,2025-04-09,None,,Delete
28559,Barry Iskowitz,i5xkWYRED2zkoRF8tzaL,10.00,2025-04-14,New Invoice,136426,2025-04-14,946,101415,2025-10-02,RH25,475,Delete
28559,Barry Iskowitz,i5xkWYRED2zkoRF8tzaL,10.00,2025-04-14,New Invoice,136426,2025-04-14,946,136129,2025-10-17,New Invoice,946,Delete
52881,Herbert Horowitz,KX3NxeBl9CqOM7pdYUWM,36.00,2025-04-14,New Invoice,136427,2025-04-14,946,136151,2025-10-05,New Invoice,946,Delete
33417,Bernard Witkin,udcWC6oXKgvrl6gU3Mar,18.00,2025-04-14,New Invoice,136429,2025-04-14,946,77707,2025-04-09,None,,Delete
27887,Benjamin Silverberg,Gj1cLfWSfZfI1OebJyuH,36.00,2025-04-14,New Invoice,136430,2025-04-14,946,42173,2025-04-09,None,,Delete
27887,Benjamin Silverberg,Gj1cLfWSfZfI1OebJyuH,36.00,2025-04-14,New Invoice,136430,2025-04-14,946,101488,2025-10-01,RH25,475,Delete
27887,Benjamin Silverberg,Gj1cLfWSfZfI1OebJyuH,36.00,2025-04-14,New Invoice,136430,2025-04-14,946,136171,2025-10-05,New Invoice,946,Delete
30625,Tzvi Hershfang,nat9e81z2Qdjd0CtuS2g,25.00,2025-04-14,New Invoice,134556,2025-04-14,None,60262,2025-04-09,None,,Delete
30625,Tzvi Hershfang,nat9e81z2Qdjd0CtuS2g,25.00,2025-04-14,New Invoice,134556,2025-04-14,None,132669,2025-12-03,None,,Delete
33325,Mr. & Mrs. Israel Lefkovitz,tzw1bIervVdBXmtkV5x8,5.00,2025-04-14,New Invoice,136432,2025-04-14,946,100560,2025-04-09,Maos Chitim 2025,470,Delete
33325,Mr. & Mrs. Israel Lefkovitz,tzw1bIervVdBXmtkV5x8,5.00,2025-04-14,New Invoice,136432,2025-04-14,946,101374,2025-10-05,RH25,475,Delete
33325,Mr. & Mrs. Israel Lefkovitz,tzw1bIervVdBXmtkV5x8,5.00,2025-04-14,New Invoice,136432,2025-04-14,946,136097,2025-10-19,New Invoice,946,Delete
52156,Norman Linzer,3HE72vxO5y8e97EB7jH2,100.00,2025-04-14,New Invoice,134559,2025-04-14,None,132736,2025-12-01,None,,Delete
52156,Norman Linzer,3HE72vxO5y8e97EB7jH2,100.00,2025-04-14,New Invoice,134559,2025-04-14,None,132847,2025-11-01,None,,Delete
52156,Norman Linzer,3HE72vxO5y8e97EB7jH2,100.00,2025-04-14,New Invoice,134559,2025-04-14,None,133353,2025-10-01,None,,Delete
52156,Norman Linzer,3HE72vxO5y8e97EB7jH2,100.00,2025-04-14,New Invoice,134559,2025-04-14,None,133652,2025-09-01,None,,Delete
52156,Norman Linzer,3HE72vxO5y8e97EB7jH2,100.00,2025-04-14,New Invoice,134559,2025-04-14,None,133831,2025-08-01,None,,Delete
52156,Norman Linzer,3HE72vxO5y8e97EB7jH2,100.00,2025-04-14,New Invoice,134559,2025-04-14,None,134047,2025-06-13,None,,Delete
52156,Norman Linzer,3HE72vxO5y8e97EB7jH2,100.00,2025-04-14,New Invoice,134559,2025-04-14,None,134163,2025-05-14,None,,Delete
52156,Norman Linzer,3HE72vxO5y8e97EB7jH2,100.00,2025-04-14,New Invoice,134559,2025-04-14,None,134801,2025-03-13,None,,Delete
28067,sharon max,GWSoEYJeQacPHT0YrXfJ,18.00,2025-04-14,New Invoice,134560,2025-04-14,None,43726,2025-04-09,None,,Delete
28067,sharon max,GWSoEYJeQacPHT0YrXfJ,18.00,2025-04-14,New Invoice,134560,2025-04-14,None,43727,2025-02-06,None,,Delete
28067,sharon max,GWSoEYJeQacPHT0YrXfJ,18.00,2025-04-14,New Invoice,134560,2025-04-14,None,43728,2025-01-08,None,,Delete
28067,sharon max,GWSoEYJeQacPHT0YrXfJ,18.00,2025-04-14,New Invoice,134560,2025-04-14,None,92056,2025-06-19,None,,Delete
28067,sharon max,GWSoEYJeQacPHT0YrXfJ,18.00,2025-04-14,New Invoice,134560,2025-04-14,None,92221,2025-01-05,None,,Delete
28067,sharon max,GWSoEYJeQacPHT0YrXfJ,18.00,2025-04-14,New Invoice,134560,2025-04-14,None,100672,2025-08-14,Recurring,472,Transfer campaign then delete
28067,sharon max,GWSoEYJeQacPHT0YrXfJ,18.00,2025-04-14,New Invoice,134560,2025-04-14,None,92090,2025-04-24,None,,Delete
28067,sharon max,GWSoEYJeQacPHT0YrXfJ,18.00,2025-04-14,New Invoice,134560,2025-04-14,None,133674,2025-08-22,None,,Delete
28067,sharon max,GWSoEYJeQacPHT0YrXfJ,18.00,2025-04-14,New Invoice,134560,2025-04-14,None,133993,2025-06-23,None,,Delete
28067,sharon max,GWSoEYJeQacPHT0YrXfJ,18.00,2025-04-14,New Invoice,134560,2025-04-14,None,134238,2025-05-05,None,,Delete
28067,sharon max,GWSoEYJeQacPHT0YrXfJ,18.00,2025-04-14,New Invoice,134560,2025-04-14,None,134271,2025-04-28,None,,Delete
28067,sharon max,GWSoEYJeQacPHT0YrXfJ,18.00,2025-04-14,New Invoice,134560,2025-04-14,None,43726,2025-04-09,None,,Delete
28067,sharon max,GWSoEYJeQacPHT0YrXfJ,18.00,2025-04-14,New Invoice,134560,2025-04-14,None,43727,2025-02-06,None,,Delete
28067,sharon max,GWSoEYJeQacPHT0YrXfJ,18.00,2025-04-14,New Invoice,134560,2025-04-14,None,43728,2025-01-08,None,,Delete
28067,sharon max,GWSoEYJeQacPHT0YrXfJ,18.00,2025-04-14,New Invoice,134560,2025-04-14,None,92056,2025-06-19,None,,Delete
28067,sharon max,GWSoEYJeQacPHT0YrXfJ,18.00,2025-04-14,New Invoice,134560,2025-04-14,None,92221,2025-01-05,None,,Delete
28067,sharon max,GWSoEYJeQacPHT0YrXfJ,18.00,2025-04-14,New Invoice,134560,2025-04-14,None,100672,2025-08-14,Recurring,472,Transfer campaign then delete
28067,sharon max,GWSoEYJeQacPHT0YrXfJ,18.00,2025-04-14,New Invoice,134560,2025-04-14,None,92090,2025-04-24,None,,Delete
28067,sharon max,GWSoEYJeQacPHT0YrXfJ,18.00,2025-04-14,New Invoice,134560,2025-04-14,None,133674,2025-08-22,None,,Delete
28067,sharon max,GWSoEYJeQacPHT0YrXfJ,18.00,2025-04-14,New Invoice,134560,2025-04-14,None,133993,2025-06-23,None,,Delete
28067,sharon max,GWSoEYJeQacPHT0YrXfJ,18.00,2025-04-14,New Invoice,134560,2025-04-14,None,134238,2025-05-05,None,,Delete
28067,sharon max,GWSoEYJeQacPHT0YrXfJ,18.00,2025-04-14,New Invoice,134560,2025-04-14,None,134271,2025-04-28,None,,Delete
29106,Mr. & Mrs. Jeffrey Weber,jI80B4zZayW6xrBsCYNz,50.00,2025-04-14,New Invoice,134562,2025-04-14,None,100272,2025-05-08,Maos Chitim 2025,470,Transfer campaign then delete
29106,Mr. & Mrs. Jeffrey Weber,jI80B4zZayW6xrBsCYNz,50.00,2025-04-14,New Invoice,134562,2025-04-14,None,100561,2025-04-09,Maos Chitim 2025,470,Transfer campaign then delete
29106,Mr. & Mrs. Jeffrey Weber,jI80B4zZayW6xrBsCYNz,50.00,2025-04-14,New Invoice,134562,2025-04-14,None,132519,2025-11-11,RH25,475,Delete
29106,Mr. & Mrs. Jeffrey Weber,jI80B4zZayW6xrBsCYNz,50.00,2025-04-14,New Invoice,134562,2025-04-14,None,132778,2025-11-19,None,,Delete
29106,Mr. & Mrs. Jeffrey Weber,jI80B4zZayW6xrBsCYNz,50.00,2025-04-14,New Invoice,134562,2025-04-14,None,134182,2025-05-13,None,,Delete
25958,Mr. & Mrs. Melvin Rottenberg,BoP5Wvudu1YjqsRIrVBm,180.00,2025-04-11,New Invoice,134563,2025-04-11,None,100562,2025-04-08,Maos Chitim 2025,470,Transfer campaign then delete
26605,Saul quinn,dbmS75RFVnPxWSm0t31X,18.00,2025-04-11,New Invoice,134566,2025-04-11,None,100565,2025-04-08,Maos Chitim 2025,470,Transfer campaign then delete
24649,Dr. & Mrs. Bruce Eisenberg,6VJkw6bWshgzGNgcxILA,5.00,2025-04-11,New Invoice,136433,2025-04-11,946,100566,2025-04-08,Maos Chitim 2025,470,Delete
27370,Faye Perlow-brand,fA1a6C4bVgvC7lcyqtAm,100.00,2025-04-11,New Invoice,136435,2025-04-11,946,38985,2025-04-08,Maos Chitim 2025,470,Delete
24900,Michael Feldheim,83EvuiuZhrVWyQKp0gYt,10.00,2025-04-10,New Invoice,134573,2025-04-10,None,101260,2025-10-15,RH25,475,Transfer campaign then delete
24900,Michael Feldheim,83EvuiuZhrVWyQKp0gYt,10.00,2025-04-10,New Invoice,134573,2025-04-10,None,132979,2025-10-20,None,,Delete
23336,Mrs. Roslyn Blatt,0l8Xx53uxkWc4XvVImyj,10.00,2025-04-10,Manual Payment,134576,2025-04-10,None,135489,2025-12-24,None,,Delete
39563,E. Robert Vegh,VdQg0tqydrdn9gBo2sZF,100.00,2025-04-10,New Invoice,134577,2025-04-10,475,136193,2025-09-30,New Invoice,946,Delete
23479,Meyer Gould,18KUb2sdS0n3MFJKsSGA,18.00,2025-04-10,New Invoice,134584,2025-04-10,None,15215,2025-04-02,None,,Delete
23479,Meyer Gould,18KUb2sdS0n3MFJKsSGA,18.00,2025-04-10,New Invoice,134584,2025-04-10,None,134892,2025-02-19,None,,Delete
33969,Joseph Rosenfeld,VO59AMOkFyGQIm4XVYFD,10.00,2025-04-10,New Invoice,134585,2025-04-10,None,81551,2025-04-02,None,,Delete
33969,Joseph Rosenfeld,VO59AMOkFyGQIm4XVYFD,10.00,2025-04-10,New Invoice,134585,2025-04-10,None,135953,2025-12-29,CH25,855,Transfer campaign then delete
33969,Joseph Rosenfeld,VO59AMOkFyGQIm4XVYFD,10.00,2025-04-10,New Invoice,134585,2025-04-10,None,133377,2025-09-30,None,,Delete
28212,Mr. & Mrs. Martin Zwick,HcinrKcciQIPtntOIsMn,25.00,2025-04-10,New Invoice,134586,2025-04-10,None,100572,2025-04-02,Maos Chitim 2025,470,Transfer campaign then delete
28212,Mr. & Mrs. Martin Zwick,HcinrKcciQIPtntOIsMn,25.00,2025-04-10,New Invoice,134586,2025-04-10,None,101337,2025-10-05,RH25,475,Delete
28212,Mr. & Mrs. Martin Zwick,HcinrKcciQIPtntOIsMn,25.00,2025-04-10,New Invoice,134586,2025-04-10,None,133055,2025-10-20,None,,Delete
24514,Allan Arnold,6BGd43BoUDQqqsvjCTXX,180.00,2025-04-10,New Invoice,136437,2025-04-10,946,21540,2025-04-02,None,,Delete
24064,Gerard Schinazi,44dpGJ5sLf2dkcKBNuAL,5.00,2025-04-10,New Invoice,136438,2025-04-10,946,18769,2025-04-02,None,,Delete
23434,Harry Klaristenfeld,0YiOdrWuKDb1jlOZJj5h,50.00,2025-04-10,New Invoice,136439,2025-04-10,946,14930,2025-04-02,None,,Delete
30946,Sigmond Klein,nZ5RkqzI7JG0G99sAMON,36.00,2025-04-10,New Invoice,134591,2025-04-10,None,62040,2025-04-02,None,,Delete
33491,Mr. & Mrs. Simon Auerbacher,UId2ueCJtKVctSajIifT,500.00,2025-04-10,New Invoice,134592,2025-04-10,None,100578,2025-04-02,Maos Chitim 2025,470,Transfer campaign then delete
32019,Harold Wolf,QPWwJVzy3p3oXZIrjMwB,180.00,2025-04-10,New Invoice,136440,2025-04-10,946,68908,2025-04-02,None,,Delete
29679,Reuven Kugler,KUnuQaE3pCnwmiqxdx2X,36.00,2025-04-10,New Invoice,134594,2025-04-10,None,54265,2025-04-02,None,,Delete
25681,Marcus Pinter,axFVxo88oLaPhQ5p6OjI,25.00,2025-04-10,New Invoice,134595,2025-04-10,None,28733,2025-04-02,None,,Delete
30883,Mr. & Mrs. Abe Gruenglas,NtVQeSSXBTVkwiAJU0Qo,10.00,2025-04-10,New Invoice,136441,2025-04-10,946,100582,2025-04-02,Maos Chitim 2025,470,Delete
30837,Chaim Rosen,nQKPj9WdmnA4bx9Sfzxf,13.00,2025-04-10,New Invoice,136442,2025-04-10,946,61437,2025-04-02,None,,Delete
28439,Robert Darnowsky,hTVD1HRiPJEW1NBIPV8S,5.00,2025-04-10,New Invoice,134599,2025-04-10,None,46193,2025-04-02,None,,Delete
27185,Sheldon Geller,EqZYQiZ20HdqDAzbvgDb,36.00,2025-04-10,New Invoice,134600,2025-04-10,None,38001,2025-04-02,None,,Delete
27185,Sheldon Geller,EqZYQiZ20HdqDAzbvgDb,36.00,2025-04-10,New Invoice,134600,2025-04-10,None,135955,2025-12-29,CH25,855,Transfer campaign then delete
27242,Abraham Moses,EVZlO6hN6lEQhJZdrsn7,6.00,2025-04-10,New Invoice,136444,2025-04-10,946,38354,2025-04-02,None,,Delete
31281,Murray Rosenbaum,ovMlOalpJjiTo6PX87tL,100.00,2025-04-10,New Invoice,134603,2025-04-10,None,64159,2025-04-02,None,,Delete
31281,Murray Rosenbaum,ovMlOalpJjiTo6PX87tL,100.00,2025-04-10,New Invoice,134603,2025-04-10,None,101360,2025-10-05,RH25,475,Transfer campaign then delete
31281,Murray Rosenbaum,ovMlOalpJjiTo6PX87tL,100.00,2025-04-10,New Invoice,134603,2025-04-10,None,133079,2025-10-19,None,,Delete
31176,Sheldon Ellish,oMHc0iWlfyhS4jUHFqF8,30.00,2025-04-10,New Invoice,134604,2025-04-10,None,63535,2025-04-02,None,,Delete
24490,Israel Schupper,65E16bNE9QMd8bmOpHNa,72.00,2025-04-10,New Invoice,136445,2025-04-10,946,21259,2025-04-02,None,,Delete
39424,Solomon Stern,mydwPSoR4e1KTuQSM84c,18.00,2025-04-10,New Invoice,134607,2025-04-10,None,102993,2025-04-02,Maos Chitim 2025,470,Transfer campaign then delete
26993,Mr. & Mrs. Samuel Berger,eBJCetghPQH56N5iOqyK,10.00,2025-04-10,New Invoice,134608,2025-04-10,None,100594,2025-04-02,Maos Chitim 2025,470,Transfer campaign then delete
26993,Mr. & Mrs. Samuel Berger,eBJCetghPQH56N5iOqyK,10.00,2025-04-10,New Invoice,134608,2025-04-10,None,133389,2025-09-30,None,,Delete
23799,Barry Geller,2umy7cmwWN8ESuDD7S4p,1.00,2025-04-10,New Invoice,136447,2025-04-10,946,17018,2025-04-02,None,,Delete
23799,Barry Geller,2umy7cmwWN8ESuDD7S4p,1.00,2025-04-10,New Invoice,136447,2025-04-10,946,17019,2025-01-08,None,,Delete
26589,Esther Lebovits,dAKwwgB2BH22h5dU6Qhk,36.00,2025-04-10,New Invoice,134611,2025-04-10,None,34493,2025-04-02,None,,Delete
29708,Jeanne Warman,KwWCMQiLZCpoi4noWQ7q,50.00,2025-04-10,New Invoice,134612,2025-04-10,None,54442,2025-04-02,None,,Delete
29708,Jeanne Warman,KwWCMQiLZCpoi4noWQ7q,50.00,2025-04-10,New Invoice,134612,2025-04-10,None,101519,2025-09-28,RH25,475,Transfer campaign then delete
29708,Jeanne Warman,KwWCMQiLZCpoi4noWQ7q,50.00,2025-04-10,New Invoice,134612,2025-04-10,None,133364,2025-10-01,None,,Delete
31230,Ms. Shaindy Weiss,OqQEbt4ztujc7nCDFFND,18.00,2025-04-10,New Invoice,134614,2025-04-10,None,100601,2025-04-02,Maos Chitim 2025,470,Transfer campaign then delete
31301,Lewis Genuth,OwS6CRldhnhko1vfImvy,36.00,2025-04-10,New Invoice,134615,2025-04-10,None,64494,2025-04-20,None,,Delete
31301,Lewis Genuth,OwS6CRldhnhko1vfImvy,36.00,2025-04-10,New Invoice,134615,2025-04-10,None,64495,2025-04-02,None,,Delete
31301,Lewis Genuth,OwS6CRldhnhko1vfImvy,36.00,2025-04-10,New Invoice,134615,2025-04-10,None,135933,2025-12-29,CH25,855,Transfer campaign then delete
31301,Lewis Genuth,OwS6CRldhnhko1vfImvy,36.00,2025-04-10,New Invoice,134615,2025-04-10,None,101494,2025-09-28,RH25,475,Delete
31301,Lewis Genuth,OwS6CRldhnhko1vfImvy,36.00,2025-04-10,New Invoice,134615,2025-04-10,None,133331,2025-10-01,None,,Delete
31301,Lewis Genuth,OwS6CRldhnhko1vfImvy,36.00,2025-04-10,New Invoice,134615,2025-04-10,None,134302,2025-04-25,None,,Delete
28479,Daniel Ginsberg,hwQPBm8zlTJBK0ktKSWR,36.00,2025-04-10,New Invoice,136450,2025-04-10,946,46367,2025-04-02,None,,Delete
28479,Daniel Ginsberg,hwQPBm8zlTJBK0ktKSWR,36.00,2025-04-10,New Invoice,136450,2025-04-10,946,101479,2025-10-01,RH25,475,Delete
28479,Daniel Ginsberg,hwQPBm8zlTJBK0ktKSWR,36.00,2025-04-10,New Invoice,136450,2025-04-10,946,135865,2025-12-26,CH25,855,Delete
28479,Daniel Ginsberg,hwQPBm8zlTJBK0ktKSWR,36.00,2025-04-10,New Invoice,136450,2025-04-10,946,136166,2025-10-05,New Invoice,946,Delete
33591,Michael Lendzin,UQf3mUJP6UCs9Pj5ylvl,1.00,2025-04-10,New Invoice,134618,2025-04-10,None,78898,2025-04-02,None,,Delete
33591,Michael Lendzin,UQf3mUJP6UCs9Pj5ylvl,1.00,2025-04-10,New Invoice,134618,2025-04-10,None,78899,2025-01-30,None,,Delete
33591,Michael Lendzin,UQf3mUJP6UCs9Pj5ylvl,1.00,2025-04-10,New Invoice,134618,2025-04-10,None,134167,2025-05-14,None,,Delete
31182,Mr. & Mrs. Charles Popper,ON5aY86lmL8WoNyqBRp2,50.00,2025-04-09,New Invoice,136451,2025-04-09,946,100606,2025-04-02,Maos Chitim 2025,470,Delete
31182,Mr. & Mrs. Charles Popper,ON5aY86lmL8WoNyqBRp2,50.00,2025-04-09,New Invoice,136451,2025-04-09,946,101555,2025-09-23,RH25,475,Delete
31182,Mr. & Mrs. Charles Popper,ON5aY86lmL8WoNyqBRp2,50.00,2025-04-09,New Invoice,136451,2025-04-09,946,136200,2025-09-30,New Invoice,946,Delete
31937,Mr. & Mrs. Norman Schmutter,qJW9xz4h2CtyWHuk4Nh9,1800.00,2025-04-09,New Invoice,134627,2025-04-09,None,99376,2025-09-01,Bergen25,458,Transfer campaign then delete
31937,Mr. & Mrs. Norman Schmutter,qJW9xz4h2CtyWHuk4Nh9,1800.00,2025-04-09,New Invoice,134627,2025-04-09,None,99387,2025-09-30,Bergen25,458,Transfer campaign then delete
31937,Mr. & Mrs. Norman Schmutter,qJW9xz4h2CtyWHuk4Nh9,1800.00,2025-04-09,New Invoice,134627,2025-04-09,None,99418,2025-07-29,CF25,254,Delete
31937,Mr. & Mrs. Norman Schmutter,qJW9xz4h2CtyWHuk4Nh9,1800.00,2025-04-09,New Invoice,134627,2025-04-09,None,99835,2025-05-29,GD25,462,Delete
31937,Mr. & Mrs. Norman Schmutter,qJW9xz4h2CtyWHuk4Nh9,1800.00,2025-04-09,New Invoice,134627,2025-04-09,None,99836,2025-04-29,GD25,462,Delete
31937,Mr. & Mrs. Norman Schmutter,qJW9xz4h2CtyWHuk4Nh9,1800.00,2025-04-09,New Invoice,134627,2025-04-09,None,99871,2025-03-31,GD25,462,Delete
31937,Mr. & Mrs. Norman Schmutter,qJW9xz4h2CtyWHuk4Nh9,1800.00,2025-04-09,New Invoice,134627,2025-04-09,None,99992,2025-02-25,GD25,462,Delete
31937,Mr. & Mrs. Norman Schmutter,qJW9xz4h2CtyWHuk4Nh9,1800.00,2025-04-09,New Invoice,134627,2025-04-09,None,132678,2025-12-03,None,,Delete
31937,Mr. & Mrs. Norman Schmutter,qJW9xz4h2CtyWHuk4Nh9,1800.00,2025-04-09,New Invoice,134627,2025-04-09,None,132864,2025-10-31,None,,Delete
31937,Mr. & Mrs. Norman Schmutter,qJW9xz4h2CtyWHuk4Nh9,1800.00,2025-04-09,New Invoice,134627,2025-04-09,None,133281,2025-10-05,None,,Delete
31937,Mr. & Mrs. Norman Schmutter,qJW9xz4h2CtyWHuk4Nh9,1800.00,2025-04-09,New Invoice,134627,2025-04-09,None,133642,2025-09-09,None,,Delete
31937,Mr. & Mrs. Norman Schmutter,qJW9xz4h2CtyWHuk4Nh9,1800.00,2025-04-09,New Invoice,134627,2025-04-09,None,133750,2025-08-12,None,,Delete
31937,Mr. & Mrs. Norman Schmutter,qJW9xz4h2CtyWHuk4Nh9,1800.00,2025-04-09,New Invoice,134627,2025-04-09,None,133943,2025-07-02,None,,Delete
31937,Mr. & Mrs. Norman Schmutter,qJW9xz4h2CtyWHuk4Nh9,1800.00,2025-04-09,New Invoice,134627,2025-04-09,None,134093,2025-06-04,None,,Delete
31937,Mr. & Mrs. Norman Schmutter,qJW9xz4h2CtyWHuk4Nh9,1800.00,2025-04-09,New Invoice,134627,2025-04-09,None,134239,2025-05-05,None,,Delete
31937,Mr. & Mrs. Norman Schmutter,qJW9xz4h2CtyWHuk4Nh9,1800.00,2025-04-09,New Invoice,134627,2025-04-09,None,134834,2025-03-12,None,,Delete
31937,Mr. & Mrs. Norman Schmutter,qJW9xz4h2CtyWHuk4Nh9,1800.00,2025-04-09,New Invoice,134627,2025-04-09,None,134861,2025-03-04,None,,Delete
52549,Unknown,h7yVAlzNbwpFJDP313aL,360.00,2025-04-08,Passover Form,136456,2025-04-08,967,135976,2025-12-02,Giving Tuesday,858,Delete
52549,Unknown,h7yVAlzNbwpFJDP313aL,360.00,2025-04-08,Passover Form,136456,2025-04-08,967,135466,2025-12-22,CH25,855,Delete
10532,Toby Schnall,Z65ZGpZOrHV7XVI15gWC,200.00,2025-04-08,Passover Form,100787,2025-04-07,473,136493,2025-01-07,Emergency Campaign 2024,971,Delete
10532,Toby Schnall,Z65ZGpZOrHV7XVI15gWC,200.00,2025-04-07,Passover Form,100787,2025-04-07,473,136493,2025-01-07,Emergency Campaign 2024,971,Delete
26610,Rabbi Aaron Weil,dbWdxyr7BRR7esMS685a,3.00,2025-04-03,Manual Payment,134672,2025-04-03,None,132883,2025-10-24,None,,Delete
52441,Unknown,gXO2MaynN9oOrG3l8Gwh,36.00,2025-04-01,Passover Form,136458,2025-04-01,967,135221,2025-12-21,None,,Delete
52562,Unknown,caayNzHyAtv1INYh1teW,26.00,2025-04-01,Manual Payment,136460,2025-04-01,944,136135,2025-10-09,Manual Payment,944,Delete
52562,Unknown,caayNzHyAtv1INYh1teW,26.00,2025-04-01,Manual Payment,136460,2025-04-01,944,135490,2025-12-24,BERGEN20,165,Delete
52930,Simon Weiss,uamNkUb8WWTuKORa7Pbu,10.00,2025-04-01,New Invoice,MISSING,,None,136371,2025-04-15,New Invoice,946,Delete
27398,Bridget Doucette,fBRzHfRHkXWDzgMePB2H,10.00,2025-04-01,New Invoice,134686,2025-04-01,None,39133,2025-02-10,None,,Delete
27398,Bridget Doucette,fBRzHfRHkXWDzgMePB2H,10.00,2025-04-01,New Invoice,134686,2025-04-01,None,134149,2025-05-14,None,,Delete
25454,Mr. Joseph Haimovich,aGqhJL0JhnZQNzdH3KQg,500.00,2025-04-01,New Invoice,134692,2025-04-01,None,99917,2025-03-27,GD25,462,Transfer campaign then delete
35423,Julius Derdik,ZFXdPeIPujGNFOC0WdBU,50.00,2025-04-01,New Invoice,134693,2025-04-01,None,90630,2025-03-25,None,,Delete
39453,Howard Shatz,JdWtYHljsa8k3b90QYih,180.00,2025-03-31,Passover Form,134700,2025-03-31,None,132691,2025-12-02,None,,Delete
52894,Dvora Rosenthal,VRm91dERGQMrd7df7lLx,10.00,2025-03-26,Thanksgiving ,136466,2025-03-26,949,136224,2025-09-19,General Donation form With Recurring Donations and Manual Donations,942,Delete
25633,Miriam Cohen,ATgzGcBNMeqn9Z4iAAVw,18.00,2025-03-26,New Invoice,134732,2025-03-26,None,28475,2025-04-07,None,,Delete
25633,Miriam Cohen,ATgzGcBNMeqn9Z4iAAVw,18.00,2025-03-26,New Invoice,134732,2025-03-26,None,134401,2025-04-15,None,,Delete
24710,Evan Krisch,n7rlU8Wfy3x2upQZAA3i,150.00,2025-03-26,New Invoice,134734,2025-03-26,None,22837,2025-04-20,None,,Delete
24710,Evan Krisch,n7rlU8Wfy3x2upQZAA3i,150.00,2025-03-26,New Invoice,134734,2025-03-26,None,22839,2025-02-24,None,,Delete
24710,Evan Krisch,n7rlU8Wfy3x2upQZAA3i,150.00,2025-03-26,New Invoice,134734,2025-03-26,None,22840,2025-01-16,None,,Delete
24710,Evan Krisch,n7rlU8Wfy3x2upQZAA3i,150.00,2025-03-26,New Invoice,134734,2025-03-26,None,100643,2025-09-23,Recurring,472,Transfer campaign then delete
24710,Evan Krisch,n7rlU8Wfy3x2upQZAA3i,150.00,2025-03-26,New Invoice,134734,2025-03-26,None,100663,2025-09-04,Recurring,472,Transfer campaign then delete
24710,Evan Krisch,n7rlU8Wfy3x2upQZAA3i,150.00,2025-03-26,New Invoice,134734,2025-03-26,None,100686,2025-07-29,Recurring,472,Transfer campaign then delete
24710,Evan Krisch,n7rlU8Wfy3x2upQZAA3i,150.00,2025-03-26,New Invoice,134734,2025-03-26,None,135882,2025-12-26,CH25,855,Delete
24710,Evan Krisch,n7rlU8Wfy3x2upQZAA3i,150.00,2025-03-26,New Invoice,134734,2025-03-26,None,132671,2025-12-03,None,,Delete
24710,Evan Krisch,n7rlU8Wfy3x2upQZAA3i,150.00,2025-03-26,New Invoice,134734,2025-03-26,None,132896,2025-10-23,None,,Delete
24710,Evan Krisch,n7rlU8Wfy3x2upQZAA3i,150.00,2025-03-26,New Invoice,134734,2025-03-26,None,133433,2025-09-30,None,,Delete
24710,Evan Krisch,n7rlU8Wfy3x2upQZAA3i,150.00,2025-03-26,New Invoice,134734,2025-03-26,None,133636,2025-09-09,None,,Delete
24710,Evan Krisch,n7rlU8Wfy3x2upQZAA3i,150.00,2025-03-26,New Invoice,134734,2025-03-26,None,133739,2025-08-12,None,,Delete
24710,Evan Krisch,n7rlU8Wfy3x2upQZAA3i,150.00,2025-03-26,New Invoice,134734,2025-03-26,None,134122,2025-05-23,None,,Delete
24710,Evan Krisch,n7rlU8Wfy3x2upQZAA3i,150.00,2025-03-26,New Invoice,134734,2025-03-26,None,134311,2025-04-25,None,,Delete
24710,Evan Krisch,n7rlU8Wfy3x2upQZAA3i,150.00,2025-03-26,New Invoice,134734,2025-03-26,None,134864,2025-03-04,None,,Delete
24710,Evan Krisch,n7rlU8Wfy3x2upQZAA3i,150.00,2025-03-26,New Invoice,134734,2025-03-26,None,136289,2025-07-02,New Invoice,946,Delete
32216,Jacob Blatt,RALf3yS0SulJlhfLufFH,1800.00,2025-03-21,New Invoice,136468,2025-03-21,946,70109,2025-03-19,None,,Delete
30246,Larry Latham,MCJdMJdeM93ygP2IgvcR,218.00,2025-03-21,New Invoice,134756,2025-03-21,None,57476,2025-05-20,None,,Delete
30246,Larry Latham,MCJdMJdeM93ygP2IgvcR,218.00,2025-03-21,New Invoice,134756,2025-03-21,None,57479,2025-01-17,None,,Delete
30246,Larry Latham,MCJdMJdeM93ygP2IgvcR,218.00,2025-03-21,New Invoice,134756,2025-03-21,None,100644,2025-09-21,Recurring,472,Transfer campaign then delete
30246,Larry Latham,MCJdMJdeM93ygP2IgvcR,218.00,2025-03-21,New Invoice,134756,2025-03-21,None,100665,2025-08-19,Recurring,472,Transfer campaign then delete
30246,Larry Latham,MCJdMJdeM93ygP2IgvcR,218.00,2025-03-21,New Invoice,134756,2025-03-21,None,100696,2025-07-21,Recurring,472,Transfer campaign then delete
30246,Larry Latham,MCJdMJdeM93ygP2IgvcR,218.00,2025-03-21,New Invoice,134756,2025-03-21,None,135929,2025-12-29,Monthly,854,Delete
30246,Larry Latham,MCJdMJdeM93ygP2IgvcR,218.00,2025-03-21,New Invoice,134756,2025-03-21,None,132525,2025-11-19,ID 736,736,Delete
30246,Larry Latham,MCJdMJdeM93ygP2IgvcR,218.00,2025-03-21,New Invoice,134756,2025-03-21,None,132738,2025-11-26,None,,Delete
30246,Larry Latham,MCJdMJdeM93ygP2IgvcR,218.00,2025-03-21,New Invoice,134756,2025-03-21,None,132891,2025-10-23,None,,Delete
30246,Larry Latham,MCJdMJdeM93ygP2IgvcR,218.00,2025-03-21,New Invoice,134756,2025-03-21,None,133450,2025-09-29,None,,Delete
30246,Larry Latham,MCJdMJdeM93ygP2IgvcR,218.00,2025-03-21,New Invoice,134756,2025-03-21,None,133657,2025-08-25,None,,Delete
30246,Larry Latham,MCJdMJdeM93ygP2IgvcR,218.00,2025-03-21,New Invoice,134756,2025-03-21,None,133875,2025-07-24,None,,Delete
30246,Larry Latham,MCJdMJdeM93ygP2IgvcR,218.00,2025-03-21,New Invoice,134756,2025-03-21,None,133991,2025-06-23,None,,Delete
30246,Larry Latham,MCJdMJdeM93ygP2IgvcR,218.00,2025-03-21,New Invoice,134756,2025-03-21,None,134125,2025-05-23,None,,Delete
30246,Larry Latham,MCJdMJdeM93ygP2IgvcR,218.00,2025-03-21,New Invoice,134756,2025-03-21,None,134291,2025-04-25,None,,Delete
25616,Sidney Frankel,AScnGqpQy309YOYW1Tsf,18.00,2025-03-21,New Invoice,134757,2025-03-21,None,99935,2025-03-18,GD25,462,Transfer campaign then delete
25616,Sidney Frankel,AScnGqpQy309YOYW1Tsf,18.00,2025-03-21,New Invoice,134757,2025-03-21,None,100197,2025-10-02,Maos Chitim 2025,470,Delete
25616,Sidney Frankel,AScnGqpQy309YOYW1Tsf,18.00,2025-03-21,New Invoice,134757,2025-03-21,None,133126,2025-10-17,None,,Delete
25616,Sidney Frankel,AScnGqpQy309YOYW1Tsf,1539.00,2025-03-21,New Invoice,134758,2025-03-21,None,99936,2025-03-18,GD25,462,Transfer campaign then delete
31333,Meyer Greisman,ozcwwLdVWsFZSVnuom9p,25.00,2025-03-21,New Invoice,134759,2025-03-21,None,64709,2025-03-18,None,,Delete
31333,Meyer Greisman,ozcwwLdVWsFZSVnuom9p,25.00,2025-03-21,New Invoice,134759,2025-03-21,None,100201,2025-10-02,Maos Chitim 2025,470,Transfer campaign then delete
31333,Meyer Greisman,ozcwwLdVWsFZSVnuom9p,25.00,2025-03-21,New Invoice,134759,2025-03-21,None,133130,2025-10-17,None,,Delete
35473,Mr. & Mrs. Jeffrey Stern,ZkTSoHbWJKxQfFmc0fpm,10.00,2025-03-21,New Invoice,134760,2025-03-21,None,99938,2025-03-18,GD25,462,Transfer campaign then delete
35473,Mr. & Mrs. Jeffrey Stern,ZkTSoHbWJKxQfFmc0fpm,10.00,2025-03-21,New Invoice,134760,2025-03-21,None,100003,2025-02-24,GD25,462,Transfer campaign then delete
35473,Mr. & Mrs. Jeffrey Stern,ZkTSoHbWJKxQfFmc0fpm,10.00,2025-03-21,New Invoice,134760,2025-03-21,None,134872,2025-03-04,None,,Delete
29702,Sol Herzig,kwIafh4BWSKUjOUvRcsP,50.00,2025-03-21,New Invoice,134761,2025-03-21,None,54404,2025-03-18,None,,Delete
29702,Sol Herzig,kwIafh4BWSKUjOUvRcsP,50.00,2025-03-21,New Invoice,134761,2025-03-21,None,132646,2025-12-09,None,,Delete
32063,Robert Kaufman,QTbtycs0mUUEvv8XTPZh,50.00,2025-03-21,New Invoice,134762,2025-03-21,None,69221,2025-03-18,None,,Delete
32063,Robert Kaufman,QTbtycs0mUUEvv8XTPZh,50.00,2025-03-21,New Invoice,134762,2025-03-21,None,99437,2025-08-07,CF25,254,Transfer campaign then delete
32063,Robert Kaufman,QTbtycs0mUUEvv8XTPZh,50.00,2025-03-21,New Invoice,134762,2025-03-21,None,132534,2025-11-17,RH25,475,Delete
32063,Robert Kaufman,QTbtycs0mUUEvv8XTPZh,50.00,2025-03-21,New Invoice,134762,2025-03-21,None,132748,2025-11-26,None,,Delete
32063,Robert Kaufman,QTbtycs0mUUEvv8XTPZh,50.00,2025-03-21,New Invoice,134762,2025-03-21,None,133723,2025-08-12,None,,Delete
32063,Robert Kaufman,QTbtycs0mUUEvv8XTPZh,50.00,2025-03-21,New Invoice,134762,2025-03-21,None,134197,2025-05-06,None,,Delete
25258,David Hornung,9tvzmJ8IFvZNptsnzjCG,18.00,2025-03-21,New Invoice,134763,2025-03-21,None,26226,2025-03-18,None,,Delete
25258,David Hornung,9tvzmJ8IFvZNptsnzjCG,18.00,2025-03-21,New Invoice,134763,2025-03-21,None,101397,2025-10-02,RH25,475,Transfer campaign then delete
25258,David Hornung,9tvzmJ8IFvZNptsnzjCG,18.00,2025-03-21,New Invoice,134763,2025-03-21,None,136121,2025-10-17,New Invoice,946,Delete
25258,David Hornung,9tvzmJ8IFvZNptsnzjCG,18.00,2025-03-21,New Invoice,134763,2025-03-21,None,136323,2025-05-06,New Invoice,946,Delete
39418,Yudie Fogel,w804lBjJd9SWPDH6cqsG,18.00,2025-03-21,New Invoice,134764,2025-03-21,462,102342,2025-03-18,GD25,462,Delete
28102,Trudy Horowitz,Gz1vsWJWQPksAIuN9jAc,36.00,2025-03-21,New Invoice,134765,2025-03-21,None,43902,2025-03-18,None,,Delete
24502,Jacob Dyckman,68rLa7LFpM7WcUDBNPSa,120.00,2025-03-21,New Invoice,136469,2025-03-21,946,21313,2025-03-18,None,,Delete
29340,Israel Sherman,k0wBxznsW2sNraVY4Uru,1500.00,2025-03-21,New Invoice,134768,2025-03-21,None,51777,2025-03-18,None,,Delete
29574,Patrick Clark,kmZHJ2LdWgy6SHFKEZnH,240.00,2025-03-21,New Invoice,134769,2025-03-21,None,99946,2025-03-18,GD25,462,Transfer campaign then delete
29574,Patrick Clark,kmZHJ2LdWgy6SHFKEZnH,100.00,2025-03-21,New Invoice,134770,2025-03-21,None,104378,2025-01-10,None,,Delete
29574,Patrick Clark,kmZHJ2LdWgy6SHFKEZnH,100.00,2025-03-21,New Invoice,134770,2025-03-21,None,99947,2025-03-18,GD25,462,Transfer campaign then delete
29574,Patrick Clark,kmZHJ2LdWgy6SHFKEZnH,100.00,2025-03-21,New Invoice,134770,2025-03-21,None,100005,2025-02-24,GD25,462,Transfer campaign then delete
29574,Patrick Clark,kmZHJ2LdWgy6SHFKEZnH,100.00,2025-03-21,New Invoice,134770,2025-03-21,None,100711,2025-06-25,Recurring,472,Delete
29574,Patrick Clark,kmZHJ2LdWgy6SHFKEZnH,100.00,2025-03-21,New Invoice,134770,2025-03-21,None,101615,2025-08-18,RMKSPL25,477,Delete
29574,Patrick Clark,kmZHJ2LdWgy6SHFKEZnH,100.00,2025-03-21,New Invoice,134770,2025-03-21,None,101617,2025-07-17,RMKSPL25,477,Delete
29574,Patrick Clark,kmZHJ2LdWgy6SHFKEZnH,100.00,2025-03-21,New Invoice,134770,2025-03-21,None,133658,2025-08-25,None,,Delete
29574,Patrick Clark,kmZHJ2LdWgy6SHFKEZnH,100.00,2025-03-21,New Invoice,134770,2025-03-21,None,133809,2025-08-05,None,,Delete
29574,Patrick Clark,kmZHJ2LdWgy6SHFKEZnH,100.00,2025-03-21,New Invoice,134770,2025-03-21,None,133958,2025-07-02,None,,Delete
29574,Patrick Clark,kmZHJ2LdWgy6SHFKEZnH,100.00,2025-03-21,New Invoice,134770,2025-03-21,None,134134,2025-05-21,None,,Delete
29574,Patrick Clark,kmZHJ2LdWgy6SHFKEZnH,100.00,2025-03-21,New Invoice,134770,2025-03-21,None,134338,2025-04-15,None,,Delete
29574,Patrick Clark,kmZHJ2LdWgy6SHFKEZnH,100.00,2025-03-21,New Invoice,134770,2025-03-21,None,134874,2025-03-04,None,,Delete
27200,Ted Wachtel,eSpNX0sGBaPf9BC80M5O,1.00,2025-03-21,New Invoice,134772,2025-03-21,None,38070,2025-04-07,None,,Delete
27200,Ted Wachtel,eSpNX0sGBaPf9BC80M5O,1.00,2025-03-21,New Invoice,134772,2025-03-21,None,99949,2025-03-18,GD25,462,Transfer campaign then delete
27200,Ted Wachtel,eSpNX0sGBaPf9BC80M5O,1.00,2025-03-21,New Invoice,134772,2025-03-21,None,101302,2025-10-05,RH25,475,Delete
27200,Ted Wachtel,eSpNX0sGBaPf9BC80M5O,1.00,2025-03-21,New Invoice,134772,2025-03-21,None,133018,2025-10-20,None,,Delete
27200,Ted Wachtel,eSpNX0sGBaPf9BC80M5O,1.00,2025-03-21,New Invoice,134772,2025-03-21,None,134533,2025-04-14,None,,Delete
32749,Ros Dimenstein,skrEWFRlOEunzQUaqLFS,5000.00,2025-03-21,New Invoice,134777,2025-03-21,None,73573,2025-03-13,None,,Delete
26532,Stephen Brandt,D2sJk0QXJo819gH7ELn7,18.00,2025-03-19,Thanksgiving ,134780,2025-03-19,None,132618,2025-12-16,None,,Delete
26532,Stephen Brandt,D2sJk0QXJo819gH7ELn7,18.00,2025-03-19,Thanksgiving ,134780,2025-03-19,None,134896,2025-02-18,None,,Delete
52429,Unknown,G13Zi1gEj4mYuhw46hk2,1.00,2025-03-18,New Donation Form(Givebutter Inspo),134782,2025-03-18,None,133905,2025-07-17,None,,Delete
52429,Unknown,G13Zi1gEj4mYuhw46hk2,1.00,2025-03-18,New Donation Form(Givebutter Inspo),134782,2025-03-18,None,134099,2025-05-29,None,,Delete
52429,Unknown,G13Zi1gEj4mYuhw46hk2,1.00,2025-03-18,New Donation Form(Givebutter Inspo),134782,2025-03-18,None,134130,2025-05-22,None,,Delete
52429,Unknown,G13Zi1gEj4mYuhw46hk2,1.00,2025-03-18,New Donation Form(Givebutter Inspo),134782,2025-03-18,None,134895,2025-02-19,None,,Delete
52429,Unknown,G13Zi1gEj4mYuhw46hk2,1.00,2025-03-18,New Donation Form(Givebutter Inspo),134782,2025-03-18,None,134904,2025-02-13,None,,Delete
52429,Unknown,G13Zi1gEj4mYuhw46hk2,1.00,2025-03-18,New Donation Form(Givebutter Inspo),134782,2025-03-18,None,133905,2025-07-17,None,,Delete
52429,Unknown,G13Zi1gEj4mYuhw46hk2,1.00,2025-03-18,New Donation Form(Givebutter Inspo),134782,2025-03-18,None,134099,2025-05-29,None,,Delete
52429,Unknown,G13Zi1gEj4mYuhw46hk2,1.00,2025-03-18,New Donation Form(Givebutter Inspo),134782,2025-03-18,None,134130,2025-05-22,None,,Delete
52429,Unknown,G13Zi1gEj4mYuhw46hk2,1.00,2025-03-18,New Donation Form(Givebutter Inspo),134782,2025-03-18,None,134895,2025-02-19,None,,Delete
52429,Unknown,G13Zi1gEj4mYuhw46hk2,1.00,2025-03-18,New Donation Form(Givebutter Inspo),134782,2025-03-18,None,134904,2025-02-13,None,,Delete
52429,Unknown,G13Zi1gEj4mYuhw46hk2,1.00,2025-03-17,New Donation Form(Givebutter Inspo),134782,2025-03-18,None,133905,2025-07-17,None,,Delete
52429,Unknown,G13Zi1gEj4mYuhw46hk2,1.00,2025-03-17,New Donation Form(Givebutter Inspo),134782,2025-03-18,None,134099,2025-05-29,None,,Delete
52429,Unknown,G13Zi1gEj4mYuhw46hk2,1.00,2025-03-17,New Donation Form(Givebutter Inspo),134782,2025-03-18,None,134130,2025-05-22,None,,Delete
52429,Unknown,G13Zi1gEj4mYuhw46hk2,1.00,2025-03-17,New Donation Form(Givebutter Inspo),134782,2025-03-18,None,134895,2025-02-19,None,,Delete
52429,Unknown,G13Zi1gEj4mYuhw46hk2,1.00,2025-03-17,New Donation Form(Givebutter Inspo),134782,2025-03-18,None,134904,2025-02-13,None,,Delete
52429,Unknown,G13Zi1gEj4mYuhw46hk2,1.00,2025-03-17,New Donation Form(Givebutter Inspo),134782,2025-03-18,None,133905,2025-07-17,None,,Delete
52429,Unknown,G13Zi1gEj4mYuhw46hk2,1.00,2025-03-17,New Donation Form(Givebutter Inspo),134782,2025-03-18,None,134099,2025-05-29,None,,Delete
52429,Unknown,G13Zi1gEj4mYuhw46hk2,1.00,2025-03-17,New Donation Form(Givebutter Inspo),134782,2025-03-18,None,134130,2025-05-22,None,,Delete
52429,Unknown,G13Zi1gEj4mYuhw46hk2,1.00,2025-03-17,New Donation Form(Givebutter Inspo),134782,2025-03-18,None,134895,2025-02-19,None,,Delete
52429,Unknown,G13Zi1gEj4mYuhw46hk2,1.00,2025-03-17,New Donation Form(Givebutter Inspo),134782,2025-03-18,None,134904,2025-02-13,None,,Delete
52429,Unknown,G13Zi1gEj4mYuhw46hk2,1.00,2025-03-17,New Donation Form(Givebutter Inspo),134782,2025-03-18,None,133905,2025-07-17,None,,Delete
52429,Unknown,G13Zi1gEj4mYuhw46hk2,1.00,2025-03-17,New Donation Form(Givebutter Inspo),134782,2025-03-18,None,134099,2025-05-29,None,,Delete
52429,Unknown,G13Zi1gEj4mYuhw46hk2,1.00,2025-03-17,New Donation Form(Givebutter Inspo),134782,2025-03-18,None,134130,2025-05-22,None,,Delete
52429,Unknown,G13Zi1gEj4mYuhw46hk2,1.00,2025-03-17,New Donation Form(Givebutter Inspo),134782,2025-03-18,None,134895,2025-02-19,None,,Delete
52429,Unknown,G13Zi1gEj4mYuhw46hk2,1.00,2025-03-17,New Donation Form(Givebutter Inspo),134782,2025-03-18,None,134904,2025-02-13,None,,Delete
52429,Unknown,G13Zi1gEj4mYuhw46hk2,1.00,2025-03-17,New Donation Form(Givebutter Inspo),134782,2025-03-18,None,133905,2025-07-17,None,,Delete
52429,Unknown,G13Zi1gEj4mYuhw46hk2,1.00,2025-03-17,New Donation Form(Givebutter Inspo),134782,2025-03-18,None,134099,2025-05-29,None,,Delete
52429,Unknown,G13Zi1gEj4mYuhw46hk2,1.00,2025-03-17,New Donation Form(Givebutter Inspo),134782,2025-03-18,None,134130,2025-05-22,None,,Delete
52429,Unknown,G13Zi1gEj4mYuhw46hk2,1.00,2025-03-17,New Donation Form(Givebutter Inspo),134782,2025-03-18,None,134895,2025-02-19,None,,Delete
52429,Unknown,G13Zi1gEj4mYuhw46hk2,1.00,2025-03-17,New Donation Form(Givebutter Inspo),134782,2025-03-18,None,134904,2025-02-13,None,,Delete
31102,Dr. & Mrs. Pierce Neuman,OGuja4PiRQZkQRmjYKgs,36.00,2025-03-13,New Invoice,134798,2025-03-13,None,132893,2025-10-23,None,,Delete
31102,Dr. & Mrs. Pierce Neuman,OGuja4PiRQZkQRmjYKgs,36.00,2025-03-13,New Invoice,134798,2025-03-13,None,134295,2025-04-25,None,,Delete
31102,Dr. & Mrs. Pierce Neuman,OGuja4PiRQZkQRmjYKgs,36.00,2025-03-13,New Invoice,134798,2025-03-13,None,134871,2025-03-04,None,,Delete
29340,Israel Sherman,k0wBxznsW2sNraVY4Uru,200.00,2025-03-13,New Invoice,134799,2025-03-13,None,51774,2025-06-10,None,,Delete
29340,Israel Sherman,k0wBxznsW2sNraVY4Uru,200.00,2025-03-13,New Invoice,134799,2025-03-13,None,51776,2025-04-07,None,,Delete
29340,Israel Sherman,k0wBxznsW2sNraVY4Uru,200.00,2025-03-13,New Invoice,134799,2025-03-13,None,51779,2025-01-13,None,,Delete
29340,Israel Sherman,k0wBxznsW2sNraVY4Uru,200.00,2025-03-13,New Invoice,134799,2025-03-13,None,100611,2025-11-06,Recurring,472,Transfer campaign then delete
29340,Israel Sherman,k0wBxznsW2sNraVY4Uru,200.00,2025-03-13,New Invoice,134799,2025-03-13,None,100632,2025-10-15,Recurring,472,Transfer campaign then delete
29340,Israel Sherman,k0wBxznsW2sNraVY4Uru,200.00,2025-03-13,New Invoice,134799,2025-03-13,None,100651,2025-09-09,Recurring,472,Transfer campaign then delete
29340,Israel Sherman,k0wBxznsW2sNraVY4Uru,200.00,2025-03-13,New Invoice,134799,2025-03-13,None,100683,2025-08-07,Recurring,472,Transfer campaign then delete
29340,Israel Sherman,k0wBxznsW2sNraVY4Uru,200.00,2025-03-13,New Invoice,134799,2025-03-13,None,100691,2025-07-08,Recurring,472,Transfer campaign then delete
29340,Israel Sherman,k0wBxznsW2sNraVY4Uru,200.00,2025-03-13,New Invoice,134799,2025-03-13,None,132650,2025-12-09,None,,Delete
29340,Israel Sherman,k0wBxznsW2sNraVY4Uru,200.00,2025-03-13,New Invoice,134799,2025-03-13,None,132795,2025-11-10,None,,Delete
29340,Israel Sherman,k0wBxznsW2sNraVY4Uru,200.00,2025-03-13,New Invoice,134799,2025-03-13,None,132941,2025-10-20,None,,Delete
29340,Israel Sherman,k0wBxznsW2sNraVY4Uru,200.00,2025-03-13,New Invoice,134799,2025-03-13,None,133599,2025-09-17,None,,Delete
29340,Israel Sherman,k0wBxznsW2sNraVY4Uru,200.00,2025-03-13,New Invoice,134799,2025-03-13,None,133722,2025-08-12,None,,Delete
29340,Israel Sherman,k0wBxznsW2sNraVY4Uru,200.00,2025-03-13,New Invoice,134799,2025-03-13,None,133868,2025-07-24,None,,Delete
29340,Israel Sherman,k0wBxznsW2sNraVY4Uru,200.00,2025-03-13,New Invoice,134799,2025-03-13,None,134040,2025-06-13,None,,Delete
29340,Israel Sherman,k0wBxznsW2sNraVY4Uru,200.00,2025-03-13,New Invoice,134799,2025-03-13,None,134192,2025-05-06,None,,Delete
29340,Israel Sherman,k0wBxznsW2sNraVY4Uru,200.00,2025-03-13,New Invoice,134799,2025-03-13,None,134403,2025-04-15,None,,Delete
52156,Norman Linzer,3HE72vxO5y8e97EB7jH2,100.00,2025-03-13,New Invoice,134801,2025-03-13,None,132736,2025-12-01,None,,Delete
52156,Norman Linzer,3HE72vxO5y8e97EB7jH2,100.00,2025-03-13,New Invoice,134801,2025-03-13,None,132847,2025-11-01,None,,Delete
52156,Norman Linzer,3HE72vxO5y8e97EB7jH2,100.00,2025-03-13,New Invoice,134801,2025-03-13,None,133353,2025-10-01,None,,Delete
52156,Norman Linzer,3HE72vxO5y8e97EB7jH2,100.00,2025-03-13,New Invoice,134801,2025-03-13,None,133652,2025-09-01,None,,Delete
52156,Norman Linzer,3HE72vxO5y8e97EB7jH2,100.00,2025-03-13,New Invoice,134801,2025-03-13,None,133831,2025-08-01,None,,Delete
52156,Norman Linzer,3HE72vxO5y8e97EB7jH2,100.00,2025-03-13,New Invoice,134801,2025-03-13,None,134047,2025-06-13,None,,Delete
52156,Norman Linzer,3HE72vxO5y8e97EB7jH2,100.00,2025-03-13,New Invoice,134801,2025-03-13,None,134163,2025-05-14,None,,Delete
52156,Norman Linzer,3HE72vxO5y8e97EB7jH2,100.00,2025-03-13,New Invoice,134801,2025-03-13,None,134559,2025-04-14,None,,Delete
35419,Harvey Akerman,zFsz5TXkvpVVNEAMVmlL,100.00,2025-03-12,New Invoice,136475,2025-03-12,946,90613,2025-03-09,None,,Delete
35168,Jack Spiro,Yr0vqBw3XwFhnYiiJolE,10.00,2025-03-12,New Invoice,136476,2025-03-12,946,88864,2025-03-09,None,,Delete
24661,Chaim Weiss,6WOuIKpgMd0ugboLZ5ZB,2.00,2025-03-12,New Invoice,136478,2025-03-12,946,22514,2025-03-09,None,,Delete
24661,Chaim Weiss,6WOuIKpgMd0ugboLZ5ZB,2.00,2025-03-12,New Invoice,136478,2025-03-12,946,100517,2025-04-07,Maos Chitim 2025,470,Delete
24661,Chaim Weiss,6WOuIKpgMd0ugboLZ5ZB,2.00,2025-03-12,New Invoice,136478,2025-03-12,946,136411,2025-04-14,New Invoice,946,Delete
25418,Eliezer Goldstein,AebsGdnEzii1h59wDGXd,5.00,2025-03-12,New Invoice,136479,2025-03-12,946,27226,2025-03-09,None,,Delete
25418,Eliezer Goldstein,AebsGdnEzii1h59wDGXd,5.00,2025-03-12,New Invoice,136479,2025-03-12,946,135932,2025-12-29,CH25,855,Delete
25418,Eliezer Goldstein,AebsGdnEzii1h59wDGXd,5.00,2025-03-12,New Invoice,136479,2025-03-12,946,132733,2025-12-01,None,,Delete
28006,Steven Trenk,GRsguwaXgXvCehGOWRa2,25.00,2025-03-12,New Invoice,134818,2025-03-12,None,43112,2025-06-08,None,,Delete
28006,Steven Trenk,GRsguwaXgXvCehGOWRa2,25.00,2025-03-12,New Invoice,134818,2025-03-12,None,43115,2025-03-09,None,,Delete
28006,Steven Trenk,GRsguwaXgXvCehGOWRa2,25.00,2025-03-12,New Invoice,134818,2025-03-12,None,43116,2025-02-06,None,,Delete
28006,Steven Trenk,GRsguwaXgXvCehGOWRa2,25.00,2025-03-12,New Invoice,134818,2025-03-12,None,43117,2025-01-02,None,,Delete
28006,Steven Trenk,GRsguwaXgXvCehGOWRa2,25.00,2025-03-12,New Invoice,134818,2025-03-12,None,100527,2025-04-07,Maos Chitim 2025,470,Transfer campaign then delete
28006,Steven Trenk,GRsguwaXgXvCehGOWRa2,25.00,2025-03-12,New Invoice,134818,2025-03-12,None,100612,2025-11-06,Recurring,472,Delete
28006,Steven Trenk,GRsguwaXgXvCehGOWRa2,25.00,2025-03-12,New Invoice,134818,2025-03-12,None,100631,2025-10-15,Recurring,472,Delete
28006,Steven Trenk,GRsguwaXgXvCehGOWRa2,25.00,2025-03-12,New Invoice,134818,2025-03-12,None,100650,2025-09-09,Recurring,472,Delete
28006,Steven Trenk,GRsguwaXgXvCehGOWRa2,25.00,2025-03-12,New Invoice,134818,2025-03-12,None,100682,2025-08-07,Recurring,472,Delete
28006,Steven Trenk,GRsguwaXgXvCehGOWRa2,25.00,2025-03-12,New Invoice,134818,2025-03-12,None,100690,2025-07-08,Recurring,472,Delete
28006,Steven Trenk,GRsguwaXgXvCehGOWRa2,25.00,2025-03-12,New Invoice,134818,2025-03-12,None,132566,2025-12-11,Monthly,854,Delete
28006,Steven Trenk,GRsguwaXgXvCehGOWRa2,25.00,2025-03-12,New Invoice,134818,2025-03-12,None,132796,2025-11-10,None,,Delete
28006,Steven Trenk,GRsguwaXgXvCehGOWRa2,25.00,2025-03-12,New Invoice,134818,2025-03-12,None,132939,2025-10-20,None,,Delete
28006,Steven Trenk,GRsguwaXgXvCehGOWRa2,25.00,2025-03-12,New Invoice,134818,2025-03-12,None,133598,2025-09-17,None,,Delete
28006,Steven Trenk,GRsguwaXgXvCehGOWRa2,25.00,2025-03-12,New Invoice,134818,2025-03-12,None,133721,2025-08-12,None,,Delete
28006,Steven Trenk,GRsguwaXgXvCehGOWRa2,25.00,2025-03-12,New Invoice,134818,2025-03-12,None,133865,2025-07-24,None,,Delete
28006,Steven Trenk,GRsguwaXgXvCehGOWRa2,25.00,2025-03-12,New Invoice,134818,2025-03-12,None,134055,2025-06-13,None,,Delete
28006,Steven Trenk,GRsguwaXgXvCehGOWRa2,25.00,2025-03-12,New Invoice,134818,2025-03-12,None,134158,2025-05-14,None,,Delete
28006,Steven Trenk,GRsguwaXgXvCehGOWRa2,25.00,2025-03-12,New Invoice,134818,2025-03-12,None,134529,2025-04-14,None,,Delete
23774,Morris Heisler,2qYZNCDTs78IVSWYxUxf,10.00,2025-03-12,New Invoice,134820,2025-03-12,None,16875,2025-04-27,None,,Delete
23774,Morris Heisler,2qYZNCDTs78IVSWYxUxf,10.00,2025-03-12,New Invoice,134820,2025-03-12,None,16876,2025-03-09,None,,Delete
23774,Morris Heisler,2qYZNCDTs78IVSWYxUxf,10.00,2025-03-12,New Invoice,134820,2025-03-12,None,135931,2025-12-29,RH25,475,Transfer campaign then delete
23774,Morris Heisler,2qYZNCDTs78IVSWYxUxf,10.00,2025-03-12,New Invoice,134820,2025-03-12,None,134252,2025-05-05,None,,Delete
23774,Morris Heisler,2qYZNCDTs78IVSWYxUxf,10.00,2025-03-12,New Invoice,134820,2025-03-12,None,135485,2025-12-24,RH25,475,Transfer campaign then delete
24965,Morris Bailey,8jgDcgpNBl1pIaYIsZDA,5200.00,2025-03-12,New Invoice,134826,2025-03-12,None,24563,2025-03-04,None,,Delete
39374,Howard Nass,SvDmg4IIAGNF1gmYktZ1,10.00,2025-03-12,New Invoice,136481,2025-03-12,946,102377,2025-03-04,GD25,462,Delete
30436,Solomon Pfeiffer,msp172TB95TqkbUtznHN,18.00,2025-03-12,New Invoice,134828,2025-03-12,None,58905,2025-03-04,None,,Delete
25673,Mr. & Mrs. Robert Goldberg,AWdEVYu429hXyyyORc57,50.00,2025-03-12,New Invoice,134830,2025-03-12,None,99980,2025-03-04,GD25,462,Transfer campaign then delete
32563,yaakov skulnick,S0rCXOcieJilkdG5EZm9,5.00,2025-03-12,New Invoice,134833,2025-03-12,None,99983,2025-03-04,GD25,462,Transfer campaign then delete
31937,Mr. & Mrs. Norman Schmutter,qJW9xz4h2CtyWHuk4Nh9,1800.00,2025-03-12,New Invoice,134834,2025-03-12,None,99376,2025-09-01,Bergen25,458,Transfer campaign then delete
31937,Mr. & Mrs. Norman Schmutter,qJW9xz4h2CtyWHuk4Nh9,1800.00,2025-03-12,New Invoice,134834,2025-03-12,None,99387,2025-09-30,Bergen25,458,Transfer campaign then delete
31937,Mr. & Mrs. Norman Schmutter,qJW9xz4h2CtyWHuk4Nh9,1800.00,2025-03-12,New Invoice,134834,2025-03-12,None,99418,2025-07-29,CF25,254,Delete
31937,Mr. & Mrs. Norman Schmutter,qJW9xz4h2CtyWHuk4Nh9,1800.00,2025-03-12,New Invoice,134834,2025-03-12,None,99835,2025-05-29,GD25,462,Delete
31937,Mr. & Mrs. Norman Schmutter,qJW9xz4h2CtyWHuk4Nh9,1800.00,2025-03-12,New Invoice,134834,2025-03-12,None,99836,2025-04-29,GD25,462,Delete
31937,Mr. & Mrs. Norman Schmutter,qJW9xz4h2CtyWHuk4Nh9,1800.00,2025-03-12,New Invoice,134834,2025-03-12,None,99871,2025-03-31,GD25,462,Delete
31937,Mr. & Mrs. Norman Schmutter,qJW9xz4h2CtyWHuk4Nh9,1800.00,2025-03-12,New Invoice,134834,2025-03-12,None,99992,2025-02-25,GD25,462,Delete
31937,Mr. & Mrs. Norman Schmutter,qJW9xz4h2CtyWHuk4Nh9,1800.00,2025-03-12,New Invoice,134834,2025-03-12,None,132678,2025-12-03,None,,Delete
31937,Mr. & Mrs. Norman Schmutter,qJW9xz4h2CtyWHuk4Nh9,1800.00,2025-03-12,New Invoice,134834,2025-03-12,None,132864,2025-10-31,None,,Delete
31937,Mr. & Mrs. Norman Schmutter,qJW9xz4h2CtyWHuk4Nh9,1800.00,2025-03-12,New Invoice,134834,2025-03-12,None,133281,2025-10-05,None,,Delete
31937,Mr. & Mrs. Norman Schmutter,qJW9xz4h2CtyWHuk4Nh9,1800.00,2025-03-12,New Invoice,134834,2025-03-12,None,133642,2025-09-09,None,,Delete
31937,Mr. & Mrs. Norman Schmutter,qJW9xz4h2CtyWHuk4Nh9,1800.00,2025-03-12,New Invoice,134834,2025-03-12,None,133750,2025-08-12,None,,Delete
31937,Mr. & Mrs. Norman Schmutter,qJW9xz4h2CtyWHuk4Nh9,1800.00,2025-03-12,New Invoice,134834,2025-03-12,None,133943,2025-07-02,None,,Delete
31937,Mr. & Mrs. Norman Schmutter,qJW9xz4h2CtyWHuk4Nh9,1800.00,2025-03-12,New Invoice,134834,2025-03-12,None,134093,2025-06-04,None,,Delete
31937,Mr. & Mrs. Norman Schmutter,qJW9xz4h2CtyWHuk4Nh9,1800.00,2025-03-12,New Invoice,134834,2025-03-12,None,134239,2025-05-05,None,,Delete
31937,Mr. & Mrs. Norman Schmutter,qJW9xz4h2CtyWHuk4Nh9,1800.00,2025-03-12,New Invoice,134834,2025-03-12,None,134627,2025-04-09,None,,Delete
31937,Mr. & Mrs. Norman Schmutter,qJW9xz4h2CtyWHuk4Nh9,1800.00,2025-03-12,New Invoice,134834,2025-03-12,None,134861,2025-03-04,None,,Delete
32692,N Rice,sFRsDAgiWHpWdWgD7fKc,110.00,2025-03-04,New Invoice,134856,2025-03-04,None,73146,2025-02-27,None,,Delete
30467,Robert Geller,mupUi8958JHDsDKAtBm7,36.00,2025-03-04,New Invoice,134857,2025-03-04,None,59155,2025-02-27,None,,Delete
33903,Jacob Schon,VJiu9TxIMrY1BqzixWf6,10.00,2025-03-04,New Invoice,136486,2025-03-04,946,81181,2025-02-27,None,,Delete
33903,Jacob Schon,VJiu9TxIMrY1BqzixWf6,10.00,2025-03-04,New Invoice,136486,2025-03-04,946,81182,2025-01-08,None,,Delete
33903,Jacob Schon,VJiu9TxIMrY1BqzixWf6,10.00,2025-03-04,New Invoice,136486,2025-03-04,946,100206,2025-10-02,Maos Chitim 2025,470,Delete
33903,Jacob Schon,VJiu9TxIMrY1BqzixWf6,10.00,2025-03-04,New Invoice,136486,2025-03-04,946,136059,2025-10-20,New Invoice,946,Delete
33903,Jacob Schon,VJiu9TxIMrY1BqzixWf6,10.00,2025-03-04,New Invoice,136486,2025-03-04,946,133136,2025-10-17,None,,Delete
29506,Barbara Kapelman,KHVZuPtMcI8lDMgZscD8,1000.00,2025-03-04,New Invoice,136487,2025-03-04,946,52919,2025-02-27,None,,Delete
35355,David Prosnitz,zAiZiVZRrMPtR1gD1Yhg,50.00,2025-03-04,New Invoice,136488,2025-03-04,946,90142,2025-02-27,None,,Delete
31937,Mr. & Mrs. Norman Schmutter,qJW9xz4h2CtyWHuk4Nh9,1800.00,2025-03-04,New Invoice,134861,2025-03-04,None,99376,2025-09-01,Bergen25,458,Transfer campaign then delete
31937,Mr. & Mrs. Norman Schmutter,qJW9xz4h2CtyWHuk4Nh9,1800.00,2025-03-04,New Invoice,134861,2025-03-04,None,99387,2025-09-30,Bergen25,458,Transfer campaign then delete
31937,Mr. & Mrs. Norman Schmutter,qJW9xz4h2CtyWHuk4Nh9,1800.00,2025-03-04,New Invoice,134861,2025-03-04,None,99418,2025-07-29,CF25,254,Delete
31937,Mr. & Mrs. Norman Schmutter,qJW9xz4h2CtyWHuk4Nh9,1800.00,2025-03-04,New Invoice,134861,2025-03-04,None,99835,2025-05-29,GD25,462,Delete
31937,Mr. & Mrs. Norman Schmutter,qJW9xz4h2CtyWHuk4Nh9,1800.00,2025-03-04,New Invoice,134861,2025-03-04,None,99836,2025-04-29,GD25,462,Delete
31937,Mr. & Mrs. Norman Schmutter,qJW9xz4h2CtyWHuk4Nh9,1800.00,2025-03-04,New Invoice,134861,2025-03-04,None,99871,2025-03-31,GD25,462,Delete
31937,Mr. & Mrs. Norman Schmutter,qJW9xz4h2CtyWHuk4Nh9,1800.00,2025-03-04,New Invoice,134861,2025-03-04,None,99992,2025-02-25,GD25,462,Delete
31937,Mr. & Mrs. Norman Schmutter,qJW9xz4h2CtyWHuk4Nh9,1800.00,2025-03-04,New Invoice,134861,2025-03-04,None,132678,2025-12-03,None,,Delete
31937,Mr. & Mrs. Norman Schmutter,qJW9xz4h2CtyWHuk4Nh9,1800.00,2025-03-04,New Invoice,134861,2025-03-04,None,132864,2025-10-31,None,,Delete
31937,Mr. & Mrs. Norman Schmutter,qJW9xz4h2CtyWHuk4Nh9,1800.00,2025-03-04,New Invoice,134861,2025-03-04,None,133281,2025-10-05,None,,Delete
31937,Mr. & Mrs. Norman Schmutter,qJW9xz4h2CtyWHuk4Nh9,1800.00,2025-03-04,New Invoice,134861,2025-03-04,None,133642,2025-09-09,None,,Delete
31937,Mr. & Mrs. Norman Schmutter,qJW9xz4h2CtyWHuk4Nh9,1800.00,2025-03-04,New Invoice,134861,2025-03-04,None,133750,2025-08-12,None,,Delete
31937,Mr. & Mrs. Norman Schmutter,qJW9xz4h2CtyWHuk4Nh9,1800.00,2025-03-04,New Invoice,134861,2025-03-04,None,133943,2025-07-02,None,,Delete
31937,Mr. & Mrs. Norman Schmutter,qJW9xz4h2CtyWHuk4Nh9,1800.00,2025-03-04,New Invoice,134861,2025-03-04,None,134093,2025-06-04,None,,Delete
31937,Mr. & Mrs. Norman Schmutter,qJW9xz4h2CtyWHuk4Nh9,1800.00,2025-03-04,New Invoice,134861,2025-03-04,None,134239,2025-05-05,None,,Delete
31937,Mr. & Mrs. Norman Schmutter,qJW9xz4h2CtyWHuk4Nh9,1800.00,2025-03-04,New Invoice,134861,2025-03-04,None,134627,2025-04-09,None,,Delete
31937,Mr. & Mrs. Norman Schmutter,qJW9xz4h2CtyWHuk4Nh9,1800.00,2025-03-04,New Invoice,134861,2025-03-04,None,134834,2025-03-12,None,,Delete
24585,Lewis Abrams,6ncOk65spfiubrHFjyzA,1000.00,2025-03-04,New Invoice,134862,2025-03-04,None,22042,2025-02-24,None,,Delete
24710,Evan Krisch,n7rlU8Wfy3x2upQZAA3i,150.00,2025-03-04,New Invoice,134864,2025-03-04,None,22837,2025-04-20,None,,Delete
24710,Evan Krisch,n7rlU8Wfy3x2upQZAA3i,150.00,2025-03-04,New Invoice,134864,2025-03-04,None,22839,2025-02-24,None,,Delete
24710,Evan Krisch,n7rlU8Wfy3x2upQZAA3i,150.00,2025-03-04,New Invoice,134864,2025-03-04,None,22840,2025-01-16,None,,Delete
24710,Evan Krisch,n7rlU8Wfy3x2upQZAA3i,150.00,2025-03-04,New Invoice,134864,2025-03-04,None,100643,2025-09-23,Recurring,472,Transfer campaign then delete
24710,Evan Krisch,n7rlU8Wfy3x2upQZAA3i,150.00,2025-03-04,New Invoice,134864,2025-03-04,None,100663,2025-09-04,Recurring,472,Transfer campaign then delete
24710,Evan Krisch,n7rlU8Wfy3x2upQZAA3i,150.00,2025-03-04,New Invoice,134864,2025-03-04,None,100686,2025-07-29,Recurring,472,Transfer campaign then delete
24710,Evan Krisch,n7rlU8Wfy3x2upQZAA3i,150.00,2025-03-04,New Invoice,134864,2025-03-04,None,135882,2025-12-26,CH25,855,Delete
24710,Evan Krisch,n7rlU8Wfy3x2upQZAA3i,150.00,2025-03-04,New Invoice,134864,2025-03-04,None,132671,2025-12-03,None,,Delete
24710,Evan Krisch,n7rlU8Wfy3x2upQZAA3i,150.00,2025-03-04,New Invoice,134864,2025-03-04,None,132896,2025-10-23,None,,Delete
24710,Evan Krisch,n7rlU8Wfy3x2upQZAA3i,150.00,2025-03-04,New Invoice,134864,2025-03-04,None,133433,2025-09-30,None,,Delete
24710,Evan Krisch,n7rlU8Wfy3x2upQZAA3i,150.00,2025-03-04,New Invoice,134864,2025-03-04,None,133636,2025-09-09,None,,Delete
24710,Evan Krisch,n7rlU8Wfy3x2upQZAA3i,150.00,2025-03-04,New Invoice,134864,2025-03-04,None,133739,2025-08-12,None,,Delete
24710,Evan Krisch,n7rlU8Wfy3x2upQZAA3i,150.00,2025-03-04,New Invoice,134864,2025-03-04,None,134122,2025-05-23,None,,Delete
24710,Evan Krisch,n7rlU8Wfy3x2upQZAA3i,150.00,2025-03-04,New Invoice,134864,2025-03-04,None,134311,2025-04-25,None,,Delete
24710,Evan Krisch,n7rlU8Wfy3x2upQZAA3i,150.00,2025-03-04,New Invoice,134864,2025-03-04,None,134734,2025-03-26,None,,Delete
24710,Evan Krisch,n7rlU8Wfy3x2upQZAA3i,150.00,2025-03-04,New Invoice,134864,2025-03-04,None,136289,2025-07-02,New Invoice,946,Delete
30593,Mr. & Mrs. Pinkus Schorr,n7k2QnCCxMpx87UjhHGD,100.00,2025-03-04,New Invoice,134865,2025-03-04,None,99996,2025-02-24,GD25,462,Transfer campaign then delete
25692,Lucy Mazany,ayGama35eAQ18G3yKS00,25.00,2025-03-04,New Invoice,134867,2025-03-04,None,28812,2025-02-24,None,,Delete
23306,Shlomo Caplan,0I4GUZHOgTo9UsHxyfEZ,25.00,2025-03-04,New Invoice,134868,2025-03-04,None,14232,2025-02-24,None,,Delete
31083,Lester Weiden,ofvZjM3ohXV85SekwMKz,10.00,2025-03-04,New Invoice,134870,2025-03-04,None,86965,2025-04-07,None,,Delete
31083,Lester Weiden,ofvZjM3ohXV85SekwMKz,10.00,2025-03-04,New Invoice,134870,2025-03-04,None,101418,2025-10-02,RH25,475,Transfer campaign then delete
31083,Lester Weiden,ofvZjM3ohXV85SekwMKz,10.00,2025-03-04,New Invoice,134870,2025-03-04,None,92150,2025-02-24,None,,Delete
31083,Lester Weiden,ofvZjM3ohXV85SekwMKz,10.00,2025-03-04,New Invoice,134870,2025-03-04,None,133180,2025-10-17,None,,Delete
31083,Lester Weiden,ofvZjM3ohXV85SekwMKz,10.00,2025-03-04,New Invoice,134870,2025-03-04,None,134440,2025-04-15,None,,Delete
31102,Dr. & Mrs. Pierce Neuman,OGuja4PiRQZkQRmjYKgs,36.00,2025-03-04,New Invoice,134871,2025-03-04,None,132893,2025-10-23,None,,Delete
31102,Dr. & Mrs. Pierce Neuman,OGuja4PiRQZkQRmjYKgs,36.00,2025-03-04,New Invoice,134871,2025-03-04,None,134295,2025-04-25,None,,Delete
31102,Dr. & Mrs. Pierce Neuman,OGuja4PiRQZkQRmjYKgs,36.00,2025-03-04,New Invoice,134871,2025-03-04,None,134798,2025-03-13,None,,Delete
35473,Mr. & Mrs. Jeffrey Stern,ZkTSoHbWJKxQfFmc0fpm,10.00,2025-03-04,New Invoice,134872,2025-03-04,None,99938,2025-03-18,GD25,462,Transfer campaign then delete
35473,Mr. & Mrs. Jeffrey Stern,ZkTSoHbWJKxQfFmc0fpm,10.00,2025-03-04,New Invoice,134872,2025-03-04,None,100003,2025-02-24,GD25,462,Transfer campaign then delete
35473,Mr. & Mrs. Jeffrey Stern,ZkTSoHbWJKxQfFmc0fpm,10.00,2025-03-04,New Invoice,134872,2025-03-04,None,134760,2025-03-21,None,,Delete
29574,Patrick Clark,kmZHJ2LdWgy6SHFKEZnH,650.00,2025-03-04,New Invoice,134873,2025-03-04,None,100004,2025-02-24,GD25,462,Transfer campaign then delete
29574,Patrick Clark,kmZHJ2LdWgy6SHFKEZnH,100.00,2025-03-04,New Invoice,134874,2025-03-04,None,104378,2025-01-10,None,,Delete
29574,Patrick Clark,kmZHJ2LdWgy6SHFKEZnH,100.00,2025-03-04,New Invoice,134874,2025-03-04,None,99947,2025-03-18,GD25,462,Transfer campaign then delete
29574,Patrick Clark,kmZHJ2LdWgy6SHFKEZnH,100.00,2025-03-04,New Invoice,134874,2025-03-04,None,100005,2025-02-24,GD25,462,Transfer campaign then delete
29574,Patrick Clark,kmZHJ2LdWgy6SHFKEZnH,100.00,2025-03-04,New Invoice,134874,2025-03-04,None,100711,2025-06-25,Recurring,472,Delete
29574,Patrick Clark,kmZHJ2LdWgy6SHFKEZnH,100.00,2025-03-04,New Invoice,134874,2025-03-04,None,101615,2025-08-18,RMKSPL25,477,Delete
29574,Patrick Clark,kmZHJ2LdWgy6SHFKEZnH,100.00,2025-03-04,New Invoice,134874,2025-03-04,None,101617,2025-07-17,RMKSPL25,477,Delete
29574,Patrick Clark,kmZHJ2LdWgy6SHFKEZnH,100.00,2025-03-04,New Invoice,134874,2025-03-04,None,133658,2025-08-25,None,,Delete
29574,Patrick Clark,kmZHJ2LdWgy6SHFKEZnH,100.00,2025-03-04,New Invoice,134874,2025-03-04,None,133809,2025-08-05,None,,Delete
29574,Patrick Clark,kmZHJ2LdWgy6SHFKEZnH,100.00,2025-03-04,New Invoice,134874,2025-03-04,None,133958,2025-07-02,None,,Delete
29574,Patrick Clark,kmZHJ2LdWgy6SHFKEZnH,100.00,2025-03-04,New Invoice,134874,2025-03-04,None,134134,2025-05-21,None,,Delete
29574,Patrick Clark,kmZHJ2LdWgy6SHFKEZnH,100.00,2025-03-04,New Invoice,134874,2025-03-04,None,134338,2025-04-15,None,,Delete
29574,Patrick Clark,kmZHJ2LdWgy6SHFKEZnH,100.00,2025-03-04,New Invoice,134874,2025-03-04,None,134770,2025-03-21,None,,Delete
32720,Dr. & Mrs. Zvi Fischer,SimbFC41bKeD76no7ttN,54.00,2025-03-04,New Invoice,134875,2025-03-04,None,100006,2025-02-24,GD25,462,Transfer campaign then delete
39513,Batya Van Wijncoop,rEt4Q28N9pT3UZpwA9PN,72.00,2025-02-27,Emergency Campaign 2025,134876,2025-02-27,None,132635,2025-12-12,None,,Delete
39513,Batya Van Wijncoop,rEt4Q28N9pT3UZpwA9PN,72.00,2025-02-27,Emergency Campaign 2025,134876,2025-02-27,None,134061,2025-06-13,None,,Delete
23479,Meyer Gould,18KUb2sdS0n3MFJKsSGA,18.00,2025-02-19,New Invoice,134892,2025-02-19,None,15215,2025-04-02,None,,Delete
23479,Meyer Gould,18KUb2sdS0n3MFJKsSGA,18.00,2025-02-19,New Invoice,134892,2025-02-19,None,134584,2025-04-10,None,,Delete
52429,Unknown,G13Zi1gEj4mYuhw46hk2,1.00,2025-02-19,New Invoice,134895,2025-02-19,None,133905,2025-07-17,None,,Delete
52429,Unknown,G13Zi1gEj4mYuhw46hk2,1.00,2025-02-19,New Invoice,134895,2025-02-19,None,134099,2025-05-29,None,,Delete
52429,Unknown,G13Zi1gEj4mYuhw46hk2,1.00,2025-02-19,New Invoice,134895,2025-02-19,None,134130,2025-05-22,None,,Delete
52429,Unknown,G13Zi1gEj4mYuhw46hk2,1.00,2025-02-19,New Invoice,134895,2025-02-19,None,134782,2025-03-18,None,,Delete
52429,Unknown,G13Zi1gEj4mYuhw46hk2,1.00,2025-02-19,New Invoice,134895,2025-02-19,None,134904,2025-02-13,None,,Delete
26532,Stephen Brandt,D2sJk0QXJo819gH7ELn7,18.00,2025-02-18,Thanksgiving ,134896,2025-02-18,None,132618,2025-12-16,None,,Delete
26532,Stephen Brandt,D2sJk0QXJo819gH7ELn7,18.00,2025-02-18,Thanksgiving ,134896,2025-02-18,None,134780,2025-03-19,None,,Delete
52429,Unknown,G13Zi1gEj4mYuhw46hk2,1.00,2025-02-13,New Invoice,134904,2025-02-13,None,133905,2025-07-17,None,,Delete
52429,Unknown,G13Zi1gEj4mYuhw46hk2,1.00,2025-02-13,New Invoice,134904,2025-02-13,None,134099,2025-05-29,None,,Delete
52429,Unknown,G13Zi1gEj4mYuhw46hk2,1.00,2025-02-13,New Invoice,134904,2025-02-13,None,134130,2025-05-22,None,,Delete
52429,Unknown,G13Zi1gEj4mYuhw46hk2,1.00,2025-02-13,New Invoice,134904,2025-02-13,None,134782,2025-03-18,None,,Delete
52429,Unknown,G13Zi1gEj4mYuhw46hk2,1.00,2025-02-13,New Invoice,134904,2025-02-13,None,134895,2025-02-19,None,,Delete
27198,Daniella I Schaefer,esicR57uBWB0FeF4slws,1800.00,2025-02-13,Donation Page 1800,134905,2025-02-13,None,133196,2025-10-13,None,,Delete
52429,Unknown,G13Zi1gEj4mYuhw46hk2,2.00,2025-02-13,Thanksgiving ,134907,2025-02-13,None,132592,2025-12-18,Chanukat Habayit,229,Transfer campaign then delete
10532,Toby Schnall,Z65ZGpZOrHV7XVI15gWC,200.00,2025-01-07,Emergency Campaign 2024,136493,2025-01-07,971,100787,2025-04-07,Passover25,473,Delete