constituent_id,amount,date_added,campaign_id,fund_id,payment_method,category
3404,2843,2006-03-06T14:42:56.387-05:00,5,1,Cash,GiftInKind
3404,3768.33,2006-03-16T11:37:26.807-05:00,5,1,Cash,GiftInKind
3765,100,2006-05-15T13:49:22.843-04:00,5,12,Cash,Donation
11833,300,2006-06-13T11:01:27.437-04:00,5,1,Cash,Donation
119,500,2006-06-13T11:11:30.25-04:00,5,12,Cash,Donation
3358,100,2006-06-13T11:17:55.857-04:00,5,14,Cash,Donation
3404,3768.33,2006-06-21T11:02:45.457-04:00,5,1,Cash,GiftInKind
3404,3768.34,2006-07-18T16:12:50.187-04:00,5,1,Cash,GiftInKind
271,50,2006-07-19T09:34:44.153-04:00,5,7,Cash,Donation
53,50,2006-07-19T15:34:31.22-04:00,5,7,Cash,Donation
1237,250,2006-07-19T16:20:02.47-04:00,,61,Cash,Donation
1213,125,2006-07-19T16:24:37.38-04:00,,61,Cash,Donation
3404,100,2006-07-19T17:43:07.44-04:00,6,18,Cash,Donation
3416,25,2006-07-20T15:54:55.767-04:00,5,12,Cash,Donation
5699,200,2006-07-20T16:52:10.61-04:00,5,35,Cash,Donation
3404,2812.33,2006-10-19T09:14:58.043-04:00,5,1,Cash,GiftInKind
53,25,2006-11-29T10:14:06-05:00,5,16,Cash,Donation
149,150,2007-01-02T16:17:07.43-05:00,5,1,Cash,Donation
7889,50,2007-01-03T12:09:42.26-05:00,5,16,Cash,Donation
3416,25,2007-05-15T11:12:19.873-04:00,5,7,Cash,Donation
3404,1000,2007-05-15T11:30:40.547-04:00,5,16,Cash,Donation
53,25,2007-06-19T12:00:43.793-04:00,5,12,Cash,Donation
271,25,2007-07-11T13:25:51.733-04:00,5,7,Cash,Donation
119,500,2007-07-11T13:38:15.983-04:00,5,7,Cash,Donation
3416,50,2007-07-17T10:20:07.663-04:00,5,12,Cash,Donation
2368,500,2007-07-17T10:44:51.697-04:00,5,35,Cash,Donation
5699,200,2007-07-17T11:19:14.883-04:00,5,35,Cash,Donation
7889,50,2007-08-03T10:21:07.14-04:00,5,16,Cash,Donation
1237,1000,2007-10-24T12:38:04.217-04:00,6,53,PersonalCheck,PledgePayment
1237,80,2007-11-08T15:06:31.25-05:00,,60,PersonalCheck,Donation
3404,80,2007-12-05T13:21:29.81-05:00,,60,PersonalCheck,Donation
3404,1000,2008-01-07T16:46:19.923-05:00,5,1,Cash,Donation
3404,1000,2008-03-10T11:56:36.717-04:00,5,16,Cash,Donation
3416,25,2008-05-19T12:54:35.263-04:00,5,12,Cash,Donation
119,500,2008-05-19T13:06:36.077-04:00,5,12,Cash,Donation
53,25,2008-06-03T11:50:17.24-04:00,5,12,Cash,Donation
3404,150,2008-06-03T12:08:34.46-04:00,5,12,Cash,Donation
1237,200,2008-11-20T11:44:19.187-05:00,6,24,Cash,PledgePayment
1237,80,2008-11-25T16:31:54.217-05:00,,60,Cash,Donation
3404,1000,2009-01-07T13:58:55.827-05:00,5,1,Cash,Donation
3404,1000,2009-04-30T16:49:11.807-04:00,5,16,Cash,Donation
3733,50,2009-05-15T16:02:15.98-04:00,5,12,Cash,Donation
119,500,2009-06-01T15:38:56.4-04:00,5,12,Cash,Donation
11833,80,2009-11-16T12:41:34.03-05:00,,60,Cash,Donation
3404,1000,2009-12-11T17:34:23.353-05:00,,60,Cash,Donation
261,50,2009-12-28T11:50:47.76-05:00,5,1,Cash,Donation
271,25,2009-12-28T12:01:34.707-05:00,5,1,Cash,Donation
3404,1000,2009-12-28T13:06:05.11-05:00,5,1,Cash,Donation
11833,290,2010-03-03T14:10:54.973-05:00,,69,Cash,Donation
119,500,2010-05-13T08:45:28.347-04:00,5,12,Cash,Donation
11833,250,2010-05-14T16:41:05.377-04:00,,69,Cash,Donation
3416,25,2010-06-08T16:45:46.583-04:00,5,12,Cash,Donation
119,41.67,2010-08-10T11:21:18.983-04:00,5,1,CreditCard,RecurringGift
119,41.67,2010-08-12T12:04:12.23-04:00,5,1,CreditCard,RecurringGiftPayment
53,20.83,2010-09-08T10:15:49.03-04:00,5,7,CreditCard,RecurringGift
119,41.67,2010-09-13T15:12:54.02-04:00,5,1,CreditCard,RecurringGiftPayment
53,20.83,2010-09-13T15:23:19.547-04:00,5,7,CreditCard,RecurringGiftPayment
3404,1000,2010-09-15T14:12:05.563-04:00,5,1,Cash,Donation
119,41.67,2010-10-13T13:38:26.14-04:00,5,1,CreditCard,RecurringGiftPayment
53,20.83,2010-10-13T13:38:28.9-04:00,5,7,CreditCard,RecurringGiftPayment
119,41.67,2010-11-11T10:01:44.207-05:00,5,1,CreditCard,RecurringGiftPayment
53,20.83,2010-11-11T10:01:47.357-05:00,5,7,CreditCard,RecurringGiftPayment
11833,100,2010-12-02T09:19:35.453-05:00,,60,Cash,Donation
119,41.67,2010-12-13T14:20:07.91-05:00,5,1,CreditCard,RecurringGiftPayment
53,20.83,2010-12-13T14:20:10.42-05:00,5,7,CreditCard,RecurringGiftPayment
3404,500,2010-12-14T11:46:23.6-05:00,5,1,Cash,Donation
271,25,2010-12-14T11:47:59.957-05:00,5,1,Cash,Donation
14783,200,2010-12-27T11:18:18.75-05:00,5,1,Cash,Donation
119,41.67,2011-01-11T11:45:28.7-05:00,5,1,CreditCard,RecurringGiftPayment
53,20.83,2011-01-11T11:45:29.277-05:00,5,7,CreditCard,RecurringGiftPayment
9554,25,2011-01-21T16:32:08.12-05:00,5,7,Cash,Donation
119,40,2011-02-01T15:28:32.277-05:00,,85,Cash,Donation
119,41.67,2011-02-11T10:39:50.313-05:00,5,1,CreditCard,RecurringGiftPayment
53,20.83,2011-02-11T10:39:52.723-05:00,5,7,CreditCard,RecurringGiftPayment
3404,1000,2011-02-17T18:49:25.73-05:00,,78,Cash,Donation
119,41.67,2011-03-16T10:55:07.113-04:00,5,1,CreditCard,RecurringGiftPayment
53,20.83,2011-03-16T10:55:07.453-04:00,5,7,CreditCard,RecurringGiftPayment
1237,200,2011-03-29T15:09:52.683-04:00,,78,Cash,Donation
119,41.67,2011-04-11T13:45:46.01-04:00,5,1,CreditCard,RecurringGiftPayment
53,20.83,2011-04-11T13:45:47.077-04:00,5,7,CreditCard,RecurringGiftPayment
1237,250,2011-05-06T15:53:26.607-04:00,5,7,Cash,Donation
119,41.67,2011-05-11T12:59:06.847-04:00,5,1,CreditCard,RecurringGiftPayment
53,20.83,2011-05-11T12:59:07.537-04:00,5,7,CreditCard,RecurringGiftPayment
3416,25,2011-05-11T13:00:02.07-04:00,5,12,Cash,Donation
119,500,2011-05-16T14:34:07.487-04:00,5,12,Cash,Donation
6263,25,2011-05-23T16:00:48.703-04:00,5,12,Cash,Donation
11833,125,2011-05-26T11:35:55.853-04:00,5,14,Cash,Donation
119,41.67,2011-06-13T13:21:33.557-04:00,5,1,CreditCard,RecurringGiftPayment
53,20.83,2011-06-13T13:21:34.35-04:00,5,7,CreditCard,RecurringGiftPayment
119,41.67,2011-07-11T09:51:07.497-04:00,5,1,CreditCard,RecurringGiftPayment
53,20.83,2011-07-11T09:51:08.29-04:00,5,7,CreditCard,RecurringGiftPayment
119,41.67,2011-08-15T08:48:59.94-04:00,5,1,CreditCard,RecurringGiftPayment
53,20.83,2011-08-15T08:49:00.537-04:00,5,7,CreditCard,RecurringGiftPayment
119,41.67,2011-09-13T11:00:28.27-04:00,5,1,CreditCard,RecurringGiftPayment
53,20.83,2011-09-13T11:00:30.17-04:00,5,7,CreditCard,RecurringGiftPayment
119,41.67,2011-10-11T14:16:01.11-04:00,5,1,CreditCard,RecurringGiftPayment
53,20.83,2011-10-11T14:16:02.193-04:00,5,7,CreditCard,RecurringGiftPayment
119,41.67,2011-11-11T08:53:09.683-05:00,5,1,CreditCard,RecurringGiftPayment
53,20.83,2011-11-11T08:53:10.41-05:00,5,7,CreditCard,RecurringGiftPayment
6263,20,2011-11-14T10:07:31.757-05:00,5,1,Cash,Donation
271,25,2011-11-14T10:23:16.957-05:00,5,1,Cash,Donation
119,41.67,2011-12-12T16:11:18.277-05:00,5,1,CreditCard,RecurringGiftPayment
53,20.83,2011-12-12T16:11:18.81-05:00,5,7,CreditCard,RecurringGiftPayment
261,50,2012-01-05T10:45:58.403-05:00,5,7,Cash,Donation
119,41.67,2012-01-11T08:53:22.857-05:00,5,1,CreditCard,RecurringGiftPayment
53,20.83,2012-01-11T08:53:23.92-05:00,5,7,CreditCard,RecurringGiftPayment
3404,1000,2012-02-03T08:09:48.75-05:00,,78,Cash,Donation
2368,40,2012-02-03T08:12:20.42-05:00,,78,Cash,Donation
119,41.67,2012-02-13T12:27:41.73-05:00,5,1,CreditCard,RecurringGiftPayment
53,20.83,2012-02-13T12:27:42.813-05:00,5,7,CreditCard,RecurringGiftPayment
119,41.67,2012-03-12T09:57:56.07-04:00,5,1,CreditCard,RecurringGiftPayment
53,20.83,2012-03-12T09:57:57.77-04:00,5,7,CreditCard,RecurringGiftPayment
15539,180,2012-03-28T08:44:55.633-04:00,,88,CreditCard,RecurringGift
15539,205,2012-04-02T07:40:04.197-04:00,,88,CreditCard,RecurringGiftPayment
119,41.67,2012-04-11T15:05:25.577-04:00,5,1,CreditCard,RecurringGiftPayment
53,20.83,2012-04-11T15:05:26.01-04:00,5,7,CreditCard,RecurringGiftPayment
15539,175,2012-05-09T15:47:58.053-04:00,,88,CreditCard,RecurringGiftPayment
119,41.67,2012-05-11T13:06:33.64-04:00,5,1,CreditCard,RecurringGiftPayment
53,20.83,2012-05-11T13:06:34.513-04:00,5,7,CreditCard,RecurringGiftPayment
15539,175,2012-06-05T10:04:02.683-04:00,,88,CreditCard,RecurringGiftPayment
119,41.67,2012-06-12T12:32:40.113-04:00,5,1,CreditCard,RecurringGiftPayment
53,20.83,2012-06-12T12:32:41.053-04:00,5,7,CreditCard,RecurringGiftPayment
6263,75,2012-06-15T16:02:06.983-04:00,5,12,Cash,Donation
10969,37.5,2012-06-15T16:05:37.317-04:00,5,12,Cash,Donation
3733,100,2012-06-15T16:08:17.76-04:00,5,12,Cash,Donation
119,500,2012-06-15T16:09:22.363-04:00,5,12,Cash,Donation
1237,200,2012-06-15T16:34:22.057-04:00,5,7,Cash,Donation
3404,250,2012-06-15T16:36:07.067-04:00,5,7,Cash,Donation
3795,150,2012-06-29T15:22:22.177-04:00,5,12,Cash,Donation
15539,175,2012-07-04T09:19:12.68-04:00,,88,CreditCard,RecurringGiftPayment
119,41.67,2012-07-12T12:25:35.16-04:00,5,1,CreditCard,RecurringGiftPayment
53,20.83,2012-07-12T12:25:35.517-04:00,5,7,CreditCard,RecurringGiftPayment
15539,175,2012-08-02T10:23:50.977-04:00,,88,CreditCard,RecurringGiftPayment
119,41.67,2012-08-13T09:06:25.64-04:00,5,1,CreditCard,RecurringGiftPayment
53,20.83,2012-08-13T09:06:26.983-04:00,5,7,CreditCard,RecurringGiftPayment
15539,175,2012-09-06T17:03:52.92-04:00,,88,CreditCard,RecurringGiftPayment
119,41.67,2012-09-11T14:09:37.107-04:00,5,1,CreditCard,RecurringGiftPayment
53,20.83,2012-09-11T14:09:38.57-04:00,5,7,CreditCard,RecurringGiftPayment
15539,175,2012-10-03T15:51:38.347-04:00,,88,CreditCard,RecurringGiftPayment
119,41.67,2012-10-11T13:24:07.71-04:00,5,1,CreditCard,RecurringGiftPayment
53,20.83,2012-10-11T13:24:08.66-04:00,5,7,CreditCard,RecurringGiftPayment
15539,40,2012-11-02T08:43:59.15-04:00,,88,CreditCard,RecurringGiftPayment
119,41.67,2012-11-12T12:10:18.56-05:00,5,1,CreditCard,RecurringGiftPayment
53,20.83,2012-11-12T12:10:19.063-05:00,5,7,CreditCard,RecurringGiftPayment
15539,40,2012-12-03T16:31:29.767-05:00,,88,CreditCard,RecurringGiftPayment
119,41.67,2012-12-11T13:00:39.87-05:00,5,1,CreditCard,RecurringGiftPayment
53,20.83,2012-12-11T13:00:40.853-05:00,5,7,CreditCard,RecurringGiftPayment
3404,250,2012-12-19T15:33:23.463-05:00,5,1,Cash,Donation
3404,1000,2012-12-21T12:10:30.367-05:00,5,1,Cash,Donation
3733,50,2012-12-27T15:37:46.11-05:00,5,7,Cash,Donation
1237,250,2012-12-27T15:41:54.783-05:00,5,1,Cash,Donation
15539,40,2013-01-02T18:18:20.487-05:00,,88,CreditCard,RecurringGiftPayment
119,41.67,2013-01-11T10:38:03.26-05:00,5,1,CreditCard,RecurringGiftPayment
53,20.83,2013-01-11T10:38:04.293-05:00,5,7,CreditCard,RecurringGiftPayment
15539,40,2013-02-04T09:34:41.04-05:00,,88,CreditCard,RecurringGiftPayment
119,41.67,2013-02-11T09:57:01.27-05:00,5,1,CreditCard,RecurringGiftPayment
53,20.83,2013-02-11T09:57:02.177-05:00,5,7,CreditCard,RecurringGiftPayment
15539,40,2013-03-04T10:30:25.46-05:00,,88,CreditCard,RecurringGiftPayment
119,41.67,2013-03-11T08:53:53.54-04:00,5,1,CreditCard,RecurringGiftPayment
53,20.83,2013-03-11T08:53:54.587-04:00,5,7,CreditCard,RecurringGiftPayment
3404,1000,2013-03-25T18:16:25.687-04:00,,78,Cash,Donation
15539,175,2013-04-03T10:39:40.563-04:00,,88,CreditCard,RecurringGiftPayment
119,41.67,2013-04-11T15:44:15.49-04:00,5,1,CreditCard,RecurringGiftPayment
53,20.83,2013-04-11T15:44:16.51-04:00,5,7,CreditCard,RecurringGiftPayment
1237,100,2013-04-18T15:04:11.38-04:00,5,14,Cash,Donation
15539,175,2013-05-02T10:27:12.697-04:00,,88,CreditCard,RecurringGiftPayment
15539,30,2013-05-02T10:27:14.01-04:00,,88,CreditCard,RecurringGiftPayment
119,41.67,2013-05-13T15:16:19.243-04:00,5,1,CreditCard,RecurringGiftPayment
53,20.83,2013-05-13T15:16:20.453-04:00,5,7,CreditCard,RecurringGiftPayment
15539,175,2013-06-03T12:06:27.457-04:00,,88,CreditCard,RecurringGiftPayment
119,500,2013-06-06T09:39:42.49-04:00,5,12,Cash,Donation
6263,75,2013-06-06T10:16:01.103-04:00,5,12,Cash,Donation
119,41.67,2013-06-13T15:53:05.043-04:00,5,1,CreditCard,RecurringGiftPayment
53,20.83,2013-06-13T15:53:05.49-04:00,5,7,CreditCard,RecurringGiftPayment
119,41.67,2013-07-11T14:13:24.323-04:00,5,1,CreditCard,RecurringGiftPayment
53,20.83,2013-07-11T14:13:25.793-04:00,5,7,CreditCard,RecurringGiftPayment
15539,175,2013-08-02T18:58:52.477-04:00,,88,CreditCard,RecurringGiftPayment
119,41.67,2013-08-13T13:16:28.92-04:00,5,1,CreditCard,RecurringGiftPayment
53,20.83,2013-08-13T13:16:30.19-04:00,5,7,CreditCard,RecurringGiftPayment
15539,175,2013-09-03T13:21:55.987-04:00,,88,CreditCard,RecurringGiftPayment
119,41.67,2013-09-11T10:05:39.537-04:00,5,1,CreditCard,RecurringGiftPayment
53,20.83,2013-09-11T10:05:40.537-04:00,5,7,CreditCard,RecurringGiftPayment
15539,175,2013-10-02T13:40:44.62-04:00,,88,CreditCard,RecurringGiftPayment
15539,175,2013-10-04T10:46:56.613-04:00,,88,CreditCard,RecurringGiftPayment
119,41.67,2013-10-11T09:06:04.067-04:00,5,1,CreditCard,RecurringGiftPayment
15539,40,2013-11-05T14:52:25.9-05:00,,88,CreditCard,RecurringGiftPayment
119,41.67,2013-11-11T14:29:06.573-05:00,5,1,CreditCard,RecurringGiftPayment
15539,40,2013-12-03T11:46:16.407-05:00,,88,CreditCard,RecurringGiftPayment
119,41.67,2013-12-12T09:50:46.27-05:00,5,1,CreditCard,RecurringGiftPayment
3404,500,2013-12-13T13:06:15.777-05:00,5,1,Cash,Donation
1237,200,2013-12-31T12:10:03.307-05:00,5,1,Cash,Donation
15539,40,2014-01-06T14:54:24.12-05:00,,88,CreditCard,RecurringGiftPayment
119,41.67,2014-01-16T10:04:42.11-05:00,5,1,CreditCard,RecurringGiftPayment
15539,40,2014-02-03T14:11:49.037-05:00,,88,CreditCard,Donation
119,41.67,2014-02-11T15:52:11.343-05:00,5,1,CreditCard,RecurringGiftPayment
15539,40,2014-03-04T11:38:33.42-05:00,,88,CreditCard,RecurringGiftPayment
3404,500,2014-03-06T20:54:41.177-05:00,,78,Cash,Donation
119,41.67,2014-03-11T15:19:29.313-04:00,5,1,CreditCard,RecurringGiftPayment
15539,175,2014-04-02T14:33:31.75-04:00,,88,CreditCard,RecurringGiftPayment
119,41.67,2014-04-11T17:33:58.64-04:00,5,1,CreditCard,RecurringGiftPayment
15539,30,2014-04-24T11:09:36.77-04:00,,88,CreditCard,RecurringGiftPayment
15539,175,2014-05-05T18:38:13.05-04:00,,88,CreditCard,RecurringGiftPayment
119,41.67,2014-05-16T09:50:04.173-04:00,5,1,CreditCard,RecurringGiftPayment
15539,175,2014-06-03T09:00:32.413-04:00,,88,CreditCard,RecurringGiftPayment
119,500,2014-06-10T14:04:41.97-04:00,5,12,Cash,Donation
271,75,2014-06-10T14:34:04.407-04:00,5,12,Cash,Donation
1237,150,2014-06-10T14:36:29.873-04:00,5,12,Cash,Donation
3404,75,2014-06-10T14:45:44.01-04:00,5,12,Cash,Donation
3795,150,2014-06-10T14:50:00.617-04:00,5,12,Cash,Donation
119,41.67,2014-06-11T16:07:47.997-04:00,5,1,CreditCard,RecurringGiftPayment
15539,175,2014-07-03T13:11:37.48-04:00,,88,CreditCard,RecurringGiftPayment
119,41.67,2014-07-11T09:38:58.377-04:00,5,1,CreditCard,RecurringGiftPayment
15539,175,2014-08-04T11:50:35.44-04:00,,88,CreditCard,RecurringGiftPayment
119,41.67,2014-08-11T15:36:13.937-04:00,5,1,CreditCard,RecurringGiftPayment
15539,175,2014-09-02T11:16:08.18-04:00,,88,CreditCard,RecurringGiftPayment
119,1500,2014-09-09T16:53:57.32-04:00,5,7,Cash,Donation
119,41.67,2014-09-11T09:16:05.46-04:00,5,1,CreditCard,RecurringGiftPayment
15539,175,2014-10-02T10:08:33.39-04:00,,88,CreditCard,RecurringGiftPayment
119,41.67,2014-10-14T12:23:24.787-04:00,5,1,CreditCard,RecurringGiftPayment
15539,40,2014-11-03T10:16:35.657-05:00,,88,CreditCard,RecurringGiftPayment
119,41.67,2014-11-11T10:15:44.993-05:00,5,1,CreditCard,RecurringGiftPayment
11833,174.02,2014-11-21T14:20:39.13-05:00,5,1,Cash,GiftInKind
15539,40,2014-12-03T08:40:53.03-05:00,,88,CreditCard,RecurringGiftPayment
119,41.67,2014-12-11T14:52:39.81-05:00,5,1,CreditCard,RecurringGiftPayment
271,25,2014-12-23T14:05:12.857-05:00,5,1,Cash,Donation
15539,40,2015-01-05T12:16:00.63-05:00,,88,CreditCard,RecurringGiftPayment
119,41.67,2015-01-12T12:12:07.467-05:00,5,1,CreditCard,RecurringGiftPayment
15539,40,2015-02-02T13:09:57.64-05:00,,88,CreditCard,RecurringGiftPayment
119,41.67,2015-02-11T10:02:03.78-05:00,5,1,CreditCard,RecurringGiftPayment
15539,40,2015-03-02T12:50:46.273-05:00,,88,CreditCard,RecurringGiftPayment
119,41.67,2015-03-11T10:39:37.62-04:00,5,1,CreditCard,RecurringGiftPayment
15539,205,2015-04-03T08:45:14.08-04:00,,88,CreditCard,RecurringGiftPayment
3404,500,2015-04-09T09:54:45.807-04:00,,78,Cash,Donation
119,41.67,2015-04-13T11:59:11.25-04:00,5,1,CreditCard,RecurringGiftPayment
11833,50,2015-04-27T16:05:54.34-04:00,,78,Cash,Donation
15539,175,2015-05-04T09:38:18.85-04:00,,88,CreditCard,RecurringGiftPayment
119,41.67,2015-05-11T16:37:22.797-04:00,5,1,CreditCard,RecurringGiftPayment
15539,175,2015-06-05T15:40:35.34-04:00,,88,CreditCard,RecurringGiftPayment
119,41.67,2015-06-11T08:54:23.823-04:00,5,1,CreditCard,RecurringGiftPayment
271,150,2015-06-12T15:11:34.727-04:00,5,12,Cash,Donation
3795,75,2015-06-12T15:12:49.1-04:00,5,12,Cash,Donation
53,25,2015-06-12T15:15:36.877-04:00,5,12,Cash,Donation
119,600,2015-06-12T15:42:31.69-04:00,5,12,Cash,Donation
15539,175,2015-07-02T08:55:56.593-04:00,,88,CreditCard,RecurringGiftPayment
119,41.67,2015-07-12T17:14:32.993-04:00,5,1,CreditCard,RecurringGiftPayment
15539,175,2015-08-03T15:54:29.88-04:00,,88,CreditCard,RecurringGiftPayment
119,41.67,2015-08-13T12:22:36.72-04:00,5,1,CreditCard,RecurringGiftPayment
15539,175,2015-09-02T17:19:04.5-04:00,,88,CreditCard,RecurringGiftPayment
119,41.67,2015-09-11T10:19:50.15-04:00,5,1,CreditCard,RecurringGiftPayment
15539,175,2015-10-02T15:52:32.387-04:00,,88,CreditCard,RecurringGiftPayment
119,41.67,2015-10-12T09:18:33.723-04:00,5,1,CreditCard,RecurringGiftPayment
15539,40,2015-11-06T17:02:10.23-05:00,,88,CreditCard,RecurringGiftPayment
119,41.67,2015-11-11T19:39:16.19-05:00,5,1,CreditCard,RecurringGiftPayment
15539,40,2015-12-02T14:44:37.017-05:00,,88,CreditCard,RecurringGiftPayment
119,41.67,2015-12-14T11:12:04.85-05:00,5,1,CreditCard,RecurringGiftPayment
1237,100,2015-12-23T11:27:01.523-05:00,5,1,Cash,Donation
271,25,2015-12-23T11:49:53.147-05:00,5,1,Cash,Donation
2368,50,2015-12-30T17:28:10.737-05:00,5,16,Cash,Donation
15539,145,2016-01-04T11:34:27.243-05:00,,88,CreditCard,RecurringGiftPayment
261,50,2016-01-04T16:59:17.027-05:00,5,1,Cash,Donation
119,41.67,2016-01-11T17:32:45.543-05:00,5,1,CreditCard,RecurringGiftPayment
15539,145,2016-02-02T17:53:52.353-05:00,,88,CreditCard,RecurringGiftPayment
119,41.67,2016-02-11T10:43:13.02-05:00,5,1,CreditCard,RecurringGiftPayment
15539,145,2016-03-02T14:07:59.617-05:00,,88,CreditCard,RecurringGiftPayment
119,41.67,2016-03-15T16:29:05.587-04:00,5,1,CreditCard,RecurringGiftPayment
15539,175,2016-04-04T10:38:24.91-04:00,,88,CreditCard,RecurringGiftPayment
119,41.67,2016-04-11T14:50:42.373-04:00,5,1,CreditCard,RecurringGiftPayment
15539,205,2016-05-02T17:14:15.757-04:00,,88,CreditCard,RecurringGiftPayment
119,41.67,2016-05-12T11:14:03.657-04:00,5,1,CreditCard,RecurringGiftPayment
15539,175,2016-06-02T12:10:15.223-04:00,,88,CreditCard,RecurringGiftPayment
119,41.67,2016-06-13T16:29:07.963-04:00,5,1,CreditCard,RecurringGiftPayment
3795,80,2016-06-14T15:13:01.223-04:00,5,12,Cash,Donation
271,80,2016-06-14T15:33:29.273-04:00,5,12,Cash,Donation
119,500,2016-06-14T15:37:03.783-04:00,5,12,Cash,Donation
15539,175,2016-07-05T11:24:20.863-04:00,,88,CreditCard,RecurringGiftPayment
53,50,2016-07-06T15:11:17.86-04:00,5,12,Cash,Donation
119,41.67,2016-07-12T16:58:11.5-04:00,5,1,CreditCard,RecurringGiftPayment
15539,175,2016-08-02T09:04:47.07-04:00,,88,CreditCard,RecurringGiftPayment
119,41.67,2016-08-12T09:53:19.51-04:00,5,1,CreditCard,RecurringGiftPayment
15539,175,2016-09-06T10:04:37.847-04:00,,88,CreditCard,RecurringGiftPayment
119,41.67,2016-09-14T09:59:15.007-04:00,5,1,CreditCard,RecurringGiftPayment
15539,175,2016-10-03T17:27:57.163-04:00,,88,CreditCard,RecurringGiftPayment
119,41.67,2016-10-14T16:04:31.41-04:00,5,1,CreditCard,RecurringGiftPayment
15539,145,2016-11-04T11:38:31.2-04:00,,88,CreditCard,RecurringGiftPayment
119,41.67,2016-11-15T15:56:34.53-05:00,5,1,CreditCard,RecurringGiftPayment
15539,145,2016-12-02T15:36:54.407-05:00,,88,CreditCard,RecurringGiftPayment
119,41.67,2016-12-12T15:20:31.433-05:00,5,1,CreditCard,RecurringGiftPayment
10969,50,2016-12-23T13:47:17.477-05:00,5,12,Cash,Donation
15539,145,2017-01-03T16:34:16.51-05:00,,88,CreditCard,RecurringGiftPayment
1237,100,2017-01-06T18:17:05.47-05:00,6,24,Cash,Donation
119,41.67,2017-01-16T16:59:55.14-05:00,5,1,CreditCard,RecurringGiftPayment
15539,145,2017-02-06T10:34:32.68-05:00,,88,CreditCard,RecurringGiftPayment
119,41.67,2017-02-13T16:24:41.08-05:00,5,1,CreditCard,RecurringGiftPayment
15539,145,2017-03-02T18:56:41.023-05:00,,88,CreditCard,RecurringGiftPayment
119,41.67,2017-03-13T13:02:06.06-04:00,5,1,CreditCard,RecurringGiftPayment
15539,205,2017-04-04T12:13:23.19-04:00,,88,CreditCard,RecurringGiftPayment
119,41.67,2017-04-11T19:08:40.983-04:00,5,1,CreditCard,RecurringGiftPayment
15539,175,2017-05-02T17:02:00.123-04:00,,88,CreditCard,RecurringGiftPayment
119,41.67,2017-05-11T20:13:42.987-04:00,5,1,CreditCard,RecurringGiftPayment
15539,175,2017-06-05T16:09:58.82-04:00,,88,CreditCard,RecurringGiftPayment
119,41.67,2017-06-12T13:06:41.56-04:00,5,1,CreditCard,RecurringGiftPayment
10969,80,2017-06-16T10:15:14.74-04:00,5,12,Cash,Donation
271,80,2017-06-16T10:44:28.303-04:00,5,12,Cash,Donation
119,650,2017-06-27T12:57:32.557-04:00,5,12,Cash,Donation
15539,175,2017-07-03T16:43:28.07-04:00,,88,CreditCard,RecurringGiftPayment
119,41.67,2017-07-11T12:26:38.217-04:00,5,1,CreditCard,RecurringGiftPayment
53,50,2017-07-17T12:14:54.867-04:00,5,12,Cash,Donation
15539,175,2017-08-02T16:21:38.497-04:00,,88,CreditCard,RecurringGiftPayment
119,41.67,2017-08-14T11:08:45.587-04:00,5,1,CreditCard,RecurringGiftPayment
119,41.67,2017-09-14T15:22:25.343-04:00,5,1,CreditCard,RecurringGiftPayment
15539,175,2017-09-14T15:22:26.123-04:00,,88,CreditCard,RecurringGiftPayment
15539,175,2017-10-04T10:49:13.307-04:00,,88,CreditCard,RecurringGiftPayment
119,41.67,2017-10-12T11:55:18.74-04:00,5,1,CreditCard,RecurringGiftPayment
15539,145,2017-11-07T15:29:21.397-05:00,,88,CreditCard,RecurringGiftPayment
119,41.67,2017-11-15T08:53:26.173-05:00,5,1,CreditCard,RecurringGiftPayment
15539,145,2017-12-08T19:35:56.923-05:00,,88,CreditCard,RecurringGiftPayment
45913,5000,2017-12-12T19:42:59.553-05:00,6,24,Cash,Donation
119,41.67,2017-12-12T20:23:44.52-05:00,5,1,CreditCard,RecurringGiftPayment
15539,150,2018-01-02T13:16:42.91-05:00,,88,CreditCard,RecurringGiftPayment
261,50,2018-01-02T13:39:23.877-05:00,5,1,Cash,Donation
119,41.67,2018-01-11T17:00:45.64-05:00,5,1,CreditCard,RecurringGiftPayment
15539,150,2018-02-02T09:45:15.12-05:00,,88,CreditCard,RecurringGiftPayment
119,41.67,2018-02-12T16:24:56.12-05:00,5,1,CreditCard,RecurringGiftPayment
15539,150,2018-03-05T09:27:17.987-05:00,,88,CreditCard,RecurringGiftPayment
119,41.67,2018-03-13T09:57:06.86-04:00,5,1,CreditCard,RecurringGiftPayment
15539,210,2018-04-02T09:11:31.587-04:00,,88,CreditCard,RecurringGiftPayment
119,41.67,2018-04-13T14:17:19.433-04:00,5,1,CreditCard,RecurringGiftPayment
15539,180,2018-05-02T09:44:54.61-04:00,,88,CreditCard,RecurringGiftPayment
271,80,2018-06-04T14:04:01.877-04:00,5,12,Cash,Donation
15539,180,2018-06-05T12:44:12.347-04:00,,88,CreditCard,RecurringGiftPayment
119,500,2018-06-19T15:54:39.36-04:00,5,12,Cash,Donation
15539,180,2018-07-02T14:57:20.6-04:00,,88,CreditCard,RecurringGiftPayment
119,41.67,2018-07-10T18:27:19.24-04:00,5,1,Cash,Donation
119,41.67,2018-07-10T18:27:38.727-04:00,5,1,Cash,Donation
119,41.67,2018-07-19T15:14:08.66-04:00,5,1,Cash,Donation
15539,180,2018-08-02T12:23:43.927-04:00,,88,CreditCard,RecurringGiftPayment
15539,180,2018-09-04T14:38:21.64-04:00,,88,CreditCard,RecurringGiftPayment
119,41.67,2018-09-25T12:46:22.127-04:00,5,1,Cash,Donation
119,41.67,2018-09-25T12:46:36.137-04:00,5,1,Cash,Donation
15539,180,2018-10-03T15:12:33.297-04:00,,88,CreditCard,RecurringGiftPayment
15539,150,2018-11-02T16:32:34.743-04:00,,88,CreditCard,RecurringGiftPayment
15539,150,2018-12-04T13:45:12.08-05:00,,88,CreditCard,RecurringGiftPayment
15539,150,2019-01-03T10:57:18.82-05:00,,88,CreditCard,RecurringGiftPayment
10969,100,2019-01-14T12:12:52.653-05:00,5,1,Cash,Donation
119,41.67,2019-01-16T11:00:07.617-05:00,5,1,Cash,Donation
119,41.67,2019-01-16T11:00:20.553-05:00,5,1,Cash,Donation
119,41.67,2019-01-16T11:00:32.587-05:00,5,1,Cash,Donation
15539,150,2019-02-07T12:55:39.03-05:00,,88,CreditCard,RecurringGiftPayment
15539,150,2019-03-07T13:53:46.637-05:00,,88,CreditCard,RecurringGiftPayment
119,41.67,2019-03-27T15:53:22.883-04:00,5,1,Cash,Donation
119,41.67,2019-03-27T15:53:40.56-04:00,5,1,Cash,Donation
119,41.67,2019-03-27T15:53:55.68-04:00,5,1,Cash,Donation
15539,210,2019-04-03T17:09:32.8-04:00,,88,CreditCard,RecurringGiftPayment
119,41.67,2019-04-11T08:58:41.563-04:00,5,1,Cash,Donation
15539,180,2019-05-06T10:09:37.48-04:00,,88,CreditCard,RecurringGiftPayment
261,50,2019-05-29T11:27:10.353-04:00,5,16,Cash,Donation
15539,180,2019-06-03T13:23:23.25-04:00,,88,CreditCard,RecurringGiftPayment
271,160,2019-06-03T13:45:02.26-04:00,5,12,Cash,Donation
119,41.67,2019-06-04T16:12:37.37-04:00,5,1,Cash,Donation
119,41.67,2019-06-21T10:58:43.967-04:00,5,1,Cash,Donation
119,365,2019-06-21T10:58:56.5-04:00,5,12,Cash,Donation
15539,180,2019-07-02T13:09:55.94-04:00,,88,CreditCard,RecurringGiftPayment
119,41.67,2019-07-10T14:19:46.95-04:00,5,1,Cash,Donation
15539,180,2019-08-05T12:34:44.953-04:00,,88,CreditCard,RecurringGiftPayment
15539,180,2019-09-04T09:13:17.013-04:00,,88,CreditCard,RecurringGiftPayment
15539,180,2019-10-02T10:51:57.427-04:00,,88,CreditCard,RecurringGiftPayment
15539,150,2019-11-05T09:13:15.29-05:00,,88,CreditCard,RecurringGiftPayment
15539,150,2019-12-02T10:06:17.16-05:00,,88,CreditCard,RecurringGiftPayment
10969,50,2020-01-07T17:13:07.887-05:00,5,1,Cash,Donation
119,41.67,2020-01-24T15:00:29.677-05:00,5,1,Cash,Donation
119,41.67,2020-01-24T15:00:54.05-05:00,5,1,Cash,Donation
119,41.67,2020-01-24T15:01:11.41-05:00,5,1,Cash,Donation
119,41.67,2020-01-24T15:01:29.22-05:00,5,1,Cash,Donation
119,41.67,2020-01-24T15:01:46.173-05:00,5,1,Cash,Donation
119,41.67,2020-01-24T15:02:03.893-05:00,5,1,Cash,Donation
119,41.67,2020-03-05T08:42:32.78-05:00,5,1,Cash,Donation
119,41.67,2020-03-05T08:42:45.137-05:00,5,1,Cash,Donation
119,41.67,2020-04-30T10:30:21.17-04:00,5,1,Cash,Donation
119,41.67,2020-05-22T14:59:14.283-04:00,5,1,Cash,Donation
119,41.67,2020-06-18T10:12:53.973-04:00,5,1,Cash,Donation
261,50,2020-07-24T13:14:40.417-04:00,5,12,Cash,Donation
119,41.67,2020-07-24T13:17:50.897-04:00,5,1,Cash,Donation
119,365,2020-07-24T13:18:10.943-04:00,5,12,Cash,Donation
271,100,2020-07-24T13:23:38.817-04:00,5,12,Cash,Donation
1237,100,2020-07-24T13:57:31.42-04:00,5,12,Cash,Donation
119,41.67,2020-09-16T13:14:16.967-04:00,5,1,Cash,Donation
119,41.67,2020-09-16T13:14:28.687-04:00,5,1,Cash,Donation
119,41.67,2020-10-30T13:15:27.927-04:00,5,1,Cash,Donation
119,41.67,2020-11-25T11:59:45.637-05:00,5,1,Cash,Donation
271,100,2020-12-18T22:01:15.95-05:00,5,1,Cash,Donation
119,41.67,2020-12-19T16:47:14.863-05:00,5,1,Cash,Donation
119,41.67,2021-02-12T15:34:27.373-05:00,5,1,Cash,Donation
119,41.67,2021-02-12T15:34:38.42-05:00,5,1,Cash,Donation
271,200,2021-05-21T16:16:56.13-04:00,5,12,Cash,Donation
261,50,2021-09-20T15:28:53.443-04:00,5,7,Cash,Donation
271,200,2022-05-20T16:12:49.207-04:00,5,12,Cash,Donation
261,50,2022-08-26T20:22:20.427-04:00,5,12,Cash,Donation
14366,65,2023-04-18T08:48:10.153-04:00,,82,CreditCard,Donation
9142,300,2023-05-09T11:55:54.54-04:00,,82,Cash,Donation
271,100,2023-07-27T12:24:06.817-04:00,5,12,Cash,Donation
261,50,2023-08-17T18:23:54.297-04:00,5,12,Cash,Donation
14366,60,2024-04-02T20:04:32.933-04:00,,82,CreditCard,Donation
271,200,2024-07-01T16:11:30.7-04:00,5,12,Cash,Donation
261,50,2024-07-25T15:41:44.447-04:00,5,12,Cash,Donation
261,50,2024-12-19T20:43:54.373-05:00,5,7,Cash,Donation
271,200,2025-05-19T17:03:01.68-04:00,14,12,CreditCard,Donation
149,300,2000-02-08T11:15:37-05:00,5,2,Cash,Pledge
149,50,2000-02-08T11:15:58-05:00,5,15,Cash,Pledge
149,300,2002-05-07T11:18:50-04:00,5,1,Cash,Pledge
149,30,2002-05-07T11:20:10-04:00,5,15,Cash,Pledge
149,50,1998-08-05T13:23:24-04:00,5,15,Cash,Donation
149,300,1998-12-29T13:29:18-05:00,5,1,Cash,Donation
149,50,1999-05-28T11:19:27-04:00,5,15,Cash,Donation
149,300,1999-11-29T13:42:04-05:00,5,1,Cash,Donation
149,500,2001-04-03T09:42:21-04:00,5,48,Cash,Donation
149,30,2001-05-14T13:13:31-04:00,5,15,Cash,Donation
149,300,2001-12-26T09:21:47-05:00,5,1,Cash,Donation
149,50,2003-05-08T15:12:40-04:00,5,14,Cash,Donation
149,100,2004-01-05T13:47:04-05:00,5,1,Cash,Donation
149,250,2004-12-31T14:26:52-05:00,5,1,Cash,Donation
149,150,2005-12-29T23:32:04-05:00,5,1,Cash,Donation
3568,300,1999-02-09T15:23:46-05:00,5,16,Cash,Pledge
149,30,2000-10-11T14:20:20-04:00,5,15,Cash,PledgePayment
149,300,2000-12-21T11:04:22-05:00,5,2,Cash,PledgePayment
149,30,2002-07-01T16:45:22-04:00,5,15,Cash,PledgePayment
149,125,2003-01-06T09:35:56-05:00,5,1,Cash,PledgePayment
149,175,2003-01-06T09:36:20-05:00,5,1,Cash,PledgePayment
3568,250,1998-03-02T18:05:39-05:00,5,16,Cash,Donation
3568,50,1998-07-02T11:02:59-04:00,5,12,Cash,Donation
3568,100,1998-09-29T13:15:48-04:00,5,12,Cash,Donation
3568,100,1998-12-02T09:43:53-05:00,5,7,Cash,Donation
3568,100,1999-07-05T16:21:50-04:00,5,12,Cash,Donation
3568,300,2000-02-25T10:53:17-05:00,5,16,Cash,Donation
3568,300,2001-04-03T12:03:48-04:00,5,16,Cash,Donation
3568,50,2001-08-02T16:20:20-04:00,5,12,Cash,Donation
3568,300,2002-05-02T08:32:53-04:00,5,16,Cash,Donation
3568,100,2002-05-02T08:33:19-04:00,5,1,Cash,Donation
3568,100,2002-05-02T10:03:34-04:00,5,1,Cash,Donation
3568,100,2002-12-05T12:28:39-05:00,5,1,Cash,Donation
3568,2250,2004-06-01T13:41:38-04:00,5,58,Cash,Donation
3404,400,1998-03-02T18:06:23-05:00,5,11,Cash,Donation
3404,100,1998-06-05T14:50:57-04:00,5,7,Cash,Donation
3404,100,1998-12-02T09:44:24-05:00,5,7,Cash,Donation
3404,400,1999-02-05T12:18:22-05:00,5,12,Cash,Donation
3404,200,2000-02-01T13:40:44-05:00,5,46,Cash,Donation
3404,250,2000-02-25T10:54:55-05:00,5,16,Cash,Donation
3404,200,2000-05-30T11:43:13-04:00,5,12,Cash,Donation
3404,250,2001-04-03T12:12:40-04:00,5,16,Cash,Donation
3404,250,2002-03-01T14:21:13-05:00,5,16,Cash,Donation
3404,250,2002-03-01T14:21:39-05:00,5,12,Cash,Donation
3404,500,2002-05-02T08:45:25-04:00,5,16,Cash,Donation
3404,250,2003-03-07T14:10:22-05:00,5,16,Cash,Donation
3404,100,2004-02-27T10:47:08-05:00,5,16,Cash,Donation
3404,420,2004-04-29T12:08:04-04:00,5,35,Cash,Donation
3404,50,2004-07-02T11:29:38-04:00,5,12,Cash,Donation
3404,500,2005-03-21T16:56:24-05:00,5,16,Cash,Donation
3404,8618.98,2005-05-23T13:29:35-04:00,5,1,Cash,GiftInKind
3404,4305.19,2005-10-18T12:27:55-04:00,5,1,Cash,GiftInKind
3404,4252.88,2005-10-18T13:14:06-04:00,5,1,Cash,GiftInKind
3404,3000,2005-12-12T03:27:33-05:00,5,1,Cash,GiftInKind
3404,2000,2005-12-12T03:28:41-05:00,5,1,Cash,GiftInKind
3404,12690.32,2005-12-27T00:26:32-05:00,5,1,Cash,GiftInKind
1237,100,1997-12-31T14:15:07-05:00,5,1,Cash,Donation
1237,50,1998-06-05T10:58:04-04:00,5,15,Cash,Donation
1237,200,1999-05-28T14:02:51-04:00,5,15,Cash,Donation
1237,175,2000-10-04T15:58:28-04:00,5,15,Cash,Donation
1237,100,2000-10-11T15:43:16-04:00,5,15,Cash,Donation
1237,250,2001-04-24T14:49:29-04:00,5,48,Cash,Donation
1237,250,2001-05-14T11:47:59-04:00,5,48,Cash,Donation
1237,50,2001-06-06T16:28:46-04:00,5,15,Cash,Donation
1237,100,2002-05-31T09:40:31-04:00,5,15,Cash,Donation
1237,125,2002-12-05T13:16:27-05:00,5,1,Cash,Donation
1237,50,2003-07-08T14:09:24-04:00,5,15,Cash,Donation
1237,125,2004-06-01T13:32:27-04:00,5,61,Cash,Donation
1237,50,2004-11-24T12:00:14-05:00,5,60,Cash,Donation
1237,125,2005-06-16T10:39:27-04:00,5,61,Cash,Donation
1237,50,2005-11-30T22:26:59-05:00,5,60,Cash,Donation
3644,500,1998-05-04T11:49:25-04:00,5,14,Cash,Donation
3644,50,1998-07-02T11:38:20-04:00,5,15,Cash,Donation
3644,500,1999-04-28T15:51:17-04:00,5,14,Cash,Donation
3568,300,1999-02-23T11:17:42-05:00,5,16,Cash,PledgePayment
149,5000,1998-09-24T09:25:52-04:00,6,24,Cash,Pledge
1237,3000,1998-12-22T11:02:54-05:00,6,24,Cash,Pledge
149,1000,1999-02-05T12:03:30-05:00,6,24,Cash,PledgePayment
149,1000,1999-12-29T15:28:12-05:00,6,24,Cash,PledgePayment
149,1000,2000-12-21T11:03:28-05:00,6,24,Cash,PledgePayment
149,1000,2001-12-31T16:35:11-05:00,6,53,Cash,PledgePayment
149,1000,2003-01-06T09:36:58-05:00,6,53,Cash,PledgePayment
1237,250,1999-05-27T16:23:59-04:00,6,24,Cash,PledgePayment
1237,250,1999-09-01T15:50:18-04:00,6,24,Cash,PledgePayment
1237,250,2001-08-02T16:24:22-04:00,6,24,Cash,PledgePayment
1237,250,2002-03-26T15:17:46-05:00,6,24,Cash,PledgePayment
1237,250,2002-05-31T09:39:57-04:00,6,24,Cash,PledgePayment
3568,100,1999-10-27T14:06:04-04:00,6,42,Cash,Donation
3568,200,1999-12-30T16:06:58-05:00,6,46,Cash,Donation
3568,100,2000-04-27T15:10:33-04:00,6,24,Cash,Donation
3568,200,2000-08-31T12:15:26-04:00,6,46,Cash,Donation
3568,50,2001-08-02T16:19:46-04:00,6,49,Cash,Donation
3568,50,2001-12-03T11:13:21-05:00,6,52,Cash,Donation
3568,100,2002-10-01T10:23:02-04:00,6,54,Cash,Donation
3404,100,1999-02-05T12:19:09-05:00,6,11,Cash,Donation
3404,1000,1999-11-29T13:29:25-05:00,6,24,Cash,Donation
3404,100,2001-08-02T16:21:24-04:00,6,49,Cash,Donation
3404,250,2002-03-01T14:22:51-05:00,6,24,Cash,Donation
3404,5000,2003-03-07T14:09:59-05:00,6,18,Cash,Donation
1237,250,1998-12-22T11:00:04-05:00,6,24,Cash,Donation
1237,210,2000-12-21T12:00:03-05:00,6,46,Cash,Donation
1237,500,2003-03-07T14:21:21-05:00,6,18,Cash,Donation
1237,250,2003-06-03T14:24:18-04:00,6,18,Cash,Donation
3644,500,1998-01-09T11:59:50-05:00,6,30,Cash,Donation
3644,1000,1998-12-22T11:04:59-05:00,6,24,Cash,Donation
3568,100,2001-09-04T09:33:13-04:00,7,51,Cash,Donation
3568,25000,2003-03-07T14:05:17-05:00,7,58,Cash,Donation
3568,83048,2003-10-22T11:48:18-04:00,7,58,Cash,Donation
3404,250,1999-09-01T15:47:05-04:00,7,45,Cash,Donation
3644,13668.45,2000-09-08T08:40:37-04:00,7,31,Cash,Donation
149,300,1997-12-09T15:12:02-05:00,,2,Cash,Donation
1163,50,1997-12-15T09:09:34-05:00,,2,Cash,Donation
3404,250,2002-03-01T14:23:18-05:00,,52,Cash,Donation
2368,130,1998-07-02T09:21:47-04:00,5,35,Cash,Donation
2368,200,1999-02-10T09:39:03-05:00,5,16,Cash,Donation
2368,300,2000-02-25T08:51:27-05:00,5,16,Cash,Donation
2368,300,2001-03-01T13:37:10-05:00,5,16,Cash,Donation
2368,300,2002-05-31T08:56:07-04:00,5,16,Cash,Donation
2368,300,2003-03-07T13:30:32-05:00,5,16,Cash,Donation
2368,300,2003-03-07T13:31:00-05:00,5,35,Cash,Donation
1213,125,2002-12-05T11:47:18-05:00,5,1,Cash,Donation
11782,100,2003-03-28T13:31:22-05:00,5,16,Cash,Donation
11782,100,2005-03-21T17:01:22-05:00,5,16,Cash,Donation
53,100,1999-02-09T15:44:57-05:00,5,16,Cash,Pledge
53,100,1998-03-26T16:24:16-05:00,5,16,Cash,Donation
53,50,1998-07-02T09:18:26-04:00,5,12,Cash,Donation
53,50,1999-07-05T09:23:52-04:00,5,12,Cash,Donation
53,100,2000-04-04T10:48:14-04:00,5,16,Cash,Donation
53,100,2000-06-14T10:34:54-04:00,5,12,Cash,Donation
53,100,2001-05-31T13:46:49-04:00,5,12,Cash,Donation
53,100,2001-09-04T09:03:53-04:00,5,16,Cash,Donation
53,50,2002-08-02T14:22:18-04:00,5,12,Cash,Donation
53,150,2002-10-01T10:13:23-04:00,5,16,Cash,Donation
53,50,2003-07-10T11:51:44-04:00,5,12,Cash,Donation
53,100,2004-04-29T11:36:49-04:00,5,16,Cash,Donation
53,50,2004-06-01T12:01:58-04:00,5,12,Cash,Donation
53,25,2005-04-18T15:54:23-04:00,5,16,Cash,Donation
53,50,2005-10-31T04:24:42-05:00,5,12,Cash,Donation
53,100,1999-02-23T11:09:42-05:00,5,16,Cash,PledgePayment
53,200,2002-08-30T16:17:22-04:00,6,54,Cash,Pledge
53,50,1998-03-02T17:15:43-05:00,6,11,Cash,Donation
53,100,2002-08-30T16:17:55-04:00,6,54,Cash,PledgePayment
53,100,2003-08-06T12:07:54-04:00,6,54,Cash,PledgePayment
7889,100,2002-11-04T14:14:13-05:00,5,16,Cash,Donation
7889,100,2004-02-27T10:51:43-05:00,5,16,Cash,Donation
7889,50,2004-12-31T15:08:52-05:00,5,16,Cash,Donation
7889,50,2005-10-31T03:43:34-05:00,5,16,Cash,Donation
9554,50,2001-08-03T09:13:37-04:00,5,12,Cash,Donation
871,100,2001-12-26T09:12:25-05:00,5,7,Cash,Donation
871,50,2002-08-02T14:24:04-04:00,5,12,Cash,Donation
871,150,2003-07-08T13:22:27-04:00,5,12,Cash,Donation
2009,112,2014-09-19T09:34:40.413-04:00,5,7,Cash,Donation
2009,100,2017-06-27T13:00:26.96-04:00,5,12,Cash,Donation
2009,150,2021-01-04T13:47:31.963-05:00,5,7,Cash,Donation
2009,100,2021-07-02T16:07:55.93-04:00,5,12,Cash,Donation
2009,50,2024-07-19T21:17:10.743-04:00,5,12,Cash,Donation
871,100,2002-10-01T10:14:49-04:00,6,54,Cash,Donation
871,400,2002-12-05T12:16:36-05:00,6,54,Cash,Donation
2009,50,2013-12-19T16:14:14.853-05:00,6,24,Cash,Donation
2009,100,2017-12-15T14:58:34.003-05:00,6,24,Cash,Donation
10673,50,2001-08-03T09:28:21-04:00,5,12,Cash,Donation
10232,500,2001-01-30T13:15:02-05:00,5,7,Cash,Donation
10232,100,2001-05-31T13:47:39-04:00,5,12,Cash,Donation
10232,1500,2001-06-28T15:51:07-04:00,5,7,Cash,Donation
10232,500,2001-01-30T13:15:44-05:00,6,24,Cash,Donation
10232,1500,2001-06-28T15:51:32-04:00,,53,Cash,Donation
2009,25,1999-10-27T11:47:57-04:00,5,12,Cash,Donation
2009,100,2000-08-31T11:49:04-04:00,5,7,Cash,Donation
2009,100,2010-01-13T15:14:48.72-05:00,5,1,Cash,Donation
2009,25,2010-09-15T14:23:34.06-04:00,5,7,Cash,Donation
2009,25,2011-02-02T14:53:04.24-05:00,5,1,Cash,Donation
2009,25,2011-11-14T10:47:02.01-05:00,5,4,Cash,Donation
2009,200,1999-04-28T16:40:11-04:00,6,24,Cash,Donation
2009,100,2001-04-24T15:16:57-04:00,6,24,Cash,Donation
2009,200,2002-05-31T10:25:59-04:00,6,24,Cash,Donation
2009,1000,2006-06-13T11:45:40.357-04:00,6,24,Cash,Donation
2009,25,2001-09-04T09:48:53-04:00,7,51,Cash,Donation
2009,25,2010-10-05T13:43:46.343-04:00,,85,Cash,Donation
2808,50,2011-11-14T10:36:21.153-05:00,5,4,Cash,Donation
11833,50,2005-09-02T09:15:48-04:00,5,12,Cash,Donation
11158,20,2004-01-05T13:30:52-05:00,5,7,Cash,Donation
11158,25,2005-03-01T13:56:31-05:00,5,1,Cash,Donation
5853,100,1999-12-30T16:36:42-05:00,5,4,Cash,Donation
2088,25,2000-08-31T11:20:06-04:00,5,12,Cash,Donation
2095,25,1999-07-05T09:31:38-04:00,5,12,Cash,Donation
2095,50,2003-06-03T12:04:22-04:00,5,12,Cash,Donation
10472,25,2001-12-03T08:51:12-05:00,5,4,Cash,Donation
10472,10,2002-12-05T12:19:02-05:00,5,4,Cash,Donation
10472,15,2004-01-07T10:02:57-05:00,5,4,Cash,Donation
119,50,2000-12-06T10:05:46-05:00,5,12,Cash,Donation
119,100,2001-08-03T09:19:53-04:00,5,12,Cash,Donation
119,100,2002-05-02T08:19:37-04:00,5,12,Cash,Donation
119,100,2003-06-03T11:54:00-04:00,5,12,Cash,GiftInKind
119,100,2003-06-03T12:05:38-04:00,5,12,Cash,Donation
119,125,2004-06-01T12:11:56-04:00,5,12,Cash,Donation
119,200,2005-06-14T15:14:44-04:00,5,12,Cash,Donation
2681,25,1999-03-01T13:44:33-05:00,5,4,Cash,Donation
6788,100,1999-04-28T14:16:58-04:00,5,35,Cash,Donation
6788,100,2000-05-30T10:31:48-04:00,5,35,Cash,Donation
6788,100,2001-05-31T14:01:43-04:00,5,35,Cash,Donation
6788,100,2003-06-10T16:19:33-04:00,5,35,Cash,Donation
6212,100,2001-02-28T15:48:41-05:00,5,16,Cash,Pledge
2193,20,1998-08-31T13:28:59-04:00,5,7,Cash,Donation
2193,20,1998-09-29T10:13:39-04:00,5,12,Cash,Donation
2193,20,1998-10-26T10:41:36-05:00,5,12,Cash,Donation
2193,20,1998-12-02T09:15:09-05:00,5,12,Cash,Donation
2193,20,1998-12-29T13:32:36-05:00,5,12,Cash,Donation
2193,30,1999-02-05T12:05:12-05:00,5,12,Cash,Donation
2193,20,1999-03-01T13:42:17-05:00,5,12,Cash,Donation
2193,20,1999-03-30T11:35:04-05:00,5,12,Cash,Donation
2193,20,1999-04-28T14:20:13-04:00,5,12,Cash,Donation
2193,20,1999-05-28T11:22:57-04:00,5,12,Cash,Donation
2193,20,1999-07-05T14:55:50-04:00,5,12,Cash,Donation
2193,20,1999-08-03T09:00:09-04:00,5,12,Cash,Donation
2193,20,1999-09-01T15:05:56-04:00,5,12,Cash,Donation
2193,20,1999-10-05T10:08:25-04:00,5,12,Cash,Donation
2193,20,1999-10-27T13:56:30-04:00,5,12,Cash,Donation
2193,20,1999-11-29T14:04:51-05:00,5,12,Cash,Donation
2193,20,1999-12-30T16:15:38-05:00,5,12,Cash,Donation
2193,20,2000-02-01T11:57:10-05:00,5,12,Cash,Donation
2193,20,2000-02-25T09:09:05-05:00,5,12,Cash,Donation
2193,20,2000-04-04T10:11:06-04:00,5,12,Cash,Donation
2193,20,2000-04-27T13:04:11-04:00,5,12,Cash,Donation
2193,20,2000-05-30T10:33:18-04:00,5,12,Cash,Donation
2193,20,2000-06-14T10:45:57-04:00,5,12,Cash,Donation
2193,20,2000-07-31T13:30:58-04:00,5,12,Cash,Donation
2193,20,2000-08-31T11:39:32-04:00,5,12,Cash,Donation
2193,20,2000-09-28T11:51:59-04:00,5,12,Cash,Donation
2193,20,2000-10-26T12:09:58-04:00,5,12,Cash,Donation
2193,20,2000-12-21T11:16:35-05:00,5,12,Cash,Donation
2193,20,2001-01-30T13:22:55-05:00,5,12,Cash,Donation
2193,20,2001-03-01T14:49:45-05:00,5,12,Cash,Donation
2193,20,2001-04-03T09:45:26-04:00,5,12,Cash,Donation
2193,20,2001-04-20T16:15:21-04:00,5,12,Cash,Donation
2193,20,2001-05-31T14:05:41-04:00,5,12,Cash,Donation
2193,20,2001-06-13T15:48:27-04:00,5,12,Cash,Donation
2193,20,2001-08-02T16:44:21-04:00,5,12,Cash,Donation
2193,20,2001-09-04T09:10:42-04:00,5,12,Cash,Donation
2193,20,2001-09-27T11:18:35-04:00,5,12,Cash,Donation
2193,20,2001-10-31T15:54:57-05:00,5,12,Cash,Donation
2193,20,2001-12-03T10:38:18-05:00,5,12,Cash,Donation
2193,20,2002-01-28T15:47:31-05:00,5,12,Cash,Donation
2193,20,2002-03-01T14:01:53-05:00,5,12,Cash,Donation
2193,20,2002-03-28T15:16:19-05:00,5,12,Cash,Donation
11947,20,2004-01-21T10:37:48-05:00,5,24,Cash,GiftInKind
261,100,2001-05-31T14:11:46-04:00,5,12,Cash,Donation
261,100,2003-03-07T13:33:11-05:00,5,12,Cash,Donation
261,50,2003-06-03T12:15:47-04:00,5,12,Cash,Donation
261,100,2004-01-05T13:44:51-05:00,5,7,Cash,Donation
6212,100,2002-05-02T08:21:29-04:00,5,16,Cash,Donation
6212,100,2003-03-28T13:35:48-05:00,5,16,Cash,Donation
6212,50,2004-02-27T09:40:56-05:00,5,16,Cash,Donation
6212,100,2005-03-01T14:46:32-05:00,5,16,Cash,Donation
2752,10,1999-12-30T15:52:26-05:00,5,4,Cash,Donation
2752,10,2000-12-06T10:52:38-05:00,5,4,Cash,Donation
2752,15,2001-12-03T09:03:50-05:00,5,4,Cash,Donation
2752,15,2002-12-05T12:27:12-05:00,5,4,Cash,Donation
2752,15,2004-01-05T12:12:37-05:00,5,4,Cash,Donation
2756,25,1998-12-02T09:41:15-05:00,5,1,Cash,Donation
2756,25,1998-12-29T12:19:58-05:00,5,4,Cash,Donation
2756,35,2000-02-01T10:18:34-05:00,5,4,Cash,Donation
2756,50,2000-12-06T10:53:55-05:00,5,4,Cash,Donation
2756,50,2001-12-03T09:04:41-05:00,5,4,Cash,Donation
2756,5,2004-10-26T08:58:03-04:00,5,4,Cash,Donation
4508,25,2000-02-01T10:35:37-05:00,5,4,Cash,Donation
4508,25,2000-10-26T14:07:06-04:00,5,4,Cash,Donation
4508,35,2001-12-03T09:34:10-05:00,5,4,Cash,Donation
4508,25,2002-12-05T12:28:06-05:00,5,4,Cash,Donation
6060,100,1999-07-05T16:30:36-04:00,5,12,Cash,Donation
6060,100,2000-05-30T11:40:05-04:00,5,12,Cash,Donation
6060,100,2001-05-31T16:06:00-04:00,5,12,Cash,Donation
5699,200,1999-04-28T15:43:32-04:00,5,35,Cash,Donation
5699,200,2000-04-04T11:05:10-04:00,5,35,Cash,Donation
5699,200,2001-05-31T16:06:42-04:00,5,35,Cash,Donation
5699,300,2002-03-01T14:20:05-05:00,5,35,Cash,Donation
5699,200,2003-06-10T16:18:22-04:00,5,35,Cash,Donation
5699,200,2004-06-01T13:44:22-04:00,5,35,Cash,Donation
5699,200,2005-07-05T10:51:43-04:00,5,35,Cash,Donation
3570,50,2003-06-03T14:02:18-04:00,5,12,Cash,Donation
6263,25,1998-12-02T09:43:15-05:00,5,1,Cash,Donation
6263,25,2000-02-01T12:13:22-05:00,5,12,Cash,Donation
6263,25,2000-05-15T10:53:22-04:00,5,14,Cash,Donation
6263,50,2000-12-21T11:58:44-05:00,5,7,Cash,Donation
6263,25,2001-09-04T09:30:30-04:00,5,14,Cash,Donation
6263,25,2002-05-31T09:35:59-04:00,5,12,Cash,Donation
6263,50,2004-07-02T11:19:37-04:00,5,12,Cash,Donation
3358,100,2000-08-31T12:17:22-04:00,5,12,Cash,Donation
3358,100,2001-09-04T09:34:11-04:00,5,14,Cash,Donation
3358,100,2003-06-03T14:18:32-04:00,5,14,Cash,Donation
3358,100,2004-04-29T11:25:13-04:00,5,14,Cash,Donation
3358,100,2004-09-01T08:51:47-04:00,5,14,Cash,Donation
5635,10,2000-02-01T10:39:22-05:00,5,4,Cash,Donation
1163,10,2001-01-01T09:56:35-05:00,5,4,Cash,Donation
5635,10,2002-12-05T13:13:55-05:00,5,4,Cash,Donation
5635,10,2004-01-05T12:26:48-05:00,5,4,Cash,Donation
3416,25,1999-07-05T16:13:22-04:00,5,12,Cash,Donation
3416,25,1999-07-08T15:52:13-04:00,5,12,Cash,Donation
3416,15,2000-05-30T11:44:29-04:00,5,12,Cash,Donation
3416,25,2000-12-21T11:59:13-05:00,5,12,Cash,Donation
3416,25,2001-12-03T11:15:33-05:00,5,12,Cash,Donation
3416,25,2003-03-07T14:11:45-05:00,5,7,Cash,Donation
3416,50,2003-07-08T14:06:41-04:00,5,12,Cash,Donation
3416,50,2004-06-01T13:08:08-04:00,5,12,Cash,Donation
3416,50,2005-07-01T15:27:18-04:00,5,12,Cash,Donation
2771,20,1999-03-01T14:10:58-05:00,5,4,Cash,Donation
2771,20,2000-01-03T08:51:06-05:00,5,4,Cash,Donation
2771,20,2001-01-01T09:47:52-05:00,5,4,Cash,Donation
10969,50,2001-05-31T16:20:55-04:00,5,12,Cash,Donation
10969,25,2001-09-04T09:34:51-04:00,5,12,Cash,Donation
10969,20,2002-07-08T08:56:27-04:00,5,12,Cash,GiftInKind
10969,20,2002-08-05T09:42:23-04:00,5,12,Cash,Donation
1309,25,1999-12-30T16:44:31-05:00,5,4,Cash,Donation
1309,100,2001-01-30T13:45:42-05:00,5,4,Cash,Donation
1309,25,2001-09-04T09:35:34-04:00,5,14,Cash,Donation
1309,25,2001-12-26T09:40:12-05:00,5,4,Cash,Donation
1309,10,2003-07-08T14:03:42-04:00,5,14,Cash,Donation
1309,20,2004-07-30T10:41:02-04:00,5,14,Cash,Donation
1309,20,2005-07-05T10:31:13-04:00,5,53,Cash,Donation
3765,35,1999-07-05T16:35:24-04:00,5,12,Cash,Donation
3765,50,2004-06-01T12:12:27-04:00,5,12,Cash,Donation
3795,100,2000-05-30T14:04:14-04:00,5,12,Cash,Donation
3795,100,2004-07-02T14:27:04-04:00,5,12,Cash,Donation
11740,45,2002-05-31T10:04:48-04:00,5,16,Cash,Donation
6212,100,2001-04-03T09:47:42-04:00,5,16,Cash,PledgePayment
7709,50,2001-12-31T16:31:25-05:00,5,24,Cash,Donation
7709,25,2015-01-08T12:29:18.217-05:00,5,4,Cash,Donation
2811,25,1998-12-29T13:22:17-05:00,5,4,Cash,Donation
2811,35,2000-01-03T08:53:03-05:00,5,4,Cash,Donation
2811,25,2000-12-21T11:46:01-05:00,5,4,Cash,Donation
2811,25,2001-12-03T09:19:41-05:00,5,4,Cash,Donation
11765,75,2002-05-02T09:16:52-04:00,5,16,Cash,Donation
4556,10,2000-10-26T14:06:26-04:00,5,4,Cash,Donation
4556,25,2001-12-03T09:45:44-05:00,5,4,Cash,Donation
4556,10,2002-11-04T14:47:36-05:00,5,4,Cash,Donation
4556,10,2003-06-03T14:48:56-04:00,5,14,Cash,Donation
4556,10,2004-01-05T13:27:47-05:00,5,4,Cash,Donation
4556,10,2004-07-30T10:38:51-04:00,5,14,Cash,Donation
4556,10,2004-11-24T10:30:25-05:00,5,4,Cash,Donation
4556,25,2005-12-29T23:33:23-05:00,5,4,Cash,Donation
2819,25,1998-12-29T13:24:12-05:00,5,4,Cash,Donation
2819,25,2000-01-03T08:53:32-05:00,5,4,Cash,Donation
2819,25,2000-12-06T11:28:23-05:00,5,4,Cash,Donation
2819,25,2001-12-03T09:20:59-05:00,5,4,Cash,Donation
2819,35,2002-12-05T13:26:30-05:00,5,4,Cash,Donation
2819,25,2004-01-05T12:02:01-05:00,5,4,Cash,Donation
2819,25,2004-11-24T10:10:52-05:00,5,4,Cash,Donation
2819,20,2005-11-30T02:48:10-05:00,5,4,Cash,Donation
2824,10,1998-12-29T13:23:39-05:00,5,4,Cash,Donation
2824,10,1999-12-31T14:25:17-05:00,5,4,Cash,Donation
2824,10,2000-12-06T11:29:14-05:00,5,4,Cash,Donation
2824,10,2001-12-03T09:21:33-05:00,5,4,Cash,Donation
5873,90,1999-07-06T09:13:35-04:00,5,12,Cash,Donation
5637,20,2000-12-06T11:30:11-05:00,5,4,Cash,Donation
5637,25,2001-12-26T10:18:00-05:00,5,4,Cash,Donation
5637,25,2002-12-05T11:39:10-05:00,5,4,Cash,Donation
5637,25,2004-01-05T13:28:13-05:00,5,4,Cash,Donation
5637,25,2004-11-24T10:33:34-05:00,5,4,Cash,Donation
5637,25,2005-12-29T23:50:03-05:00,5,4,Cash,Donation
2827,15,1998-12-29T13:24:43-05:00,5,4,Cash,Donation
2827,15,2000-02-01T10:24:11-05:00,5,4,Cash,Donation
2827,15,2001-01-30T13:39:15-05:00,5,4,Cash,Donation
2827,15,2001-12-26T09:57:03-05:00,5,4,Cash,Donation
2827,15,2002-12-05T13:26:58-05:00,5,4,Cash,Donation
11767,50,2002-11-04T15:07:18-05:00,5,16,Cash,Donation
11767,50,2003-03-28T14:26:00-05:00,5,16,Cash,Donation
5124,200,1999-08-03T09:59:15-04:00,5,12,Cash,Donation
5124,100,2000-06-14T12:08:54-04:00,5,12,Cash,Donation
5124,50,2002-08-30T16:36:00-04:00,5,12,Cash,Donation
5124,100,2003-06-03T14:52:23-04:00,5,12,Cash,Donation
5124,100,2004-06-01T12:17:20-04:00,5,12,Cash,Donation
5124,50,2005-04-25T13:39:29-04:00,5,12,Cash,Donation
5124,100,2006-07-19T15:29:07.923-04:00,5,7,Cash,Donation
5124,100,2007-07-11T13:56:46.937-04:00,5,12,Cash,Donation
5124,100,2008-05-19T14:02:24.247-04:00,5,12,Cash,Donation
4956,10,2000-04-04T10:49:03-04:00,5,4,Cash,Donation
4956,10,2001-01-30T13:39:51-05:00,5,4,Cash,Donation
4956,10,2001-12-26T09:56:28-05:00,5,4,Cash,Donation
4956,10,2003-01-06T09:44:15-05:00,5,4,Cash,Donation
4956,10,2004-02-10T09:57:02-05:00,5,4,Cash,Donation
4956,10,2004-12-31T14:23:54-05:00,5,4,Cash,Donation
7,10000,2001-04-20T16:09:23-04:00,6,11,Cash,Donation
11158,10,2002-08-30T16:24:39-04:00,6,24,Cash,Donation
119,750,2002-08-30T16:22:00-04:00,6,54,Cash,Donation
4448,1000,1999-08-23T11:23:27-04:00,6,42,Cash,Pledge
11947,1000,2002-11-14T10:30:56-05:00,6,24,Cash,GiftInKind
2756,50,1998-10-26T10:55:54-05:00,6,24,Cash,Donation
2756,50,2002-08-05T09:35:13-04:00,6,24,Cash,Donation
1309,100,2000-04-27T15:32:17-04:00,6,24,Cash,Donation
1309,50,2000-09-28T11:58:06-04:00,6,24,Cash,Donation
7709,50,1998-10-26T11:25:45-05:00,6,24,Cash,Donation
4448,1000,1999-08-23T11:00:10-04:00,6,42,Cash,Donation
2819,50,2002-08-05T10:08:20-04:00,6,24,Cash,Donation
2819,25,2007-03-06T11:48:22.33-05:00,6,24,Cash,Donation
9981,100,2000-04-04T10:32:38-04:00,6,24,Cash,Donation
9981,100,2002-08-05T10:12:37-04:00,6,24,Cash,Donation
9981,100,2003-09-08T13:33:26-04:00,6,24,Cash,Donation
9981,100,2004-07-30T11:15:37-04:00,6,24,Cash,Donation
11330,105,2001-10-31T16:14:59-05:00,6,52,Cash,Donation
2088,25,2001-12-03T10:28:14-05:00,7,51,Cash,Donation
4956,10,2008-02-22T10:32:42.703-05:00,9,1,Cash,Donation
7709,50,2015-12-23T14:11:10.293-05:00,,90,Cash,Donation
7709,50,2018-12-28T15:02:38.897-05:00,,90,Cash,Donation
45970,60,2018-04-10T16:38:30.703-04:00,,78,Cash,Donation
6217,250,2014-03-21T11:15:24.33-04:00,,78,Cash,Donation
6217,250,2015-05-15T17:38:58.997-04:00,,78,Cash,Donation
6217,120,2017-03-20T17:38:26.483-04:00,,82,CreditCard,Donation
4375,200,2007-06-19T13:12:34.687-04:00,5,16,Cash,Donation
4405,100,1999-02-10T10:22:48-05:00,5,16,Cash,Donation
4405,100,2000-02-25T11:23:05-05:00,5,16,Cash,Donation
4405,100,2001-03-01T14:06:38-05:00,5,16,Cash,Donation
4405,100,2002-05-02T09:13:16-04:00,5,16,Cash,Donation
4405,100,2003-03-28T14:21:50-05:00,5,16,Cash,Donation
4405,100,2004-02-27T10:51:14-05:00,5,16,Cash,Donation
4405,100,2005-03-01T14:52:06-05:00,5,16,Cash,Donation
4405,100,2006-11-29T10:11:57.56-05:00,5,16,Cash,Donation
6217,100,1998-03-03T08:43:34-05:00,5,16,Cash,Donation
6217,100,2005-03-01T14:55:45-05:00,5,16,Cash,Donation
6217,150,2007-05-15T12:32:54.78-04:00,5,16,Cash,Donation
6217,250,2009-04-20T11:32:24.117-04:00,5,16,Cash,Donation
6217,142.5,2010-03-08T15:26:32.18-05:00,,82,Cash,Donation
6217,250,2011-03-16T15:54:55.557-04:00,,78,Cash,Donation
5869,50,1997-11-02T00:00:00-05:00,1,,Cash,Donation
5869,40,2002-07-25T10:24:02-04:00,1,,Cash,GiftInKind
3435,100,1997-11-02T00:00:00-05:00,1,,Cash,Donation
2784,25,1997-11-02T00:00:00-05:00,1,,Cash,Donation
2784,20,1997-11-02T00:00:00-05:00,1,,Cash,Donation
2784,75,2008-01-18T16:02:31.667-05:00,1,,Cash,Donation
2784,75,2010-01-06T11:47:23.363-05:00,1,,Cash,Donation
2784,75,2010-12-01T11:24:48.273-05:00,1,,Cash,Donation
2784,75,2011-12-02T10:52:32.387-05:00,1,,Cash,Donation
2784,75,2013-01-03T19:19:06.807-05:00,1,,Cash,Donation
2784,75,2013-12-19T16:18:59.27-05:00,1,,Cash,Donation
2784,75,2014-12-30T11:33:03.89-05:00,1,,Cash,Donation
2784,75,2019-12-31T16:36:22.66-05:00,1,,Cash,Donation
2784,35,2020-12-18T22:28:34.367-05:00,1,,Cash,Donation
2784,35,2021-12-27T16:53:32.17-05:00,1,,Cash,Donation
7525,500,1998-12-02T09:52:31-05:00,1,,Cash,Donation
7525,500,2000-02-01T12:27:49-05:00,1,,Cash,Donation
1463,25,1997-11-02T00:00:00-05:00,1,,Cash,Donation
1463,25,1997-11-02T00:00:00-05:00,1,,Cash,Donation
1463,25,2008-01-18T14:27:49.493-05:00,1,,Cash,Donation
1463,25,2009-12-21T14:23:41.923-05:00,1,,Cash,Donation
1463,25,2011-03-16T15:44:11.483-04:00,1,,Cash,Donation
1473,50,1997-11-02T00:00:00-05:00,1,,Cash,Donation
1473,5,2011-02-16T10:17:47.393-05:00,1,,Cash,Donation
1473,600,2014-12-30T11:26:06.227-05:00,1,,Cash,GiftInKind
1473,28.49,2015-08-03T16:04:17.45-04:00,1,,Cash,GiftInKind
1473,600,2016-01-07T13:42:06.503-05:00,1,,Cash,GiftInKind
1473,22,2016-10-31T14:28:27.28-04:00,1,,Cash,GiftInKind
1473,600,2017-01-24T14:07:32.01-05:00,1,,Cash,GiftInKind
1473,112.29,2017-05-04T16:05:40.817-04:00,1,,Cash,GiftInKind
1473,600,2019-01-16T11:38:58.427-05:00,1,,Cash,GiftInKind
1473,600,2020-01-24T15:58:55.837-05:00,1,,Cash,GiftInKind
1473,0,2021-01-13T18:42:16.547-05:00,1,,Cash,Donation
1473,600,2021-01-19T11:55:07.45-05:00,1,,Cash,GiftInKind
1473,600,2022-01-26T23:15:24.07-05:00,1,,Cash,GiftInKind
1473,600,2023-12-31T16:09:01.687-05:00,1,,Cash,GiftInKind
1473,600,2025-01-13T22:45:37.57-05:00,1,,Cash,GiftInKind
2788,25,1997-11-02T00:00:00-05:00,1,,Cash,Donation
2788,25,1997-11-02T00:00:00-05:00,1,,Cash,Donation
2788,50,1997-11-02T00:00:00-05:00,1,,Cash,Donation
2788,50,2010-12-01T12:05:14.663-05:00,1,,Cash,Donation
4128,5,1997-11-02T00:00:00-05:00,1,,Cash,Donation
4128,25,1997-11-02T00:00:00-05:00,1,,Cash,Donation
4128,10,1997-11-02T00:00:00-05:00,1,,Cash,Donation
10308,100,2011-12-15T19:42:02.433-05:00,1,,Cash,Donation
4182,400,1997-11-02T00:00:00-05:00,1,,Cash,Donation
4182,500,1997-11-02T00:00:00-05:00,1,,Cash,Donation
4182,500,1997-11-02T00:00:00-05:00,1,,Cash,Donation
4182,500,1997-11-02T00:00:00-05:00,1,,Cash,Donation
4182,500,1997-11-02T00:00:00-05:00,1,,Cash,Donation
4182,500,1997-11-02T00:00:00-05:00,1,,Cash,Donation
4182,15,1997-11-02T00:00:00-05:00,1,,Cash,Donation
4182,500,1997-11-02T00:00:00-05:00,1,,Cash,Donation
4182,500,1997-11-02T00:00:00-05:00,1,,Cash,Donation
4182,500,1997-11-02T00:00:00-05:00,1,,Cash,Donation
4182,600,1997-11-02T00:00:00-05:00,1,,Cash,Donation
4182,600,1997-11-02T00:00:00-05:00,1,,Cash,Donation
4182,600,1997-11-02T00:00:00-05:00,1,,Cash,Donation
4182,500,1997-11-02T00:00:00-05:00,1,,Cash,Donation
4182,250,1997-11-02T00:00:00-05:00,1,,Cash,Donation
4182,1000,1997-11-02T00:00:00-05:00,1,,Cash,Donation
4182,1344.38,1997-12-02T12:05:29-05:00,1,,Cash,Stock
4182,1437.5,1998-07-23T10:14:50-04:00,1,,Cash,Stock
4182,1817.62,1999-07-05T16:43:32-04:00,1,,Cash,Stock
4182,2658,2000-09-20T15:42:00-04:00,1,,Cash,Stock
4182,1542,2003-03-11T12:09:08-05:00,1,,Cash,Stock
4182,212.09,2004-10-19T15:53:25-04:00,1,,Cash,GiftInKind
4182,203.61,2005-01-12T11:38:04-05:00,1,,Cash,GiftInKind
4182,1678.16,2005-01-12T11:38:47-05:00,1,,Cash,Stock
4182,100,2007-01-03T09:53:57.54-05:00,1,,Cash,Donation
4182,100,2008-02-22T10:34:52.187-05:00,1,,Cash,Donation
4182,500,2009-12-18T15:50:06.917-05:00,1,,Cash,Donation
6545,500,2010-09-15T14:50:23.52-04:00,1,,Cash,Donation
11834,100,2011-12-15T18:33:00.533-05:00,1,,CreditCard,Donation
2796,10,1997-11-02T00:00:00-05:00,1,,Cash,Donation
2796,10,1997-11-02T00:00:00-05:00,1,,Cash,Donation
7684,20000,1998-09-08T09:48:33-04:00,1,,Cash,Donation
4547,50,1997-11-02T00:00:00-05:00,1,,Cash,Donation
4547,25,1997-11-02T00:00:00-05:00,1,,Cash,Donation
4067,10,1997-11-02T00:00:00-05:00,1,,Cash,Donation
4224,25,1997-11-02T00:00:00-05:00,1,,Cash,Donation
4224,25,1997-11-02T00:00:00-05:00,1,,Cash,Donation
4224,25,1997-11-02T00:00:00-05:00,1,,Cash,Donation
4224,25,1997-11-02T00:00:00-05:00,1,,Cash,Donation
4231,15,1997-11-02T00:00:00-05:00,1,,Cash,Donation
2802,3,1997-11-02T00:00:00-05:00,1,,Cash,Donation
2802,10,1997-11-02T00:00:00-05:00,1,,Cash,Donation
2802,15,1997-11-02T00:00:00-05:00,1,,Cash,Donation
3402,50,1997-11-02T00:00:00-05:00,1,,Cash,Donation
3402,50,2007-01-03T09:39:14.807-05:00,1,,Cash,Donation
965,10,1997-11-02T00:00:00-05:00,2,,Cash,Donation
1463,10,1997-11-02T00:00:00-05:00,2,,Cash,Donation
1473,10,1997-11-02T00:00:00-05:00,2,,Cash,Donation
1473,10,1997-11-02T00:00:00-05:00,2,,Cash,Donation
1473,10,1997-11-02T00:00:00-05:00,2,,Cash,Donation
1473,10,1997-11-02T00:00:00-05:00,2,,Cash,Donation
1473,10,1997-11-02T00:00:00-05:00,2,,Cash,Donation
1473,10,1997-11-02T00:00:00-05:00,2,,Cash,Donation
1473,25,1997-11-02T00:00:00-05:00,2,,Cash,Donation
1473,10,1997-11-02T00:00:00-05:00,2,,Cash,Donation
1555,100,1997-11-02T00:00:00-05:00,2,,Cash,Donation
4175,50,1997-11-02T00:00:00-05:00,2,,Cash,Donation
4175,20,1997-11-02T00:00:00-05:00,2,,Cash,Donation
4175,25,1997-11-02T00:00:00-05:00,2,,Cash,Donation
4175,25,1997-11-02T00:00:00-05:00,2,,Cash,Donation
4182,15,1997-11-02T00:00:00-05:00,2,,Cash,Donation
4182,1000,1997-11-02T00:00:00-05:00,2,,Cash,Donation
4182,1000,1997-11-02T00:00:00-05:00,2,,Cash,Donation
4182,1000,1997-11-02T00:00:00-05:00,2,,Cash,Donation
4182,500,1997-11-02T00:00:00-05:00,2,,Cash,Donation
4182,500,1997-11-02T00:00:00-05:00,2,,Cash,Donation
4182,500,1997-11-02T00:00:00-05:00,2,,Cash,Donation
1615,25,1997-11-02T00:00:00-05:00,2,,Cash,Donation
1615,50,1997-11-02T00:00:00-05:00,2,,Cash,Donation
1807,15,1997-11-02T00:00:00-05:00,2,,Cash,Donation
1807,15,1997-11-02T00:00:00-05:00,2,,Cash,Donation
1807,15,1997-11-02T00:00:00-05:00,2,,Cash,Donation
1807,15,1997-11-02T00:00:00-05:00,2,,Cash,Donation
1807,15,1997-11-02T00:00:00-05:00,2,,Cash,Donation
1807,15,1997-11-02T00:00:00-05:00,2,,Cash,Donation
1807,15,1997-11-02T00:00:00-05:00,2,,Cash,Donation
2784,20,1997-11-02T00:00:00-05:00,4,,Cash,Donation
2784,25,1997-11-02T00:00:00-05:00,4,,Cash,Donation
2784,20,1997-11-02T00:00:00-05:00,4,,Cash,Donation
2784,20,1997-11-02T00:00:00-05:00,4,,Cash,Donation
2784,20,1997-11-02T00:00:00-05:00,4,,Cash,Donation
2784,25,1997-11-02T00:00:00-05:00,4,,Cash,Donation
2784,50,1997-11-02T00:00:00-05:00,4,,Cash,Donation
2784,50,1997-12-15T09:24:06-05:00,4,,Cash,Donation
2784,100,1998-12-29T13:12:45-05:00,4,,Cash,Donation
2784,75,2000-01-03T08:52:37-05:00,4,,Cash,Donation
2784,75,2000-12-21T11:44:42-05:00,4,,Cash,Donation
2784,75,2001-12-03T09:12:34-05:00,4,,Cash,Donation
2784,50,2002-12-05T13:17:42-05:00,4,,Cash,Donation
2784,75,2004-01-05T12:15:46-05:00,4,,Cash,Donation
2784,75,2004-11-24T10:13:49-05:00,4,,Cash,Donation
1473,600,2017-12-20T14:34:00.93-05:00,4,,Cash,GiftInKind
3754,10,1997-11-02T00:00:00-05:00,4,,Cash,Donation
2788,25,1997-11-02T00:00:00-05:00,4,,Cash,Donation
2788,25,1997-11-02T00:00:00-05:00,4,,Cash,Donation
2788,25,1997-11-02T00:00:00-05:00,4,,Cash,Donation
2788,25,1997-11-02T00:00:00-05:00,4,,Cash,Donation
2788,25,1997-11-02T00:00:00-05:00,4,,Cash,Donation
2788,25,1997-11-02T00:00:00-05:00,4,,Cash,Donation
2788,25,1997-11-02T00:00:00-05:00,4,,Cash,Donation
2788,25,1997-11-02T00:00:00-05:00,4,,Cash,Donation
2788,25,1997-11-02T00:00:00-05:00,4,,Cash,Donation
2788,25,1997-12-15T10:00:33-05:00,4,,Cash,Donation
2788,25,1998-12-29T13:13:20-05:00,4,,Cash,Donation
2788,25,2000-01-03T08:54:58-05:00,4,,Cash,Donation
2788,25,2000-12-06T11:08:39-05:00,4,,Cash,Donation
2788,25,2001-12-03T09:13:51-05:00,4,,Cash,Donation
2788,25,2002-12-05T13:18:14-05:00,4,,Cash,Donation
2788,25,2004-01-05T13:59:16-05:00,4,,Cash,Donation
2788,25,2004-11-24T10:14:53-05:00,4,,Cash,Donation
2788,25,2009-12-21T14:30:30.703-05:00,4,,Cash,Donation
2788,25,2014-12-15T15:59:18.483-05:00,4,,Cash,Donation
5360,5,1997-11-02T00:00:00-05:00,4,,Cash,Donation
5360,10,1997-11-02T00:00:00-05:00,4,,Cash,Donation
5360,10,1997-11-02T00:00:00-05:00,4,,Cash,Donation
5360,10,1997-12-15T09:34:24-05:00,4,,Cash,Donation
5360,10,1998-12-29T13:14:04-05:00,4,,Cash,Donation
5360,10,1999-12-31T14:25:51-05:00,4,,Cash,Donation
5360,10,2000-12-06T11:09:18-05:00,4,,Cash,Donation
5360,10,2001-12-26T09:55:58-05:00,4,,Cash,Donation
5360,10,2004-11-24T10:17:42-05:00,4,,Cash,Donation
4942,5,1997-11-02T00:00:00-05:00,4,,Cash,Donation
4942,5,1997-11-02T00:00:00-05:00,4,,Cash,Donation
4942,10,1997-11-02T00:00:00-05:00,4,,Cash,Donation
4942,10,1997-11-02T00:00:00-05:00,4,,Cash,Donation
4942,10,1997-11-02T00:00:00-05:00,4,,Cash,Donation
4942,20,1997-12-15T09:57:17-05:00,4,,Cash,Donation
4942,20,1998-12-29T13:14:40-05:00,4,,Cash,Donation
4942,25,2000-01-03T09:14:22-05:00,4,,Cash,Donation
4942,25,2000-12-06T11:10:07-05:00,4,,Cash,Donation
4942,25,2001-12-03T09:14:30-05:00,4,,Cash,Donation
4942,25,2002-12-05T13:18:59-05:00,4,,Cash,Donation
5395,10,1997-11-02T00:00:00-05:00,4,,Cash,Donation
5395,10,1997-11-02T00:00:00-05:00,4,,Cash,Donation
5395,10,1997-11-02T00:00:00-05:00,4,,Cash,Donation
5395,10,1997-11-02T00:00:00-05:00,4,,Cash,Donation
5395,10,1997-11-02T00:00:00-05:00,4,,Cash,Donation
5395,10,1997-11-26T13:29:48-05:00,4,,Cash,Donation
5395,20,1999-11-29T14:32:39-05:00,4,,Cash,Donation
5395,10,2000-12-06T11:10:45-05:00,4,,Cash,Donation
5395,10,2001-12-03T10:21:32-05:00,4,,Cash,Donation
5395,30,2002-12-05T11:30:02-05:00,4,,Cash,Donation
5395,10,2004-01-07T10:15:43-05:00,4,,Cash,Donation
5395,10,2004-12-31T14:17:14-05:00,4,,Cash,Donation
5395,10,2006-03-07T09:56:50.263-05:00,4,,Cash,Donation
5395,10,2007-03-06T10:02:02.317-05:00,4,,Cash,Donation
5788,10,1997-11-02T00:00:00-05:00,4,,Cash,Donation
5788,25,1997-11-26T13:39:20-05:00,4,,Cash,Donation
4182,75,1997-11-02T00:00:00-05:00,4,,Cash,Donation
2796,10,1997-11-02T00:00:00-05:00,4,,Cash,Donation
2796,10,1997-11-02T00:00:00-05:00,4,,Cash,Donation
2796,20,1997-11-02T00:00:00-05:00,4,,Cash,Donation
2796,20,1997-11-02T00:00:00-05:00,4,,Cash,Donation
2796,20,1997-11-02T00:00:00-05:00,4,,Cash,Donation
2796,20,1997-11-02T00:00:00-05:00,4,,Cash,Donation
2796,20,1997-11-02T00:00:00-05:00,4,,Cash,Donation
2796,20,1997-11-02T00:00:00-05:00,4,,Cash,Donation
4547,25,1997-11-02T00:00:00-05:00,4,,Cash,Donation
4547,25,1997-11-02T00:00:00-05:00,4,,Cash,Donation
4547,25,1997-11-02T00:00:00-05:00,4,,Cash,Donation
4547,50,1997-11-26T09:31:27-05:00,4,,Cash,Donation
4547,50,2000-02-01T10:45:01-05:00,4,,Cash,Donation
4547,40,2000-10-26T14:03:35-04:00,4,,Cash,Donation
4547,50,2001-12-26T10:17:35-05:00,4,,Cash,Donation
4547,50,2004-01-05T13:26:28-05:00,4,,Cash,Donation
4234,20,2004-01-05T12:05:13-05:00,4,,Cash,Donation
2802,10,1997-11-02T00:00:00-05:00,4,,Cash,Donation
5601,10,1997-11-02T00:00:00-05:00,4,,Cash,Donation
5601,10,1997-11-02T00:00:00-05:00,4,,Cash,Donation
5601,10,1997-11-02T00:00:00-05:00,4,,Cash,Donation
5824,10,1997-11-02T00:00:00-05:00,4,,Cash,Donation
5824,10,1999-03-01T14:15:54-05:00,4,,Cash,Donation
5824,10,2000-02-25T10:27:49-05:00,4,,Cash,Donation
5824,10,2000-12-21T11:40:17-05:00,4,,Cash,Donation
5824,10,2001-12-03T09:18:23-05:00,4,,Cash,Donation
5824,10,2004-01-07T10:04:21-05:00,4,,Cash,Donation
3402,25,1997-11-02T00:00:00-05:00,4,,Cash,Donation
2452,25,1997-11-02T00:00:00-05:00,4,,Cash,Donation
4334,10,1997-11-02T00:00:00-05:00,4,,Cash,Donation
4334,10,1997-11-02T00:00:00-05:00,4,,Cash,Donation
11782,100,2002-05-01T16:35:55-04:00,5,16,Cash,Donation
7,25,1998-05-04T10:24:38-04:00,5,14,Cash,Donation
5853,100,1998-12-02T09:12:07-05:00,5,1,Cash,Donation
9554,50,2000-06-14T11:57:01-04:00,5,12,Cash,Donation
10232,500,2000-07-31T13:15:06-04:00,5,12,Cash,Donation
2088,50,1999-09-01T15:00:53-04:00,5,12,Cash,Donation
4461,20,1997-11-26T13:57:59-05:00,5,4,Cash,Donation
2095,25,1998-07-02T09:14:11-04:00,5,12,Cash,Donation
2272,25,1997-11-02T00:00:00-05:00,5,12,Cash,Donation
2272,25,1997-12-31T15:05:40-05:00,5,12,Cash,Donation
2272,25,1997-12-31T15:06:02-05:00,5,12,Cash,Donation
2272,25,1997-12-31T15:06:25-05:00,5,12,Cash,Donation
2272,25,1997-12-31T15:07:34-05:00,5,7,Cash,Donation
2272,25,1997-12-31T15:07:54-05:00,5,7,Cash,Donation
2272,45,1998-07-02T09:12:31-04:00,5,12,Cash,Donation
10472,15,2000-12-06T09:52:14-05:00,5,4,Cash,Donation
5281,25,1997-12-09T15:04:04-05:00,5,4,Cash,Donation
119,90,1998-06-05T10:25:03-04:00,5,12,Cash,Donation
2368,200,1998-03-02T17:26:51-05:00,5,16,Cash,Donation
6788,100,1998-01-27T16:48:05-05:00,5,35,Cash,Donation
2193,20,1998-01-27T16:48:54-05:00,5,7,Cash,Donation
2193,20,1998-03-02T17:31:36-05:00,5,7,Cash,Donation
2193,20,1998-03-26T16:43:43-05:00,5,7,Cash,Donation
2193,20,1998-05-04T10:36:45-04:00,5,7,Cash,Donation
2193,20,1998-06-05T10:28:33-04:00,5,7,Cash,Donation
2193,20,1998-07-02T09:38:34-04:00,5,7,Cash,Donation
2193,120,1998-08-05T13:29:31-04:00,5,12,Cash,Donation
6212,100,1998-03-02T17:35:24-05:00,5,16,Cash,Donation
2756,25,1997-12-15T09:18:59-05:00,5,4,Cash,Donation
4508,25,1997-11-26T14:16:43-05:00,5,4,Cash,Donation
6060,45,1998-08-05T14:10:38-04:00,5,12,Cash,Donation
5699,175,1998-02-04T10:20:52-05:00,5,35,Cash,Donation
6263,25,1998-05-04T11:34:20-04:00,5,14,Cash,Donation
3358,100,1998-02-04T10:30:12-05:00,5,7,Cash,Donation
5635,10,1997-11-26T14:14:27-05:00,5,4,Cash,Donation
3379,15,2008-04-04T08:25:07.563-04:00,5,7,Cash,Donation
3416,10,1998-07-02T11:27:19-04:00,5,12,Cash,Donation
2771,20,1998-03-03T08:02:16-05:00,5,4,Cash,Donation
1309,25,1997-12-31T14:16:30-05:00,5,1,Cash,Donation
1309,25,1998-12-29T14:00:42-05:00,5,1,Cash,Donation
3733,50,2005-07-01T15:34:21-04:00,5,12,Cash,Donation
3765,45,1998-07-02T11:40:36-04:00,5,12,Cash,Donation
5624,25,1997-12-09T16:49:38-05:00,5,4,Cash,Donation
3795,45,1998-07-02T11:41:19-04:00,5,12,Cash,Donation
4182,75,1997-11-02T00:00:00-05:00,5,,Cash,Donation
2808,75,2000-01-03T08:56:00-05:00,5,4,Cash,Donation
2808,50,2000-12-06T11:25:51-05:00,5,4,Cash,Donation
2808,100,2001-12-03T09:19:04-05:00,5,4,Cash,Donation
2808,50,2004-01-05T12:17:59-05:00,5,4,Cash,Donation
2808,100,2004-11-24T10:09:49-05:00,5,4,Cash,Donation
2808,100,2007-10-24T12:30:51.577-04:00,5,12,PersonalCheck,Donation
2811,100,1997-12-15T09:44:10-05:00,5,4,Cash,Donation
4405,100,1998-03-03T08:36:44-05:00,5,16,Cash,Donation
4448,20,1998-07-03T14:34:44-04:00,5,4,Cash,Donation
4448,20,1998-12-02T10:09:35-05:00,5,1,Cash,Donation
2819,25,1997-12-15T09:32:21-05:00,5,4,Cash,Donation
4627,50,2001-06-01T08:52:57-04:00,5,16,Cash,Donation
4627,50,2001-09-04T09:44:54-04:00,5,16,Cash,Donation
2824,10,1997-12-15T09:48:58-05:00,5,4,Cash,Donation
2824,10,1997-12-31T14:18:44-05:00,5,4,Cash,Donation
5873,45,1998-07-02T14:03:33-04:00,5,12,Cash,Donation
5637,25,1997-11-26T14:00:55-05:00,5,4,Cash,Donation
2827,15,1997-12-15T09:56:21-05:00,5,4,Cash,Donation
2009,100,1997-11-02T00:00:00-05:00,5,7,Cash,Donation
2009,100,1997-11-02T00:00:00-05:00,5,2,Cash,Donation
2009,50,1997-11-02T00:00:00-05:00,5,7,Cash,Donation
2009,50,1997-12-31T11:28:59-05:00,5,2,Cash,Donation
2009,10,1997-12-31T11:31:23-05:00,5,7,Cash,Donation
2009,20,1997-12-31T11:32:50-05:00,5,7,Cash,Donation
2009,25,1997-12-31T11:33:37-05:00,5,1,Cash,Donation
5124,200,1998-08-05T14:45:12-04:00,5,12,Cash,Donation
4956,10,1997-12-15T09:36:32-05:00,5,4,Cash,Donation
4956,10,1999-03-01T14:18:34-05:00,5,4,Cash,Donation
9554,25,2000-02-25T08:45:53-05:00,6,24,Cash,Donation
10232,500,2000-07-31T13:14:00-04:00,6,24,Cash,Donation
2272,50,1997-12-31T15:06:53-05:00,6,9,Cash,Donation
149,1000,1997-11-02T00:00:00-05:00,6,22,Cash,Donation
10378,25,2000-09-28T12:14:46-04:00,6,24,Cash,Donation
2756,50,1998-06-05T10:54:36-04:00,6,24,Cash,Donation
3644,1000,1997-11-02T00:00:00-05:00,6,37,Cash,Donation
3644,1000,1997-11-02T00:00:00-05:00,6,22,Cash,Donation
3644,500,1997-11-02T00:00:00-05:00,6,22,Cash,Donation
4182,75,1997-11-02T00:00:00-05:00,6,,Cash,Donation
4448,5000,1998-07-03T14:34:22-04:00,6,24,Cash,Donation
4456,200,1997-11-02T00:00:00-05:00,6,22,Cash,Donation
2009,50,1997-11-02T00:00:00-05:00,6,23,Cash,Donation
2009,100,1997-12-31T11:30:34-05:00,6,13,Cash,Donation
2009,100,1998-03-09T09:21:58-05:00,6,24,Cash,Donation
2009,100,1998-06-05T11:30:01-04:00,6,24,Cash,Donation
7,50,1997-12-30T10:38:34-05:00,7,29,Cash,Donation
5853,100,1997-11-02T00:00:00-05:00,7,32,Cash,Donation
53,50,1997-12-30T11:47:10-05:00,7,29,Cash,Donation
2272,25,1997-12-31T15:05:08-05:00,7,26,Cash,Donation
149,100,1997-11-02T00:00:00-05:00,7,31,Cash,Donation
6467,100,1997-11-02T00:00:00-05:00,7,33,Cash,Donation
3568,50,1997-11-02T00:00:00-05:00,7,33,Cash,Donation
1213,25,1997-11-02T00:00:00-05:00,7,31,Cash,Donation
1237,50,1997-11-02T00:00:00-05:00,7,31,Cash,Donation
3644,50,1997-11-02T00:00:00-05:00,7,31,Cash,Donation
3644,100,1997-11-02T00:00:00-05:00,7,32,Cash,Donation
3644,1000,1997-11-02T00:00:00-05:00,7,32,Cash,Donation
3644,1000,1997-11-02T00:00:00-05:00,7,32,Cash,Donation
3644,1000,1997-11-02T00:00:00-05:00,7,32,Cash,Donation
3644,1000,1997-11-02T00:00:00-05:00,7,32,Cash,Donation
3644,1000,1997-11-02T00:00:00-05:00,7,32,Cash,Donation
1463,25,2003-03-07T14:30:07-05:00,7,,Cash,Donation
1463,25,2014-12-22T11:17:21.877-05:00,7,,Cash,Donation
1463,25,2015-12-29T11:54:02.183-05:00,7,,Cash,Donation
1473,65.1,2006-05-30T13:39:59.717-04:00,7,,Cash,GiftInKind
1473,20,2010-10-06T17:38:22.413-04:00,7,,Cash,Donation
1473,12.96,2014-07-30T16:20:08.973-04:00,7,,Cash,GiftInKind
1473,25,2016-12-08T14:39:24.893-05:00,7,,Cash,Donation
5395,113,2006-05-16T16:17:34.233-04:00,7,,Cash,GiftInKind
1555,25,1997-11-02T00:00:00-05:00,7,,Cash,Donation
1555,200,2015-06-12T14:10:29.98-04:00,7,,Cash,Donation
10308,200,2000-08-31T16:54:30-04:00,7,,Cash,Donation
10308,2000,2006-08-08T10:16:27.14-04:00,7,,Cash,Donation
4182,500,1997-11-02T00:00:00-05:00,7,,Cash,Donation
4182,500,1997-11-02T00:00:00-05:00,7,,Cash,Donation
4182,50,1997-11-02T00:00:00-05:00,7,,Cash,Donation
4182,500,1997-11-02T00:00:00-05:00,7,,Cash,Donation
4182,10,1997-11-02T00:00:00-05:00,7,,Cash,Donation
4182,500,1997-11-02T00:00:00-05:00,7,,Cash,Donation
4182,100,2001-01-30T13:51:04-05:00,7,,Cash,Donation
4182,250,2007-08-01T15:23:38.92-04:00,7,,Cash,Donation
6545,200,2013-02-07T14:30:20.553-05:00,7,,Cash,Donation
6545,200,2014-02-04T18:25:26.28-05:00,7,,Cash,Donation
4234,50,1997-11-02T00:00:00-05:00,7,,Cash,Donation
4234,10,1997-11-02T00:00:00-05:00,7,,Cash,Donation
4234,20,1997-11-02T00:00:00-05:00,7,,Cash,Donation
4234,20,1997-11-02T00:00:00-05:00,7,,Cash,Donation
11289,50,2010-12-06T16:44:46.337-05:00,7,,Cash,Donation
1807,25,1997-11-02T00:00:00-05:00,7,,Cash,Donation
1807,10,1997-11-02T00:00:00-05:00,7,,Cash,Donation
1807,50,2011-01-04T15:25:53.937-05:00,7,,Cash,Donation
1807,100,2013-12-13T12:56:28.377-05:00,7,,Cash,Donation
1807,100,2014-12-22T11:19:23.883-05:00,7,,Cash,Donation
1807,100,2016-01-08T17:37:29.71-05:00,7,,Cash,Donation
4456,25,1997-11-02T00:00:00-05:00,7,31,Cash,Donation
2009,100,1997-11-02T00:00:00-05:00,7,27,Cash,Donation
2009,100,1997-11-02T00:00:00-05:00,7,30,Cash,Donation
2009,10,1997-11-02T00:00:00-05:00,7,30,Cash,Donation
3389,5,1997-11-02T00:00:00-05:00,8,,Cash,Donation
1463,25,1997-11-02T00:00:00-05:00,8,,Cash,Donation
4880,20,1997-11-02T00:00:00-05:00,8,,Cash,Donation
1555,25,1997-11-02T00:00:00-05:00,8,,Cash,Donation
4231,5,1997-11-02T00:00:00-05:00,8,,Cash,Donation
4231,10,1997-11-02T00:00:00-05:00,9,,Cash,Donation
1463,25,1997-11-02T00:00:00-05:00,10,,Cash,Donation
3612,25,1997-11-02T00:00:00-05:00,10,,Cash,Donation
4231,15,1997-11-02T00:00:00-05:00,10,,Cash,Donation
1807,30,1997-11-02T00:00:00-05:00,10,,Cash,Donation
4182,150,1998-03-03T08:19:50-05:00,11,,Cash,Donation
7684,20000,1999-10-27T13:22:45-04:00,11,,Cash,Donation
3845,5,1997-11-02T00:00:00-05:00,12,,Cash,Donation
2784,50,2014-07-15T16:07:25.09-04:00,12,,Cash,Donation
3389,5,1997-11-02T00:00:00-05:00,12,,Cash,Donation
3389,5,1997-11-02T00:00:00-05:00,12,,Cash,Donation
3389,5,1997-11-02T00:00:00-05:00,12,,Cash,Donation
3389,10,1997-11-02T00:00:00-05:00,12,,Cash,Donation
3389,10,1997-11-02T00:00:00-05:00,12,,Cash,Donation
3389,10,1997-11-02T00:00:00-05:00,12,,Cash,Donation
3939,35,1997-11-02T00:00:00-05:00,12,,Cash,Donation
3939,35,1997-11-02T00:00:00-05:00,12,,Cash,Donation
1463,25,2012-07-04T09:37:06.867-04:00,12,,Cash,Donation
1473,35,1997-11-02T00:00:00-05:00,12,,Cash,Donation
1473,40,1997-11-02T00:00:00-05:00,12,,Cash,Donation
1473,40,1997-11-02T00:00:00-05:00,12,,Cash,Donation
1473,25,1998-12-21T15:13:57-05:00,12,,Cash,Donation
1473,30.72,2013-09-05T16:59:48.53-04:00,12,,Cash,GiftInKind
1473,10,2014-05-09T19:31:30.867-04:00,12,,CreditCard,Donation
2788,25,2014-06-10T14:44:25.2-04:00,12,,Cash,Donation
2788,75,2015-06-12T15:31:35.927-04:00,12,,Cash,Donation
2788,50,2016-07-06T15:06:13.78-04:00,12,,Cash,Donation
8423,25,1999-07-05T16:34:51-04:00,12,,Cash,Donation
8423,25,2000-05-30T14:29:42-04:00,12,,Cash,Donation
8423,25,2003-06-03T14:31:29-04:00,12,,Cash,Donation
4175,50,2002-08-05T09:56:32-04:00,12,,Cash,Donation
10308,50,2005-07-01T16:47:11-04:00,12,,Cash,Donation
10308,100,2008-07-23T14:41:23.697-04:00,12,,Cash,Donation
10308,100,2009-05-26T10:40:15.737-04:00,12,,Cash,Donation
10308,75,2011-06-10T14:41:29.323-04:00,12,,Cash,Donation
10308,150,2012-07-04T09:44:39.843-04:00,12,,Cash,Donation
10308,150,2014-07-03T13:03:08.687-04:00,12,,Cash,Donation
4182,100,1997-11-02T00:00:00-05:00,12,,Cash,Donation
4182,500,1997-11-26T16:19:33-05:00,12,,Cash,Donation
4182,500,1998-12-02T10:01:43-05:00,12,,Cash,Donation
4182,1000,2001-12-26T09:47:21-05:00,12,,Cash,Donation
6545,300,2011-05-23T15:49:12.257-04:00,12,,Cash,Donation
6545,150,2013-06-14T15:02:33.583-04:00,12,,Cash,Donation
11834,100,2006-07-20T16:48:07.58-04:00,12,,Cash,Donation
11834,100,2007-07-11T15:28:40.547-04:00,12,,Cash,Donation
11834,960,2016-07-06T15:46:50.763-04:00,12,,Cash,Donation
1615,100,1998-08-05T14:21:25-04:00,12,,Cash,Donation
1615,50,1999-02-10T10:20:18-05:00,12,,Cash,Donation
1615,100,1999-08-03T09:51:24-04:00,12,,Cash,Donation
1615,150,2001-01-30T13:53:37-05:00,12,,Cash,Donation
1615,150,2001-06-01T08:34:35-04:00,12,,Cash,Donation
1615,100,2004-07-02T11:31:01-04:00,12,,Cash,Donation
1615,250,2005-07-01T16:18:07-04:00,12,,Cash,Donation
3612,10,1997-11-02T00:00:00-05:00,12,,Cash,Donation
3612,35,1997-11-02T00:00:00-05:00,12,,Cash,Donation
3612,25,1997-11-02T00:00:00-05:00,12,,Cash,Donation
3612,25,1997-11-02T00:00:00-05:00,12,,Cash,Donation
3612,25,1997-11-02T00:00:00-05:00,12,,Cash,Donation
3612,25,1997-11-02T00:00:00-05:00,12,,Cash,Donation
3612,25,1997-12-24T13:31:10-05:00,12,,Cash,Donation
3612,25,1998-07-02T11:59:56-04:00,12,,Cash,Donation
3612,25,1999-08-03T09:51:54-04:00,12,,Cash,Donation
3612,35,2000-02-01T12:34:39-05:00,12,,Cash,Donation
3612,25,2000-05-30T14:35:02-04:00,12,,Cash,Donation
3612,25,2001-12-03T11:26:02-05:00,12,,Cash,Donation
3612,25,2002-08-05T09:57:11-04:00,12,,Cash,Donation
3612,25,2003-06-03T14:42:21-04:00,12,,Cash,Donation
3612,50,2004-06-01T12:22:07-04:00,12,,Cash,Donation
3612,25,2005-09-02T09:07:11-04:00,12,,Cash,Donation
3612,25,2006-07-20T16:51:32.16-04:00,12,,Cash,Donation
4231,10,1997-11-02T00:00:00-05:00,12,,Cash,Donation
4231,10,1997-11-02T00:00:00-05:00,12,,Cash,Donation
4231,15,1997-11-02T00:00:00-05:00,12,,Cash,Donation
4231,10,1997-11-02T00:00:00-05:00,12,,Cash,Donation
4231,20,1997-11-02T00:00:00-05:00,12,,Cash,Donation
4231,20,1997-11-02T00:00:00-05:00,12,,Cash,Donation
4231,20,1997-11-02T00:00:00-05:00,12,,Cash,Donation
4231,25,1997-11-02T00:00:00-05:00,12,,Cash,Donation
4231,10,1997-11-02T00:00:00-05:00,12,,Cash,Donation
4231,25,1997-11-02T00:00:00-05:00,12,,Cash,Donation
4231,25,1997-11-02T00:00:00-05:00,12,,Cash,Donation
5935,100,1997-11-02T00:00:00-05:00,12,,Cash,Donation
4234,20,2001-12-03T11:28:56-05:00,12,,Cash,Donation
4234,25,2002-12-10T10:55:50-05:00,12,,Cash,Donation
4234,25,2004-11-24T10:55:28-05:00,12,,Cash,Donation
11289,25,2002-08-05T10:00:13-04:00,12,,Cash,Donation
11289,50,2003-07-08T14:31:36-04:00,12,,Cash,Donation
11289,50,2004-06-01T12:18:04-04:00,12,,Cash,Donation
11289,50,2005-07-01T15:26:01-04:00,12,,Cash,Donation
11289,25,2006-07-20T16:32:33.58-04:00,12,,Cash,Donation
11289,50,2009-06-01T15:39:36.79-04:00,12,,Cash,Donation
11289,50,2010-06-08T16:36:27.2-04:00,12,,Cash,Donation
11289,75,2012-07-12T12:43:59.047-04:00,12,,Cash,Donation
11289,75,2013-06-06T10:21:12.397-04:00,12,,Cash,Donation
11289,75,2014-07-03T13:27:55.82-04:00,12,,Cash,Donation
4340,5,1997-11-02T00:00:00-05:00,12,,Cash,Donation
3402,100,1997-11-02T00:00:00-05:00,12,,Cash,Donation
3402,50,1997-11-02T00:00:00-05:00,12,,Cash,Donation
3402,75,1997-11-02T00:00:00-05:00,12,,Cash,Donation
3402,70,1997-11-02T00:00:00-05:00,12,,Cash,Donation
3402,75,1997-11-02T00:00:00-05:00,12,,Cash,Donation
3402,50,1997-11-02T00:00:00-05:00,12,,Cash,Donation
3402,100,1997-11-02T00:00:00-05:00,12,,Cash,Donation
3402,50,1997-11-02T00:00:00-05:00,12,,Cash,Donation
3402,50,1997-11-02T00:00:00-05:00,12,,Cash,Donation
3402,50,1997-11-02T00:00:00-05:00,12,,Cash,Donation
3402,50,1997-11-02T00:00:00-05:00,12,,Cash,Donation
3402,100,1998-07-02T13:55:49-04:00,12,,Cash,Donation
3402,50,1999-07-05T16:51:04-04:00,12,,Cash,Donation
3402,50,2000-05-30T14:08:06-04:00,12,,Cash,Donation
3402,50,2003-06-03T14:26:38-04:00,12,,Cash,Donation
3402,50,2004-06-01T12:18:48-04:00,12,,Cash,Donation
3402,50,2005-09-02T09:04:56-04:00,12,,Cash,Donation
3402,50,2008-05-19T12:58:32.107-04:00,12,,Cash,Donation
1807,35,1997-11-02T00:00:00-05:00,12,,Cash,Donation
1807,35,1997-11-02T00:00:00-05:00,12,,Cash,Donation
1807,25,1997-11-02T00:00:00-05:00,12,,Cash,Donation
1807,30,1997-11-02T00:00:00-05:00,12,,Cash,Donation
1807,100,1997-11-02T00:00:00-05:00,12,,Cash,Donation
1807,50,1997-11-02T00:00:00-05:00,12,,Cash,Donation
1807,35,1997-11-02T00:00:00-05:00,12,,Cash,Donation
1807,50,1997-11-02T00:00:00-05:00,12,,Cash,Donation
1807,100,1997-11-02T00:00:00-05:00,12,,Cash,Donation
1807,100,1997-11-02T00:00:00-05:00,12,,Cash,Donation
1807,45,1998-07-02T14:01:53-04:00,12,,Cash,Donation
1807,100,2002-05-02T08:57:01-04:00,12,,Cash,Donation
1807,200,2003-06-03T14:46:00-04:00,12,,Cash,Donation
1807,200,2004-07-02T11:18:44-04:00,12,,Cash,Donation
1807,250,2005-06-14T15:16:53-04:00,12,,Cash,Donation
1807,250,2006-06-13T11:10:42.013-04:00,12,,Cash,Donation
1807,250,2007-03-06T14:06:09.283-05:00,12,,Cash,Donation
1807,250,2008-05-19T11:50:37.53-04:00,12,,Cash,Donation
1807,150,2011-05-16T14:38:19.55-04:00,12,,Cash,Donation
1807,75,2012-06-29T15:11:02.807-04:00,12,,Cash,Donation
1807,150,2013-06-06T10:22:05.15-04:00,12,,Cash,Donation
1807,125,2015-07-01T11:49:27.747-04:00,12,,Cash,Donation
1807,320,2016-07-06T15:42:18.16-04:00,12,,Cash,Donation
1807,320,2017-06-16T11:09:12.35-04:00,12,,Cash,Donation
6720,500,1997-12-30T13:54:08-05:00,14,,Cash,Donation
7156,100,1999-04-06T16:38:13-04:00,16,,Cash,Donation
1473,10,2014-03-06T12:50:00.933-05:00,16,,CreditCard,Donation
4088,25,1997-11-02T00:00:00-05:00,16,,Cash,Donation
4088,50,1997-11-02T00:00:00-05:00,16,,Cash,Donation
4088,50,1997-11-02T00:00:00-05:00,16,,Cash,Donation
4088,50,1997-11-02T00:00:00-05:00,16,,Cash,Donation
4088,50,1997-11-02T00:00:00-05:00,16,,Cash,Donation
4088,50,1997-11-02T00:00:00-05:00,16,,Cash,Donation
4088,50,1997-11-02T00:00:00-05:00,16,,Cash,Donation
4088,50,1998-03-03T08:16:40-05:00,16,,Cash,Donation
4088,50,1999-02-10T10:15:18-05:00,16,,Cash,Donation
4088,75,2000-02-25T11:05:12-05:00,16,,Cash,Donation
4088,100,2001-04-03T12:24:38-04:00,16,,Cash,Donation
4088,100,2002-07-02T09:14:52-04:00,16,,Cash,Donation
4088,100,2004-02-27T10:47:49-05:00,16,,Cash,Donation
4088,100,2005-03-01T14:49:23-05:00,16,,Cash,Donation
4088,100,2006-04-06T12:20:54.51-04:00,16,,Cash,Donation
4088,100,2007-12-18T08:59:37.397-05:00,16,,Cash,Donation
4088,100,2009-04-20T09:37:20.183-04:00,16,,Cash,Donation
11420,100,2002-05-02T08:51:47-04:00,16,,Cash,Donation
4182,100,1997-11-02T00:00:00-05:00,16,,Cash,Donation
4182,100,1997-11-02T00:00:00-05:00,16,,Cash,Donation
4182,100,1997-11-02T00:00:00-05:00,16,,Cash,Donation
4182,100,1997-11-02T00:00:00-05:00,16,,Cash,Donation
4182,100,1997-11-02T00:00:00-05:00,16,,Cash,Donation
4182,100,1997-11-02T00:00:00-05:00,16,,Cash,Donation
4182,100,1997-11-02T00:00:00-05:00,16,,Cash,Donation
4182,150,1997-11-02T00:00:00-05:00,16,,Cash,Donation
4182,150,1998-03-03T08:19:23-05:00,16,,Cash,Donation
4182,150,1999-02-10T10:19:45-05:00,16,,Cash,Donation
4182,150,2000-02-29T13:44:30-05:00,16,,Cash,Donation
4182,150,2001-04-03T13:26:51-04:00,16,,Cash,Donation
4182,150,2002-03-28T14:42:41-05:00,16,,Cash,Donation
4182,150,2002-05-02T08:55:20-04:00,16,,Cash,Donation
4182,150,2003-03-28T13:58:17-05:00,16,,Cash,Donation
4182,100,2004-10-26T09:17:16-04:00,16,,Cash,Donation
4182,100,2005-03-21T16:34:13-05:00,16,,Cash,Donation
4182,100,2006-04-06T11:56:13.31-04:00,16,,Cash,Donation
4182,100,2007-05-15T12:02:22.263-04:00,16,,Cash,Donation
7296,100,1998-03-27T09:43:33-05:00,16,,Cash,Donation
7296,100,2002-05-02T08:56:29-04:00,16,,Cash,Donation
1473,100,1997-11-02T00:00:00-05:00,18,,Cash,Donation
4175,21,1997-11-02T00:00:00-05:00,18,,Cash,Donation
4182,500,1997-11-02T00:00:00-05:00,18,,Cash,Donation
4182,600,1997-11-02T00:00:00-05:00,18,,Cash,Donation
1807,100,1997-11-02T00:00:00-05:00,18,,Cash,Donation
4182,750,1997-11-02T00:00:00-05:00,20,,Cash,Donation
4182,200,1997-11-02T00:00:00-05:00,21,,Cash,Donation
4182,600,1997-11-02T00:00:00-05:00,22,,Cash,Donation
2784,65,2000-02-01T10:22:43-05:00,24,,Cash,Donation
2784,300,2000-08-17T15:07:28-04:00,24,,Cash,Donation
2784,50,2001-09-04T09:36:26-04:00,24,,Cash,Donation
2784,35,2009-03-04T14:59:15.933-05:00,24,,Cash,Donation
7525,1000,1998-06-05T11:17:21-04:00,24,,Cash,Donation
1473,10,2014-03-19T09:22:41.29-04:00,24,,CreditCard,Donation
1473,10,2016-09-01T11:26:15.26-04:00,24,,Cash,GiftInKind
1473,150,2020-07-10T14:11:28.62-04:00,24,,CreditCard,Donation
2788,50,1998-03-27T09:34:30-05:00,24,,Cash,Donation
2788,100,1998-06-05T11:18:36-04:00,24,,Cash,Donation
2788,100,1999-04-28T16:22:03-04:00,24,,Cash,Donation
2788,100,2000-08-17T15:08:05-04:00,24,,Cash,Donation
2788,100,2001-09-04T09:22:13-04:00,24,,Cash,Donation
2788,100,2002-10-01T10:24:32-04:00,24,,Cash,Donation
2788,100,2004-01-05T13:58:58-05:00,24,,Cash,Donation
2788,50,2005-02-03T16:04:03-05:00,24,,Cash,Donation
2788,50,2006-11-29T10:28:28.23-05:00,24,,Cash,Donation
2788,100,2007-05-15T12:34:12.06-04:00,24,,Cash,Donation
2788,50,2013-12-13T12:58:47.113-05:00,24,,Cash,Donation
2788,25,2017-04-21T16:40:49.6-04:00,24,,Cash,Donation
4128,10,2000-04-04T09:42:58-04:00,24,,Cash,Donation
4182,50,1998-12-02T10:00:38-05:00,24,,Cash,Donation
4234,20,2001-12-03T11:28:33-05:00,24,,Cash,Donation
4234,25,2002-12-05T12:15:52-05:00,24,,Cash,Donation
4234,20,2005-11-30T03:07:57-05:00,24,,Cash,Donation
4234,10,2005-12-30T00:05:05-05:00,24,,Cash,Donation
4234,10,2007-03-06T11:48:59.927-05:00,24,,Cash,Donation
46414,101,2024-03-14T13:42:54.52-04:00,24,,Cash,Donation
10000,50,2000-04-27T15:43:07-04:00,24,,Cash,Donation
10000,50,2000-08-17T15:09:18-04:00,24,,Cash,Donation
10000,100,2003-10-01T12:26:28-04:00,24,,Cash,Donation
10000,50,2003-10-21T11:31:26-04:00,24,,Cash,Donation
4182,50,1997-11-02T00:00:00-05:00,26,,Cash,Donation
4182,500,1997-12-30T10:32:35-05:00,26,,Cash,Donation
1463,25,1997-11-02T00:00:00-05:00,27,,Cash,Donation
4182,600,1997-11-02T00:00:00-05:00,27,,Cash,Donation
4182,500,1997-12-30T10:33:09-05:00,27,,Cash,Donation
1555,25,1997-11-02T00:00:00-05:00,29,,Cash,Donation
6720,300,1997-12-30T13:52:43-05:00,31,,Cash,Donation
6396,20,1997-11-02T00:00:00-05:00,32,,Cash,Donation
6399,50,1997-11-02T00:00:00-05:00,32,,Cash,Donation
4182,25,1997-11-02T00:00:00-05:00,33,,Cash,Donation
4182,250,2004-07-30T11:21:45-04:00,34,,Cash,Donation
4182,75,1997-11-02T00:00:00-05:00,35,,Cash,Donation
4182,80,1999-07-05T16:41:44-04:00,36,,Cash,Donation
1807,175,1997-11-02T00:00:00-05:00,36,,Cash,Donation
6720,1000,1997-12-30T13:50:34-05:00,37,,Cash,Donation
2784,50,1999-10-27T13:35:15-04:00,42,,Cash,Donation
2788,100,1999-10-05T10:06:38-04:00,42,,Cash,Donation
4182,50,2000-02-25T11:09:55-05:00,46,,Cash,Donation
1807,84,2001-04-03T13:32:44-04:00,46,,Cash,Donation
10000,50,2001-08-02T16:22:50-04:00,49,,Cash,Donation
2784,75,2005-07-05T10:19:11-04:00,53,,Cash,Donation
2788,50,2005-08-15T14:19:42-04:00,53,,Cash,Donation
12522,50,2005-07-05T10:26:14-04:00,53,,Cash,Donation
1555,200,2003-08-06T13:43:36-04:00,54,,Cash,Donation
1615,200,2002-10-01T10:23:45-04:00,54,,Cash,Donation
4182,500,2003-03-28T13:57:07-05:00,58,,Cash,Donation
1473,100,2009-11-12T12:05:27.23-05:00,60,,Cash,Donation
1473,100,2010-11-05T11:19:32.35-04:00,60,,Cash,Donation
1473,100,2011-10-31T16:58:03.957-04:00,60,,Cash,Donation
1473,30,2010-11-05T11:25:15.75-04:00,73,,Cash,Donation
11834,5000,2018-04-10T18:35:35.93-04:00,78,,Cash,Donation
11289,40,2012-03-13T12:48:09.787-04:00,78,,Cash,Donation
1473,100,2010-02-26T16:26:59.293-05:00,82,,Cash,Donation
1473,100,2011-02-17T18:50:29.49-05:00,82,,Cash,Donation
1473,25,2013-04-22T14:04:58.613-04:00,82,,Cash,Donation
1473,25,2015-03-16T10:47:36.317-04:00,82,,CreditCard,Donation
1473,1,2011-09-28T09:26:13.893-04:00,89,,Cash,Donation
1473,15,2011-09-28T10:45:11.39-04:00,89,,CreditCard,Donation
1473,1,2011-09-28T11:43:07.233-04:00,89,,CreditCard,Donation
1473,10,2023-11-29T09:07:29.543-05:00,89,,CreditCard,Donation
2784,75,2015-12-23T13:47:42.9-05:00,90,,Cash,Donation
2784,75,2016-12-08T12:43:58.78-05:00,90,,Cash,Donation
2784,75,2017-12-29T12:53:52.547-05:00,90,,Cash,Donation
2784,75,2018-12-28T15:11:10.043-05:00,90,,Cash,Donation
2788,25,2015-12-23T13:48:20.017-05:00,90,,Cash,Donation
2788,25,2016-12-08T13:27:17.66-05:00,90,,Cash,Donation
1473,15,2023-08-28T11:33:39.607-04:00,103,,Cash,Pledge
7,50,1997-11-02T00:00:00-05:00,,7,Cash,Donation
7,15,1997-11-02T00:00:00-05:00,,2,Cash,Donation
7,15,1997-11-02T00:00:00-05:00,,2,Cash,Donation
7,50,1997-11-02T00:00:00-05:00,,2,Cash,Donation
7,50,1997-11-02T00:00:00-05:00,,2,Cash,Donation
7,100,1997-11-02T00:00:00-05:00,,2,Cash,Donation
7,50,1997-11-02T00:00:00-05:00,,2,Cash,Donation
7,25,1997-11-02T00:00:00-05:00,,14,Cash,Donation
7,50,1997-11-02T00:00:00-05:00,,2,Cash,Donation
5234,35,1997-11-02T00:00:00-05:00,,12,Cash,Donation
5234,25,1997-11-02T00:00:00-05:00,,12,Cash,Donation
3735,50,1997-11-02T00:00:00-05:00,,4,Cash,Donation
5853,100,1997-11-02T00:00:00-05:00,,14,Cash,Donation
53,35,1997-11-02T00:00:00-05:00,,12,Cash,Donation
53,25,1997-11-02T00:00:00-05:00,,7,Cash,Donation
53,35,1997-11-02T00:00:00-05:00,,12,Cash,Donation
53,50,1997-11-02T00:00:00-05:00,,12,Cash,Donation
53,25,1997-11-02T00:00:00-05:00,,8,Cash,Donation
53,25,1997-11-02T00:00:00-05:00,,8,Cash,Donation
53,50,1997-11-02T00:00:00-05:00,,12,Cash,Donation
53,50,1997-11-02T00:00:00-05:00,,12,Cash,Donation
53,25,1997-11-02T00:00:00-05:00,,12,Cash,Donation
53,50,1997-11-02T00:00:00-05:00,,12,Cash,Donation
53,50,1997-11-02T00:00:00-05:00,,12,Cash,Donation
2076,10,1997-11-02T00:00:00-05:00,,1,Cash,Donation
2088,10,1997-11-02T00:00:00-05:00,,8,Cash,Donation
2088,50,1997-11-02T00:00:00-05:00,,18,Cash,Donation
2088,100,1997-11-02T00:00:00-05:00,,12,Cash,Donation
2899,25,1997-11-02T00:00:00-05:00,,1,Cash,Donation
2899,25,1997-11-02T00:00:00-05:00,,4,Cash,Donation
45579,50,2016-04-25T14:56:45.43-04:00,,78,Cash,Donation
4461,10,1997-11-02T00:00:00-05:00,,1,Cash,Donation
4461,5,1997-11-02T00:00:00-05:00,,1,Cash,Donation
4461,5,1997-11-02T00:00:00-05:00,,4,Cash,Donation
4461,5,1997-11-02T00:00:00-05:00,,1,Cash,Donation
4461,10,1997-11-02T00:00:00-05:00,,4,Cash,Donation
4461,10,1997-11-02T00:00:00-05:00,,4,Cash,Donation
4461,10,1997-11-02T00:00:00-05:00,,4,Cash,Donation
4461,10,1997-11-02T00:00:00-05:00,,4,Cash,Donation
4461,10,1997-11-02T00:00:00-05:00,,4,Cash,Donation
2095,25,1997-11-02T00:00:00-05:00,,7,Cash,Donation
2095,25,1997-11-02T00:00:00-05:00,,12,Cash,Donation
2095,35,1997-11-02T00:00:00-05:00,,12,Cash,Donation
2095,35,1997-11-02T00:00:00-05:00,,12,Cash,Donation
2095,35,1997-11-02T00:00:00-05:00,,12,Cash,Donation
2095,25,1997-11-02T00:00:00-05:00,,12,Cash,Donation
2095,35,1997-11-02T00:00:00-05:00,,12,Cash,Donation
2095,25,1997-11-02T00:00:00-05:00,,12,Cash,Donation
2095,35,1997-11-02T00:00:00-05:00,,12,Cash,Donation
2095,25,1997-11-02T00:00:00-05:00,,12,Cash,Donation
2103,5,1997-11-02T00:00:00-05:00,,12,Cash,Donation
2105,10,1997-11-02T00:00:00-05:00,,4,Cash,Donation
3852,5,1997-11-02T00:00:00-05:00,,1,Cash,Donation
2272,25,1997-11-02T00:00:00-05:00,,12,Cash,Donation
2272,35,1997-11-02T00:00:00-05:00,,12,Cash,Donation
2272,25,1997-11-02T00:00:00-05:00,,12,Cash,Donation
2272,25,1997-11-02T00:00:00-05:00,,12,Cash,Donation
2272,25,1997-11-02T00:00:00-05:00,,12,Cash,Donation
2272,25,1997-11-02T00:00:00-05:00,,12,Cash,Donation
2272,25,1997-11-02T00:00:00-05:00,,12,Cash,Donation
5281,10,1997-11-02T00:00:00-05:00,,4,Cash,Donation
5281,10,1997-11-02T00:00:00-05:00,,4,Cash,Donation
5281,10,1997-11-02T00:00:00-05:00,,4,Cash,Donation
119,120,1997-11-02T00:00:00-05:00,,7,Cash,Donation
119,125,1997-11-02T00:00:00-05:00,,7,Cash,Donation
119,25,1997-11-02T00:00:00-05:00,,9,Cash,Donation
119,115,1997-11-02T00:00:00-05:00,,12,Cash,Donation
119,50,1997-11-02T00:00:00-05:00,,7,Cash,Donation
119,120,1997-11-02T00:00:00-05:00,,12,Cash,Donation
119,100,1997-11-02T00:00:00-05:00,,7,Cash,Donation
119,60,1997-11-02T00:00:00-05:00,,7,Cash,Donation
119,70,1997-11-02T00:00:00-05:00,,12,Cash,Donation
119,10,1997-11-02T00:00:00-05:00,,2,Cash,Donation
119,60,1997-11-02T00:00:00-05:00,,7,Cash,Donation
119,10,1997-11-02T00:00:00-05:00,,2,Cash,Donation
119,10,1997-11-02T00:00:00-05:00,,2,Cash,Donation
119,60,1997-11-02T00:00:00-05:00,,2,Cash,Donation
119,70,1997-11-02T00:00:00-05:00,,12,Cash,Donation
119,70,1997-11-02T00:00:00-05:00,,2,Cash,Donation
119,75,1997-11-02T00:00:00-05:00,,12,Cash,Donation
119,80,1997-11-02T00:00:00-05:00,,12,Cash,Donation
119,70,1997-11-02T00:00:00-05:00,,2,Cash,Donation
119,90,1997-11-02T00:00:00-05:00,,12,Cash,Donation
3854,20,1997-11-02T00:00:00-05:00,,1,Cash,Donation
3914,50,1997-11-02T00:00:00-05:00,,1,Cash,Donation
3914,10,1997-11-02T00:00:00-05:00,,4,Cash,Donation
3914,50,1997-11-02T00:00:00-05:00,,4,Cash,Donation
149,100,1997-11-02T00:00:00-05:00,,2,Cash,Donation
149,100,1997-11-02T00:00:00-05:00,,2,Cash,Donation
149,100,1997-11-02T00:00:00-05:00,,2,Cash,Donation
149,300,1997-11-02T00:00:00-05:00,,2,Cash,Donation
149,150,1997-11-02T00:00:00-05:00,,2,Cash,Donation
149,200,1997-11-02T00:00:00-05:00,,2,Cash,Donation
149,90,1997-11-02T00:00:00-05:00,,15,Cash,Donation
149,300,1997-11-02T00:00:00-05:00,,2,Cash,Donation
149,1000,1997-11-02T00:00:00-05:00,,18,Cash,Donation
149,300,1997-11-02T00:00:00-05:00,,2,Cash,Donation
149,90,1997-11-02T00:00:00-05:00,,15,Cash,Donation
149,25,1997-11-02T00:00:00-05:00,,14,Cash,Donation
149,1000,1997-11-02T00:00:00-05:00,,18,Cash,Donation
149,100,1997-11-02T00:00:00-05:00,,15,Cash,Donation
149,10,1997-11-02T00:00:00-05:00,,7,Cash,Donation
149,1000,1997-11-02T00:00:00-05:00,,18,Cash,Donation
149,500,1997-11-02T00:00:00-05:00,,2,Cash,Donation
149,1000,1997-11-02T00:00:00-05:00,,18,Cash,Donation
149,100,1997-11-02T00:00:00-05:00,,15,Cash,Donation
149,500,1997-11-02T00:00:00-05:00,,1,Cash,Donation
149,250,1997-11-02T00:00:00-05:00,,2,Cash,Donation
149,250,1997-11-02T00:00:00-05:00,,14,Cash,Donation
149,50,1997-11-02T00:00:00-05:00,,15,Cash,Donation
149,10,1997-11-02T00:00:00-05:00,,7,Cash,Donation
149,25,1997-11-02T00:00:00-05:00,,15,Cash,Donation
149,60,1997-11-02T00:00:00-05:00,,14,Cash,Donation
149,200,1997-11-02T00:00:00-05:00,,7,Cash,Donation
149,240,1997-11-02T00:00:00-05:00,,21,Cash,Donation
149,200,1997-11-02T00:00:00-05:00,,14,Cash,Donation
149,250,1997-11-02T00:00:00-05:00,,2,Cash,Donation
149,50,1997-11-02T00:00:00-05:00,,15,Cash,Donation
149,100,1997-11-02T00:00:00-05:00,,2,Cash,Donation
149,100,1997-11-02T00:00:00-05:00,,14,Cash,Donation
149,100,1997-11-02T00:00:00-05:00,,14,Cash,Donation
149,50,1997-11-02T00:00:00-05:00,,15,Cash,Donation
149,50,1997-11-02T00:00:00-05:00,,2,Cash,Donation
149,100,1997-11-02T00:00:00-05:00,,7,Cash,Donation
149,500,1997-11-02T00:00:00-05:00,,14,Cash,Donation
149,50,1997-11-02T00:00:00-05:00,,15,Cash,Donation
741,2000,1997-12-23T16:23:37-05:00,,11,Cash,Pledge
2368,100,1997-11-02T00:00:00-05:00,,16,Cash,Donation
2368,100,1997-11-02T00:00:00-05:00,,35,Cash,Donation
2368,100,1997-11-02T00:00:00-05:00,,16,Cash,Donation
2368,100,1997-11-02T00:00:00-05:00,,16,Cash,Donation
2368,100,1997-11-02T00:00:00-05:00,,35,Cash,Donation
2368,100,1997-11-02T00:00:00-05:00,,16,Cash,Donation
2368,100,1997-11-02T00:00:00-05:00,,35,Cash,Donation
2368,175,1997-11-02T00:00:00-05:00,,35,Cash,Donation
2368,175,1997-11-02T00:00:00-05:00,,16,Cash,Donation
2368,175,1997-11-02T00:00:00-05:00,,35,Cash,Donation
5627,100,1999-02-09T13:18:16-05:00,,16,Cash,Pledge
3978,10,1997-11-02T00:00:00-05:00,,1,Cash,Donation
3978,10,1997-11-02T00:00:00-05:00,,4,Cash,Donation
5283,20,1997-11-02T00:00:00-05:00,,4,Cash,Donation
5283,10,1997-11-02T00:00:00-05:00,,4,Cash,Donation
5283,10,1997-11-02T00:00:00-05:00,,4,Cash,Donation
5283,10,1997-11-02T00:00:00-05:00,,4,Cash,Donation
3857,10,1997-11-02T00:00:00-05:00,,4,Cash,Donation
5092,25,1997-11-02T00:00:00-05:00,,2,Cash,Donation
5092,10,1997-11-02T00:00:00-05:00,,2,Cash,Donation
4954,5,1997-11-02T00:00:00-05:00,,4,Cash,Donation
2681,25,1997-11-02T00:00:00-05:00,,4,Cash,Donation
2681,25,1997-11-02T00:00:00-05:00,,4,Cash,Donation
2681,30,1997-11-02T00:00:00-05:00,,4,Cash,Donation
2681,25,1997-11-02T00:00:00-05:00,,4,Cash,Donation
6178,50,1997-11-02T00:00:00-05:00,,4,Cash,Donation
2186,25,1997-11-02T00:00:00-05:00,,16,Cash,Donation
2193,20,1997-11-02T00:00:00-05:00,,7,Cash,Donation
2193,20,1997-11-02T00:00:00-05:00,,1,Cash,Donation
2193,20,1997-11-02T00:00:00-05:00,,8,Cash,Donation
2193,25,1997-11-02T00:00:00-05:00,,8,Cash,Donation
2193,20,1997-11-02T00:00:00-05:00,,7,Cash,Donation
2193,20,1997-11-02T00:00:00-05:00,,7,Cash,Donation
2193,20,1997-11-02T00:00:00-05:00,,7,Cash,Donation
2193,20,1997-11-02T00:00:00-05:00,,7,Cash,Donation
2193,20,1997-11-02T00:00:00-05:00,,9,Cash,Donation
2193,20,1997-11-02T00:00:00-05:00,,7,Cash,Donation
2193,20,1997-11-02T00:00:00-05:00,,7,Cash,Donation
2193,20,1997-11-02T00:00:00-05:00,,12,Cash,Donation
2193,20,1997-11-02T00:00:00-05:00,,7,Cash,Donation
2193,20,1997-11-02T00:00:00-05:00,,7,Cash,Donation
2193,20,1997-11-02T00:00:00-05:00,,10,Cash,Donation
2193,20,1997-11-02T00:00:00-05:00,,12,Cash,Donation
2193,20,1997-11-02T00:00:00-05:00,,7,Cash,Donation
2193,20,1997-11-02T00:00:00-05:00,,8,Cash,Donation
2193,20,1997-11-02T00:00:00-05:00,,8,Cash,Donation
2193,20,1997-11-02T00:00:00-05:00,,8,Cash,Donation
2193,20,1997-11-02T00:00:00-05:00,,8,Cash,Donation
2193,20,1997-11-02T00:00:00-05:00,,8,Cash,Donation
2193,20,1997-11-02T00:00:00-05:00,,8,Cash,Donation
2193,20,1997-11-02T00:00:00-05:00,,8,Cash,Donation
2193,20,1997-11-02T00:00:00-05:00,,8,Cash,Donation
2193,20,1997-11-02T00:00:00-05:00,,8,Cash,Donation
2193,20,1997-11-02T00:00:00-05:00,,8,Cash,Donation
2193,20,1997-11-02T00:00:00-05:00,,8,Cash,Donation
2193,20,1997-11-02T00:00:00-05:00,,8,Cash,Donation
2193,20,1997-11-02T00:00:00-05:00,,8,Cash,Donation
2193,20,1997-11-02T00:00:00-05:00,,8,Cash,Donation
2193,20,1997-11-02T00:00:00-05:00,,8,Cash,Donation
2193,20,1997-11-02T00:00:00-05:00,,8,Cash,Donation
2193,20,1997-11-02T00:00:00-05:00,,8,Cash,Donation
2193,20,1997-11-02T00:00:00-05:00,,8,Cash,Donation
2193,20,1997-11-02T00:00:00-05:00,,8,Cash,Donation
2193,20,1997-11-02T00:00:00-05:00,,7,Cash,Donation
2193,20,1997-11-02T00:00:00-05:00,,7,Cash,Donation
2193,20,1997-11-02T00:00:00-05:00,,7,Cash,Donation
2193,20,1997-11-02T00:00:00-05:00,,7,Cash,Donation
2193,20,1997-11-02T00:00:00-05:00,,7,Cash,Donation
2193,20,1997-11-02T00:00:00-05:00,,7,Cash,Donation
2193,20,1997-11-02T00:00:00-05:00,,7,Cash,Donation
2193,20,1997-11-02T00:00:00-05:00,,7,Cash,Donation
2193,20,1997-11-02T00:00:00-05:00,,7,Cash,Donation
2193,20,1997-11-02T00:00:00-05:00,,7,Cash,Donation
2193,20,1997-11-02T00:00:00-05:00,,7,Cash,Donation
2193,20,1997-11-02T00:00:00-05:00,,7,Cash,Donation
2193,20,1997-11-02T00:00:00-05:00,,7,Cash,Donation
2193,20,1997-11-02T00:00:00-05:00,,7,Cash,Donation
2193,20,1997-11-02T00:00:00-05:00,,7,Cash,Donation
2193,30,1997-11-02T00:00:00-05:00,,7,Cash,Donation
2193,30,1997-11-02T00:00:00-05:00,,7,Cash,Donation
2193,30,1997-11-02T00:00:00-05:00,,7,Cash,Donation
2193,30,1997-11-02T00:00:00-05:00,,7,Cash,Donation
2193,40,1997-11-02T00:00:00-05:00,,7,Cash,Donation
2193,30,1997-11-02T00:00:00-05:00,,7,Cash,Donation
2193,30,1997-11-02T00:00:00-05:00,,7,Cash,Donation
2193,30,1997-11-02T00:00:00-05:00,,7,Cash,Donation
2193,30,1997-11-02T00:00:00-05:00,,7,Cash,Donation
2193,30,1997-11-02T00:00:00-05:00,,7,Cash,Donation
2193,30,1997-11-02T00:00:00-05:00,,7,Cash,Donation
2193,30,1997-11-02T00:00:00-05:00,,7,Cash,Donation
2193,30,1997-11-02T00:00:00-05:00,,7,Cash,Donation
2193,30,1997-11-02T00:00:00-05:00,,7,Cash,Donation
2193,30,1997-11-02T00:00:00-05:00,,7,Cash,Donation
2193,30,1997-11-02T00:00:00-05:00,,7,Cash,Donation
2193,30,1997-11-02T00:00:00-05:00,,7,Cash,Donation
2193,30,1997-11-02T00:00:00-05:00,,7,Cash,Donation
2193,20,1997-11-02T00:00:00-05:00,,7,Cash,Donation
2193,30,1997-11-02T00:00:00-05:00,,7,Cash,Donation
2193,20,1997-11-02T00:00:00-05:00,,7,Cash,Donation
2193,20,1997-11-02T00:00:00-05:00,,7,Cash,Donation
2193,20,1997-11-02T00:00:00-05:00,,7,Cash,Donation
2193,20,1997-11-02T00:00:00-05:00,,7,Cash,Donation
2193,20,1997-11-02T00:00:00-05:00,,7,Cash,Donation
2193,20,1997-11-02T00:00:00-05:00,,7,Cash,Donation
2193,20,1997-11-02T00:00:00-05:00,,7,Cash,Donation
2193,20,1997-11-02T00:00:00-05:00,,7,Cash,Donation
2193,20,1997-11-02T00:00:00-05:00,,7,Cash,Donation
2193,20,1997-11-02T00:00:00-05:00,,7,Cash,Donation
2193,20,1997-11-02T00:00:00-05:00,,7,Cash,Donation
2193,20,1997-11-02T00:00:00-05:00,,7,Cash,Donation
2193,20,1997-11-02T00:00:00-05:00,,7,Cash,Donation
2193,20,1997-11-02T00:00:00-05:00,,7,Cash,Donation
2193,20,1997-11-02T00:00:00-05:00,,7,Cash,Donation
2193,20,1997-11-02T00:00:00-05:00,,7,Cash,Donation
2193,20,1997-11-02T00:00:00-05:00,,7,Cash,Donation
2193,20,1997-11-02T00:00:00-05:00,,7,Cash,Donation
2193,50,1997-11-02T00:00:00-05:00,,7,Cash,Donation
2193,20,1997-11-02T00:00:00-05:00,,7,Cash,Donation
2193,20,1997-11-02T00:00:00-05:00,,7,Cash,Donation
2193,20,1997-11-02T00:00:00-05:00,,7,Cash,Donation
2193,20,1997-11-02T00:00:00-05:00,,7,Cash,Donation
2193,20,1997-11-02T00:00:00-05:00,,7,Cash,Donation
2193,20,1997-11-02T00:00:00-05:00,,7,Cash,Donation
2193,20,1997-11-02T00:00:00-05:00,,7,Cash,Donation
2193,20,1997-11-02T00:00:00-05:00,,7,Cash,Donation
2193,20,1997-11-02T00:00:00-05:00,,7,Cash,Donation
2193,20,1997-11-02T00:00:00-05:00,,7,Cash,Donation
2193,20,1997-11-02T00:00:00-05:00,,7,Cash,Donation
2193,20,1997-11-02T00:00:00-05:00,,7,Cash,Donation
2193,20,1997-11-02T00:00:00-05:00,,7,Cash,Donation
2193,20,1997-11-02T00:00:00-05:00,,7,Cash,Donation
2193,40,1997-11-02T00:00:00-05:00,,7,Cash,Donation
2193,20,1997-11-02T00:00:00-05:00,,7,Cash,Donation
2193,20,1997-11-02T00:00:00-05:00,,7,Cash,Donation
2193,20,1997-11-02T00:00:00-05:00,,7,Cash,Donation
2193,20,1997-11-02T00:00:00-05:00,,7,Cash,Donation
2193,20,1997-11-02T00:00:00-05:00,,7,Cash,Donation
2193,20,1997-11-02T00:00:00-05:00,,7,Cash,Donation
2193,20,1997-11-02T00:00:00-05:00,,7,Cash,Donation
2193,20,1997-11-26T13:55:00-05:00,,7,Cash,Donation
2193,20,1997-12-09T15:14:54-05:00,,7,Cash,Donation
5761,100,1997-11-02T00:00:00-05:00,,16,Cash,Donation
261,50,1997-11-02T00:00:00-05:00,,8,Cash,Donation
261,50,1997-11-02T00:00:00-05:00,,9,Cash,Donation
261,50,1997-11-02T00:00:00-05:00,,8,Cash,Donation
261,100,1997-11-02T00:00:00-05:00,,18,Cash,Donation
261,15,1997-11-02T00:00:00-05:00,,2,Cash,Donation
261,100,1997-11-02T00:00:00-05:00,,18,Cash,Donation
261,100,1997-11-02T00:00:00-05:00,,18,Cash,Donation
261,200,1997-11-02T00:00:00-05:00,,18,Cash,Donation
261,25,1997-11-02T00:00:00-05:00,,2,Cash,Donation
261,100,1997-11-02T00:00:00-05:00,,2,Cash,Donation
261,100,1997-11-02T00:00:00-05:00,,2,Cash,Donation
261,100,1997-11-02T00:00:00-05:00,,20,Cash,Donation
261,100,1997-11-02T00:00:00-05:00,,2,Cash,Donation
261,100,1997-11-02T00:00:00-05:00,,2,Cash,Donation
261,100,1997-12-24T14:36:29-05:00,,2,Cash,Donation
2219,25,1997-11-02T00:00:00-05:00,,7,Cash,Donation
2219,25,1997-11-02T00:00:00-05:00,,12,Cash,Donation
6212,100,1997-11-02T00:00:00-05:00,,16,Cash,Donation
3985,50,1997-11-02T00:00:00-05:00,,1,Cash,Donation
3985,100,1997-11-02T00:00:00-05:00,,4,Cash,Donation
2243,35,1997-11-02T00:00:00-05:00,,12,Cash,Donation
2243,35,1997-11-02T00:00:00-05:00,,12,Cash,Donation
2243,25,1997-11-02T00:00:00-05:00,,12,Cash,Donation
2243,35,1997-11-02T00:00:00-05:00,,12,Cash,Donation
2243,35,1997-11-02T00:00:00-05:00,,12,Cash,Donation
2243,25,1997-11-02T00:00:00-05:00,,12,Cash,Donation
3461,10,1997-11-02T00:00:00-05:00,,1,Cash,Donation
3461,10,1997-11-02T00:00:00-05:00,,1,Cash,Donation
3461,10,1997-11-02T00:00:00-05:00,,1,Cash,Donation
3461,10,1997-11-02T00:00:00-05:00,,1,Cash,Donation
3461,10,1997-11-02T00:00:00-05:00,,4,Cash,Donation
2243,25,1997-11-02T00:00:00-05:00,,12,Cash,Donation
2243,25,1997-11-02T00:00:00-05:00,,12,Cash,Donation
2243,15,1997-11-02T00:00:00-05:00,,12,Cash,Donation
2243,10,1997-11-02T00:00:00-05:00,,12,Cash,Donation
2243,25,1997-11-02T00:00:00-05:00,,12,Cash,Donation
2243,25,1997-11-02T00:00:00-05:00,,12,Cash,Donation
3465,2,1997-11-02T00:00:00-05:00,,1,Cash,Donation
5645,3,1997-11-02T00:00:00-05:00,,4,Cash,Donation
11036,10,2001-08-02T15:38:43-04:00,,49,Cash,Donation
2690,3,1997-11-02T00:00:00-05:00,,1,Cash,Donation
2690,5,1997-11-02T00:00:00-05:00,,1,Cash,Donation
2690,5,1997-11-02T00:00:00-05:00,,1,Cash,Donation
2690,5,1997-11-02T00:00:00-05:00,,1,Cash,Donation
2690,10,1997-11-02T00:00:00-05:00,,1,Cash,Donation
2690,10,1997-11-02T00:00:00-05:00,,4,Cash,Donation
2690,10,1997-11-02T00:00:00-05:00,,4,Cash,Donation
2690,10,1997-11-02T00:00:00-05:00,,4,Cash,Donation
2690,10,1997-11-02T00:00:00-05:00,,4,Cash,Donation
12824,50,1997-11-02T00:00:00-05:00,,7,Cash,Donation
12824,100,1997-11-02T00:00:00-05:00,,7,Cash,Donation
12824,100,1997-11-02T00:00:00-05:00,,11,Cash,Donation
12824,100,1999-02-10T09:48:02-05:00,,7,Cash,Donation
12824,200,2000-07-31T13:38:07-04:00,,24,Cash,Donation
12824,200,2001-08-03T09:08:02-04:00,,24,Cash,Donation
12824,200,2002-08-30T16:25:39-04:00,,24,Cash,Donation
12824,200,2004-01-05T13:31:43-05:00,,24,Cash,Donation
12824,100,2005-07-05T10:20:56-04:00,,53,Cash,Donation
12824,100,2008-02-13T14:56:07.377-05:00,,7,Cash,Donation
12824,500,2009-01-12T10:55:21.947-05:00,,1,Cash,Donation
12824,500,2009-12-03T19:01:14.037-05:00,,1,Cash,Donation
12824,500,2010-12-20T16:04:34.093-05:00,,1,Cash,Donation
12824,500,2011-12-19T19:22:35.807-05:00,,24,Cash,Donation
2259,25,1997-11-02T00:00:00-05:00,,1,Cash,Donation
2259,25,1997-11-02T00:00:00-05:00,,1,Cash,Donation
2259,35,1997-11-02T00:00:00-05:00,,1,Cash,Donation
2259,35,1997-11-02T00:00:00-05:00,,1,Cash,Donation
2259,20,1997-11-02T00:00:00-05:00,,1,Cash,Donation
2259,35,1997-11-02T00:00:00-05:00,,1,Cash,Donation
2259,20,1997-11-02T00:00:00-05:00,,1,Cash,Donation
2259,40,1997-11-02T00:00:00-05:00,,1,Cash,Donation
2259,28,1997-11-02T00:00:00-05:00,,1,Cash,Donation
2259,40,1997-11-02T00:00:00-05:00,,1,Cash,Donation
2259,20,1997-11-02T00:00:00-05:00,,1,Cash,Donation
2259,32,1997-11-02T00:00:00-05:00,,1,Cash,Donation
2259,32,1997-11-02T00:00:00-05:00,,1,Cash,Donation
2259,32,1997-11-02T00:00:00-05:00,,1,Cash,Donation
2259,20,1997-11-02T00:00:00-05:00,,2,Cash,Donation
2259,20,1997-11-02T00:00:00-05:00,,2,Cash,Donation
2259,20,1997-11-02T00:00:00-05:00,,2,Cash,Donation
2259,20,1997-11-02T00:00:00-05:00,,2,Cash,Donation
2259,20,1997-11-02T00:00:00-05:00,,2,Cash,Donation
2259,20,1997-11-02T00:00:00-05:00,,2,Cash,Donation
2259,20,1997-11-02T00:00:00-05:00,,2,Cash,Donation
2259,20,1997-11-02T00:00:00-05:00,,2,Cash,Donation
2259,20,1997-11-02T00:00:00-05:00,,2,Cash,Donation
2259,20,1997-11-02T00:00:00-05:00,,2,Cash,Donation
2259,20,1997-11-02T00:00:00-05:00,,2,Cash,Donation
2259,20,1997-11-02T00:00:00-05:00,,2,Cash,Donation
2259,20,1997-11-02T00:00:00-05:00,,2,Cash,Donation
2259,20,1997-11-02T00:00:00-05:00,,2,Cash,Donation
2259,40,1997-11-02T00:00:00-05:00,,1,Cash,Donation
2259,20,1997-11-02T00:00:00-05:00,,2,Cash,Donation
2259,20,1997-11-02T00:00:00-05:00,,2,Cash,Donation
2259,20,1997-11-02T00:00:00-05:00,,1,Cash,Donation
2259,20,1997-11-26T13:37:20-05:00,,4,Cash,Donation
2259,20,1998-03-02T17:38:21-05:00,,1,Cash,Donation
2259,15,1998-05-04T10:49:34-04:00,,1,Cash,Donation
2259,20,1998-08-05T13:30:04-04:00,,1,Cash,Donation
2259,20,1998-10-26T10:46:14-05:00,,1,Cash,Donation
2259,20,1999-02-05T12:08:04-05:00,,1,Cash,Donation
2259,20,1999-04-28T14:23:08-04:00,,1,Cash,Donation
2259,20,1999-07-05T15:07:05-04:00,,1,Cash,Donation
2259,25,1999-10-27T13:55:02-04:00,,1,Cash,Donation
2259,25,2000-02-01T12:05:26-05:00,,1,Cash,Donation
2259,25,2000-04-27T13:05:31-04:00,,1,Cash,Donation
2259,25,2000-07-31T13:39:06-04:00,,1,Cash,Donation
2259,25,2000-10-11T16:31:33-04:00,,1,Cash,Donation
2259,25,2001-01-30T13:26:15-05:00,,1,Cash,Donation
2259,25,2001-04-20T16:23:26-04:00,,1,Cash,Donation
2259,25,2001-06-28T16:00:59-04:00,,1,Cash,Donation
2259,25,2001-10-31T15:58:37-05:00,,1,Cash,Donation
2259,25,2002-01-28T15:51:25-05:00,,1,Cash,Donation
2259,25,2002-05-02T08:22:08-04:00,,1,Cash,Donation
2259,25,2002-08-02T14:57:17-04:00,,1,Cash,Donation
2259,25,2002-11-04T14:20:20-05:00,,1,Cash,Donation
2259,25,2003-03-07T13:36:06-05:00,,1,Cash,Donation
2259,25,2003-06-03T12:19:04-04:00,,1,Cash,Donation
2259,25,2003-08-06T12:12:35-04:00,,1,Cash,Donation
2259,25,2004-01-05T14:01:56-05:00,,1,Cash,Donation
2259,25,2004-04-29T11:11:20-04:00,,1,Cash,Donation
2259,25,2004-07-30T09:42:20-04:00,,1,Cash,Donation
2259,25,2004-10-26T08:54:13-04:00,,1,Cash,Donation
2259,25,2005-02-03T15:09:11-05:00,,1,Cash,Donation
2259,25,2005-04-25T13:36:33-04:00,,1,Cash,Donation
2259,25,2005-07-01T15:12:27-04:00,,1,Cash,Donation
2259,25,2005-10-31T03:35:50-05:00,,1,Cash,Donation
2259,25,2006-02-09T11:37:03.4-05:00,,1,Cash,Donation
2259,25,2006-05-15T13:46:01.967-04:00,,1,Cash,Donation
2259,25,2006-08-08T10:06:15.357-04:00,,7,Cash,Donation
2259,30,2006-11-08T11:37:36.4-05:00,,1,Cash,Donation
2259,30,2007-03-06T09:38:57.88-05:00,,1,Cash,Donation
2259,30,2007-06-19T10:28:39.03-04:00,,1,Cash,Donation
2259,30,2007-08-01T15:26:21.89-04:00,,7,Cash,Donation
2259,30,2007-10-17T15:19:59.293-04:00,,7,PersonalCheck,Donation
2259,30,2008-01-15T11:18:55.337-05:00,,7,Cash,Donation
2259,30,2008-05-19T10:34:30.06-04:00,,1,Cash,Donation
2259,30,2008-07-08T14:22:00.437-04:00,,1,Cash,Donation
2259,30,2008-10-13T12:59:50.187-04:00,,1,Cash,Donation
2259,30,2009-01-08T14:26:52.89-05:00,,1,Cash,Donation
2259,30,2009-04-08T12:23:24.127-04:00,,1,Cash,Donation
2259,30,2009-07-03T15:29:57.117-04:00,,1,Cash,Donation
2259,30,2009-10-07T11:41:05.517-04:00,,1,Cash,Donation
2259,30,2009-12-28T11:58:01.27-05:00,,1,Cash,Donation
2259,30,2010-04-13T14:19:51.47-04:00,,1,Cash,Donation
2259,30,2010-07-09T10:42:36.01-04:00,,1,Cash,Donation
2259,30,2010-10-11T11:39:43.92-04:00,,1,Cash,Donation
2259,30,2010-12-27T11:13:31.59-05:00,,1,Cash,Donation
2259,30,2011-03-29T15:06:00.093-04:00,,1,Cash,Donation
2259,30,2011-07-14T11:01:14.823-04:00,,1,Cash,Donation
2259,30,2011-09-27T13:27:33.587-04:00,,1,Cash,Donation
2259,30,2011-12-28T14:35:36.263-05:00,,1,Cash,Donation
2259,30,2012-03-19T10:18:17.73-04:00,,1,Cash,Donation
2259,30,2012-07-04T14:37:36.64-04:00,,1,Cash,Donation
2259,30,2012-10-08T14:41:32.253-04:00,,1,Cash,Donation
2259,30,2012-12-27T15:41:24.093-05:00,,1,Cash,Donation
2259,30,2013-04-23T19:18:01.963-04:00,,1,Cash,Donation
2259,30,2013-07-09T18:05:17.943-04:00,,1,Cash,Donation
2259,30,2013-10-10T09:54:05.76-04:00,,1,Cash,Donation
2259,30,2013-12-31T16:56:55.897-05:00,,1,Cash,Donation
2259,30,2014-04-07T09:27:58.057-04:00,,1,Cash,Donation
2259,30,2014-07-03T13:48:49.513-04:00,,1,Cash,Donation
2259,30,2014-09-29T14:36:57.343-04:00,,1,Cash,Donation
2259,30,2014-12-22T11:23:56.507-05:00,,1,Cash,Donation
2259,30,2015-03-23T17:57:11.127-04:00,,1,Cash,Donation
2259,30,2015-06-23T16:09:05.603-04:00,,1,Cash,Donation
2259,50,2015-10-09T12:03:09.7-04:00,,1,Cash,Donation
2259,100,2016-09-14T11:23:40.203-04:00,,1,Cash,Donation
2259,20,2017-04-26T09:14:14.797-04:00,,1,Cash,Donation
2259,20,2017-06-01T18:29:13.56-04:00,,1,Cash,Donation
2259,20,2017-07-17T13:54:47.163-04:00,,1,Cash,Donation
2259,20,2017-07-31T11:15:31.933-04:00,,1,Cash,Donation
4962,10,1997-11-02T00:00:00-05:00,,2,Cash,Donation
4962,10,1997-11-02T00:00:00-05:00,,2,Cash,Donation
4962,20,1997-11-02T00:00:00-05:00,,2,Cash,Donation
4962,100,2003-02-14T15:32:46-05:00,,54,Cash,Donation
4962,50,2007-01-03T09:55:21.103-05:00,,1,Cash,Donation
4962,50,2007-05-15T11:23:36.453-04:00,,7,Cash,Donation
4962,50,2009-07-16T14:39:08.28-04:00,,12,Cash,Donation
4962,40,2010-06-23T14:33:39.84-04:00,,12,Cash,Donation
4962,10,2010-09-08T10:00:34.243-04:00,,7,CreditCard,RecurringGift
4962,10,2010-09-16T10:28:50.403-04:00,,7,CreditCard,RecurringGiftPayment
4962,10,2010-10-13T13:38:27.463-04:00,,7,CreditCard,RecurringGiftPayment
4962,10,2010-11-11T10:01:45.6-05:00,,7,CreditCard,RecurringGiftPayment
4962,10,2010-12-13T14:20:08.86-05:00,,7,CreditCard,RecurringGiftPayment
4962,10,2011-01-11T11:45:29.01-05:00,,7,CreditCard,RecurringGiftPayment
4962,10,2011-02-11T10:39:51.55-05:00,,7,CreditCard,RecurringGiftPayment
4962,10,2011-03-16T10:55:07.277-04:00,,7,CreditCard,RecurringGiftPayment
4962,10,2011-04-11T13:45:46.79-04:00,,7,CreditCard,RecurringGiftPayment
4962,10,2011-05-11T12:59:07.257-04:00,,7,CreditCard,RecurringGiftPayment
4962,10,2011-06-13T13:21:34.113-04:00,,7,CreditCard,RecurringGiftPayment
4962,10,2011-07-11T09:51:08.007-04:00,,7,CreditCard,RecurringGiftPayment
4962,10,2011-08-15T08:49:00.37-04:00,,7,CreditCard,RecurringGiftPayment
4962,10,2011-09-13T11:00:29.53-04:00,,7,CreditCard,RecurringGiftPayment
4962,40,2016-11-21T13:33:34.703-05:00,,12,Cash,Donation
10474,10,2000-12-06T10:17:28-05:00,,4,Cash,Donation
10474,25,2001-12-03T08:52:52-05:00,,4,Cash,Donation
10474,25,2002-12-05T12:23:20-05:00,,4,Cash,Donation
10474,25,2004-01-05T12:08:08-05:00,,4,Cash,Donation
10474,15,2004-11-24T10:15:27-05:00,,4,Cash,Donation
4260,30,1997-11-02T00:00:00-05:00,,1,Cash,Donation
4260,25,1997-11-02T00:00:00-05:00,,4,Cash,Donation
4260,30,1997-11-02T00:00:00-05:00,,4,Cash,Donation
4260,30,1997-11-02T00:00:00-05:00,,4,Cash,Donation
4260,30,1997-11-02T00:00:00-05:00,,4,Cash,Donation
4260,30,1997-11-02T00:00:00-05:00,,4,Cash,Donation
4260,30,1997-11-02T00:00:00-05:00,,4,Cash,Donation
4260,30,1997-11-02T00:00:00-05:00,,4,Cash,Donation
4260,30,1997-11-02T00:00:00-05:00,,4,Cash,Donation
4260,30,1997-12-09T15:31:50-05:00,,4,Cash,Donation
4260,25,1999-11-29T13:52:07-05:00,,4,Cash,Donation
4260,30,2000-12-06T10:22:28-05:00,,4,Cash,Donation
4260,30,2001-12-26T10:03:42-05:00,,4,Cash,Donation
4260,25,2004-01-05T13:35:44-05:00,,4,Cash,Donation
3051,25,1997-11-02T00:00:00-05:00,,14,Cash,Donation
12157,50,2004-12-31T14:18:26-05:00,,4,Cash,Donation
12157,50,2006-03-06T16:47:46.377-05:00,,4,Cash,Donation
12157,50,2007-03-06T10:25:54.393-05:00,,4,Cash,Donation
367,25,1997-11-02T00:00:00-05:00,,7,Cash,Donation
367,25,1997-11-02T00:00:00-05:00,,9,Cash,Donation
367,10,1997-11-02T00:00:00-05:00,,2,Cash,Donation
367,25,1997-11-02T00:00:00-05:00,,2,Cash,Donation
367,25,1997-12-30T16:43:10-05:00,,29,Cash,Donation
367,50,2002-08-02T14:58:30-04:00,,12,Cash,Donation
367,50,2003-01-06T09:32:27-05:00,,54,Cash,Donation
367,50,2003-07-08T13:41:16-04:00,,12,Cash,Donation
367,50,2004-07-02T11:22:19-04:00,,12,Cash,Donation
367,100,2005-09-02T09:08:29-04:00,,12,Cash,Donation
4747,5,1997-11-02T00:00:00-05:00,,8,Cash,Donation
4747,5,1997-11-02T00:00:00-05:00,,10,Cash,Donation
2274,5,1997-11-02T00:00:00-05:00,,12,Cash,Donation
2274,10,1997-11-02T00:00:00-05:00,,12,Cash,Donation
2274,10,1997-11-02T00:00:00-05:00,,8,Cash,Donation
2274,5,1997-11-02T00:00:00-05:00,,12,Cash,Donation
2274,5,1997-11-02T00:00:00-05:00,,12,Cash,Donation
2274,10,1997-11-02T00:00:00-05:00,,12,Cash,Donation
2274,10,1997-11-02T00:00:00-05:00,,12,Cash,Donation
2274,5,1997-11-02T00:00:00-05:00,,12,Cash,Donation
2274,25,1997-11-02T00:00:00-05:00,,12,Cash,Donation
2274,10,1997-11-02T00:00:00-05:00,,2,Cash,Donation
2274,20,1997-11-02T00:00:00-05:00,,12,Cash,Donation
2274,10,2000-05-30T10:46:12-04:00,,12,Cash,Donation
2304,25,1997-11-02T00:00:00-05:00,,1,Cash,Donation
2304,25,1997-11-02T00:00:00-05:00,,1,Cash,Donation
2304,50,1997-11-02T00:00:00-05:00,,32,Cash,Donation
2304,25,2000-08-17T15:06:27-04:00,,24,Cash,Donation
2304,50,2001-12-03T10:42:23-05:00,,24,Cash,Donation
6571,50,1997-11-25T16:47:50-05:00,,4,Cash,Donation
6648,25,1997-12-09T15:33:39-05:00,,4,Cash,Donation
2308,20,1997-11-02T00:00:00-05:00,,7,Cash,Donation
2308,50,1997-11-02T00:00:00-05:00,,7,Cash,Donation
2308,50,1997-11-02T00:00:00-05:00,,12,Cash,Donation
2308,25,1997-11-02T00:00:00-05:00,,12,Cash,Donation
2308,35,1997-11-02T00:00:00-05:00,,12,Cash,Donation
2308,25,1997-11-02T00:00:00-05:00,,12,Cash,Donation
2308,35,1997-11-02T00:00:00-05:00,,12,Cash,Donation
2308,50,1997-11-02T00:00:00-05:00,,12,Cash,Donation
2694,10,1997-11-02T00:00:00-05:00,,4,Cash,Donation
2694,5,1997-11-02T00:00:00-05:00,,4,Cash,Donation
2694,10,1999-03-01T13:54:28-05:00,,4,Cash,Donation
2694,5,2000-02-25T10:18:42-05:00,,4,Cash,Donation
2694,25,2000-12-06T10:23:14-05:00,,4,Cash,Donation
2694,10,2001-12-26T09:53:23-05:00,,4,Cash,Donation
2310,20,1997-11-02T00:00:00-05:00,,16,Cash,Donation
2310,25,1997-11-02T00:00:00-05:00,,16,Cash,Donation
2310,25,1997-11-02T00:00:00-05:00,,16,Cash,Donation
2310,50,1997-11-02T00:00:00-05:00,,16,Cash,Donation
2310,30,1997-11-02T00:00:00-05:00,,16,Cash,Donation
2310,25,1997-11-02T00:00:00-05:00,,16,Cash,Donation
2310,25,1997-11-02T00:00:00-05:00,,16,Cash,Donation
2310,25,1997-11-02T00:00:00-05:00,,16,Cash,Donation
2310,25,1997-11-02T00:00:00-05:00,,16,Cash,Donation
2310,25,1997-11-02T00:00:00-05:00,,16,Cash,Donation
2310,25,1997-11-02T00:00:00-05:00,,16,Cash,Donation
2310,35,1998-03-27T08:18:15-05:00,,16,Cash,Donation
2310,20,1999-10-27T13:57:49-04:00,,16,Cash,Donation
2310,25,2000-01-24T15:41:03-05:00,,16,Cash,Donation
2310,50,2001-06-28T16:01:50-04:00,,16,Cash,Donation
2310,25,2002-07-01T16:52:21-04:00,,16,Cash,Donation
2310,30,2003-10-01T12:24:23-04:00,,16,Cash,Donation
2310,75,2004-04-29T11:58:04-04:00,,16,Cash,Donation
2312,90,1997-11-02T00:00:00-05:00,,15,Cash,Donation
5373,50,1997-11-02T00:00:00-05:00,,4,Cash,Donation
5373,50,1997-11-02T00:00:00-05:00,,4,Cash,Donation
5373,50,1999-11-29T14:16:35-05:00,,4,Cash,Donation
5373,50,2001-01-30T13:59:51-05:00,,4,Cash,Donation
5373,50,2001-12-26T10:19:12-05:00,,4,Cash,Donation
5373,50,2003-01-06T10:11:17-05:00,,4,Cash,Donation
5373,50,2004-01-07T10:06:53-05:00,,4,Cash,Donation
5373,50,2004-12-31T14:06:23-05:00,,4,Cash,Donation
5373,50,2006-03-06T16:31:34.293-05:00,,4,Cash,Donation
5373,50,2007-03-06T10:23:45.83-05:00,,4,Cash,Donation
6164,25,1997-11-02T00:00:00-05:00,,4,Cash,Donation
411,10,1997-11-02T00:00:00-05:00,,2,Cash,Donation
411,10,1997-11-02T00:00:00-05:00,,1,Cash,Donation
411,15,1997-11-02T00:00:00-05:00,,2,Cash,Donation
411,15,1997-11-02T00:00:00-05:00,,2,Cash,Donation
411,15,1997-11-02T00:00:00-05:00,,2,Cash,Donation
411,15,1997-11-02T00:00:00-05:00,,2,Cash,Donation
411,25,2003-03-28T13:39:59-05:00,,16,Cash,Donation
411,25,2004-04-29T11:39:58-04:00,,16,Cash,Donation
411,25,2005-03-21T16:13:50-05:00,,16,Cash,Donation
411,25,2006-11-29T10:09:43.48-05:00,,16,Cash,Donation
411,25,2007-01-03T09:49:50.167-05:00,,1,Cash,Donation
411,25,2008-01-18T15:59:42.383-05:00,,1,Cash,Donation
411,25,2008-10-14T14:29:58.2-04:00,,16,Cash,Donation
411,25,2009-04-22T10:42:57.167-04:00,,16,Cash,Donation
411,25,2010-12-09T17:08:46.297-05:00,,1,Cash,Donation
411,25,2011-12-06T19:34:31.503-05:00,,1,Cash,Donation
411,25,2012-12-19T15:26:05.607-05:00,,1,Cash,Donation
411,25,2013-12-31T12:15:55.697-05:00,,1,Cash,Donation
411,25,2015-01-12T17:17:53.297-05:00,,1,Cash,Donation
415,10,1997-11-02T00:00:00-05:00,,2,Cash,Donation
415,50,1997-11-02T00:00:00-05:00,,1,Cash,Donation
415,35,1997-11-02T00:00:00-05:00,,1,Cash,Donation
415,100,1997-11-02T00:00:00-05:00,,1,Cash,Donation
415,75,1997-11-02T00:00:00-05:00,,12,Cash,Donation
415,50,1997-11-02T00:00:00-05:00,,12,Cash,Donation
415,75,1997-11-02T00:00:00-05:00,,14,Cash,Donation
415,50,1997-11-02T00:00:00-05:00,,12,Cash,Donation
415,10,1997-11-02T00:00:00-05:00,,2,Cash,Donation
415,30,1997-11-02T00:00:00-05:00,,14,Cash,Donation
415,50,1997-11-02T00:00:00-05:00,,12,Cash,Donation
415,50,1997-11-02T00:00:00-05:00,,14,Cash,Donation
415,35,1997-11-02T00:00:00-05:00,,12,Cash,Donation
415,50,1997-11-02T00:00:00-05:00,,12,Cash,Donation
415,50,1997-11-02T00:00:00-05:00,,14,Cash,Donation
415,75,1997-11-02T00:00:00-05:00,,12,Cash,Donation
415,100,1997-11-02T00:00:00-05:00,,1,Cash,Donation
415,25,1997-11-02T00:00:00-05:00,,14,Cash,Donation
415,30,1997-11-02T00:00:00-05:00,,14,Cash,Donation
415,50,1997-11-02T00:00:00-05:00,,12,Cash,Donation
415,100,1998-07-02T09:48:23-04:00,,12,Cash,Donation
415,100,1999-07-05T15:08:22-04:00,,12,Cash,Donation
415,100,1999-10-05T09:47:16-04:00,,42,Cash,Donation
415,100,2000-05-30T10:47:32-04:00,,12,Cash,Donation
2696,60,1997-11-02T00:00:00-05:00,,1,Cash,Donation
2696,50,1997-11-02T00:00:00-05:00,,1,Cash,Donation
2696,50,1997-11-02T00:00:00-05:00,,1,Cash,Donation
2696,40,1997-11-02T00:00:00-05:00,,4,Cash,Donation
2696,40,1997-11-02T00:00:00-05:00,,4,Cash,Donation
2696,10,1997-11-02T00:00:00-05:00,,4,Cash,Donation
2696,50,1997-11-02T00:00:00-05:00,,4,Cash,Donation
2322,5,1997-11-02T00:00:00-05:00,,7,Cash,Donation
2322,5,1997-11-02T00:00:00-05:00,,7,Cash,Donation
2322,5,1997-11-02T00:00:00-05:00,,12,Cash,Donation
2322,5,1997-11-02T00:00:00-05:00,,12,Cash,Donation
2322,5,1997-11-02T00:00:00-05:00,,12,Cash,Donation
2322,5,1997-11-02T00:00:00-05:00,,12,Cash,Donation
2322,5,1997-11-02T00:00:00-05:00,,12,Cash,Donation
2322,5,1997-11-02T00:00:00-05:00,,12,Cash,Donation
2322,5,1997-11-02T00:00:00-05:00,,12,Cash,Donation
2324,100,1997-11-02T00:00:00-05:00,,29,Cash,Donation
2324,100,1997-11-02T00:00:00-05:00,,29,Cash,Donation
2324,100,1997-12-22T14:26:08-05:00,,29,Cash,Donation
2324,1000,1997-12-30T14:45:57-05:00,,29,Cash,Donation
2324,100,1997-12-30T16:52:22-05:00,,29,Cash,Donation
11089,219,2001-09-06T14:15:35-04:00,,52,Cash,Donation
2485,200,1997-11-02T00:00:00-05:00,,14,Cash,Donation
2485,500,1997-11-02T00:00:00-05:00,,14,Cash,Donation
2485,100,1997-11-02T00:00:00-05:00,,14,Cash,Donation
2485,100,1997-11-02T00:00:00-05:00,,14,Cash,Donation
5041,25,1997-11-02T00:00:00-05:00,,31,Cash,Donation
5041,50,1997-11-02T00:00:00-05:00,,16,Cash,Donation
5041,100,1997-11-02T00:00:00-05:00,,16,Cash,Donation
5041,100,1997-11-02T00:00:00-05:00,,16,Cash,Donation
5041,100,1997-11-02T00:00:00-05:00,,16,Cash,Donation
5041,100,1997-11-02T00:00:00-05:00,,16,Cash,Donation
5041,100,1997-11-02T00:00:00-05:00,,16,Cash,Donation
5041,25,1997-11-02T00:00:00-05:00,,33,Cash,Donation
5041,100,1998-03-02T17:42:48-05:00,,16,Cash,Donation
5041,100,1999-02-10T09:54:48-05:00,,16,Cash,Donation
5041,200,2000-02-25T10:16:22-05:00,,16,Cash,Donation
5041,200,2001-04-20T16:26:09-04:00,,16,Cash,Donation
5041,200,2002-05-02T08:23:24-04:00,,16,Cash,Donation
5041,200,2003-03-07T13:40:32-05:00,,16,Cash,Donation
475,25,1997-11-02T00:00:00-05:00,,9,Cash,Donation
475,200,1997-11-02T00:00:00-05:00,,1,Cash,Donation
475,200,1997-11-02T00:00:00-05:00,,14,Cash,Donation
475,45,1997-11-02T00:00:00-05:00,,15,Cash,Donation
475,250,1997-11-02T00:00:00-05:00,,14,Cash,Donation
475,15,1997-11-02T00:00:00-05:00,,1,Cash,Donation
475,10,1997-11-02T00:00:00-05:00,,1,Cash,Donation
475,45,1997-11-02T00:00:00-05:00,,15,Cash,Donation
475,200,1997-11-02T00:00:00-05:00,,14,Cash,Donation
475,50,1997-11-02T00:00:00-05:00,,15,Cash,Donation
475,100,1997-11-02T00:00:00-05:00,,2,Cash,Donation
475,200,1997-11-02T00:00:00-05:00,,14,Cash,Donation
475,50,1997-11-02T00:00:00-05:00,,15,Cash,Donation
475,250,1997-11-02T00:00:00-05:00,,2,Cash,Donation
475,50,1997-11-02T00:00:00-05:00,,15,Cash,Donation
475,200,1997-11-02T00:00:00-05:00,,14,Cash,Donation
475,300,1997-11-02T00:00:00-05:00,,2,Cash,Donation
475,50,1997-11-02T00:00:00-05:00,,15,Cash,Donation
475,300,1997-11-02T00:00:00-05:00,,14,Cash,Donation
475,50,1997-11-02T00:00:00-05:00,,15,Cash,Donation
475,300,1997-11-02T00:00:00-05:00,,14,Cash,Donation
475,50,1997-11-02T00:00:00-05:00,,15,Cash,Donation
475,50000,2004-04-03T10:27:24-05:00,,31,Cash,Donation
3185,10,1997-11-02T00:00:00-05:00,,1,Cash,Donation
3185,10,1997-11-02T00:00:00-05:00,,1,Cash,Donation
3187,20,1997-11-02T00:00:00-05:00,,1,Cash,Donation
3187,25,1997-11-02T00:00:00-05:00,,1,Cash,Donation
3187,20,1997-11-02T00:00:00-05:00,,4,Cash,Donation
4480,10,1997-11-02T00:00:00-05:00,,1,Cash,Donation
4480,15,1997-11-02T00:00:00-05:00,,1,Cash,Donation
4480,15,1997-11-02T00:00:00-05:00,,4,Cash,Donation
4753,15,1997-11-02T00:00:00-05:00,,8,Cash,Donation
3187,10,1997-11-02T00:00:00-05:00,,1,Cash,Donation
11950,1000,2010-12-20T16:01:04.153-05:00,,1,Cash,Donation
2489,20,1997-11-02T00:00:00-05:00,,7,Cash,Donation
2489,20,1997-11-02T00:00:00-05:00,,4,Cash,Donation
2489,200,1997-11-26T14:58:01-05:00,,24,Cash,Donation
2489,20,1999-12-30T15:54:44-05:00,,4,Cash,Donation
2489,150,2000-05-01T08:55:36-04:00,,24,Cash,GiftInKind
2489,100,2000-06-30T08:59:22-04:00,,24,Cash,GiftInKind
2489,10,2003-10-21T11:36:08-04:00,,24,Cash,Donation
9204,25,2000-01-06T10:07:24-05:00,,24,Cash,Donation
493,50,1997-11-02T00:00:00-05:00,,1,Cash,Donation
493,50,1997-11-02T00:00:00-05:00,,9,Cash,Donation
493,25,1997-11-02T00:00:00-05:00,,1,Cash,Donation
493,10,1997-11-02T00:00:00-05:00,,1,Cash,Donation
493,25,1997-11-02T00:00:00-05:00,,2,Cash,Donation
493,25,1997-11-02T00:00:00-05:00,,2,Cash,Donation
493,25,1997-11-02T00:00:00-05:00,,2,Cash,Donation
493,25,1997-11-02T00:00:00-05:00,,2,Cash,Donation
493,50,1997-11-02T00:00:00-05:00,,1,Cash,Donation
493,25,1997-11-02T00:00:00-05:00,,2,Cash,Donation
2497,25,1997-11-02T00:00:00-05:00,,7,Cash,Donation
2497,25,1997-11-02T00:00:00-05:00,,8,Cash,Donation
2497,25,1997-11-02T00:00:00-05:00,,12,Cash,Donation
2497,25,1997-11-02T00:00:00-05:00,,8,Cash,Donation
2497,35,1997-11-02T00:00:00-05:00,,12,Cash,Donation
10953,100,2001-05-31T14:29:34-04:00,,7,Cash,Donation
2327,100,1997-11-02T00:00:00-05:00,,12,Cash,Donation
2327,150,1997-11-02T00:00:00-05:00,,2,Cash,Donation
2327,35,1997-11-02T00:00:00-05:00,,12,Cash,Donation
2327,35,1997-11-02T00:00:00-05:00,,12,Cash,Donation
2327,35,1997-11-02T00:00:00-05:00,,12,Cash,Donation
2327,35,1997-11-02T00:00:00-05:00,,12,Cash,Donation
2327,50,1997-11-02T00:00:00-05:00,,12,Cash,Donation
515,10,1997-11-02T00:00:00-05:00,,2,Cash,Donation
2327,150,1997-11-02T00:00:00-05:00,,2,Cash,Donation
2327,100,1997-11-02T00:00:00-05:00,,12,Cash,Donation
2327,100,1997-11-02T00:00:00-05:00,,12,Cash,Donation
2327,50,1997-11-02T00:00:00-05:00,,7,Cash,Donation
2327,100,1997-11-02T00:00:00-05:00,,2,Cash,Donation
2327,100,1997-11-02T00:00:00-05:00,,12,Cash,Donation
2327,200,1997-11-02T00:00:00-05:00,,7,Cash,Donation
2327,50,1997-11-02T00:00:00-05:00,,7,Cash,Donation
2327,50,1997-12-31T12:27:31-05:00,,27,Cash,Donation
2505,30,1997-11-02T00:00:00-05:00,,1,Cash,Donation
2505,25,1997-11-02T00:00:00-05:00,,1,Cash,Donation
2505,25,1997-11-02T00:00:00-05:00,,1,Cash,Donation
2505,30,1997-11-02T00:00:00-05:00,,1,Cash,Donation
2505,30,1997-11-02T00:00:00-05:00,,1,Cash,Donation
2505,35,1997-11-02T00:00:00-05:00,,1,Cash,Donation
2505,35,1997-11-02T00:00:00-05:00,,1,Cash,Donation
2505,35,1997-11-02T00:00:00-05:00,,14,Cash,Donation
2505,25,1997-11-02T00:00:00-05:00,,1,Cash,Donation
2505,25,1998-12-02T09:18:26-05:00,,1,Cash,Donation
2505,25,2000-02-01T12:08:41-05:00,,1,Cash,Donation
2505,25,2000-05-15T10:34:35-04:00,,14,Cash,Donation
2707,5,1997-11-02T00:00:00-05:00,,4,Cash,Donation
2707,5,1997-11-02T00:00:00-05:00,,4,Cash,Donation
2707,10,1997-11-02T00:00:00-05:00,,4,Cash,Donation
2707,10,1997-11-02T00:00:00-05:00,,4,Cash,Donation
2707,10,1997-11-02T00:00:00-05:00,,4,Cash,Donation
2707,10,1997-11-02T00:00:00-05:00,,4,Cash,Donation
2707,10,1997-11-02T00:00:00-05:00,,4,Cash,Donation
2707,10,1997-12-15T09:52:34-05:00,,4,Cash,Donation
12088,100,2004-02-27T09:35:42-05:00,,16,Cash,Donation
12088,100,2012-02-23T14:34:06.17-05:00,,78,Cash,Donation
12088,200,2013-03-28T16:01:21.06-04:00,,78,CreditCard,Donation
12088,100,2016-04-25T15:14:41.68-04:00,,78,Cash,Donation
12088,120,2017-04-14T09:25:41.37-04:00,,78,Cash,Donation
12088,150,2018-05-10T12:54:08.053-04:00,,78,Cash,Donation
523,50,1997-11-02T00:00:00-05:00,,1,Cash,Donation
523,25,1997-11-02T00:00:00-05:00,,1,Cash,Donation
523,15,1997-11-02T00:00:00-05:00,,1,Cash,Donation
523,10,1997-11-02T00:00:00-05:00,,2,Cash,Donation
523,10,1997-11-02T00:00:00-05:00,,2,Cash,Donation
523,10,1997-11-02T00:00:00-05:00,,2,Cash,Donation
523,10,1997-11-02T00:00:00-05:00,,2,Cash,Donation
523,20,1997-11-02T00:00:00-05:00,,2,Cash,Donation
523,10,1997-11-02T00:00:00-05:00,,2,Cash,Donation
523,30,1997-11-02T00:00:00-05:00,,1,Cash,Donation
523,30,1997-11-02T00:00:00-05:00,,2,Cash,Donation
523,30,1997-11-02T00:00:00-05:00,,2,Cash,Donation
523,100,1997-11-02T00:00:00-05:00,,4,Cash,Donation
523,25,1997-11-02T00:00:00-05:00,,4,Cash,Donation
523,50,1997-11-02T00:00:00-05:00,,4,Cash,Donation
4767,25,1997-11-02T00:00:00-05:00,,8,Cash,Donation
533,10,1997-11-02T00:00:00-05:00,,1,Cash,Donation
533,10,1997-11-02T00:00:00-05:00,,1,Cash,Donation
533,15,1997-11-02T00:00:00-05:00,,1,Cash,Donation
533,15,1997-11-02T00:00:00-05:00,,1,Cash,Donation
533,10,1997-11-02T00:00:00-05:00,,2,Cash,Donation
533,10,1997-11-02T00:00:00-05:00,,2,Cash,Donation
2715,25,1997-11-02T00:00:00-05:00,,1,Cash,Donation
2715,30,1997-11-02T00:00:00-05:00,,1,Cash,Donation
2715,35,1997-11-02T00:00:00-05:00,,1,Cash,Donation
2715,35,1997-11-02T00:00:00-05:00,,1,Cash,Donation
2715,35,1997-11-02T00:00:00-05:00,,1,Cash,Donation
2715,40,1997-11-02T00:00:00-05:00,,4,Cash,Donation
2715,40,1997-11-02T00:00:00-05:00,,4,Cash,Donation
2715,40,1997-11-02T00:00:00-05:00,,4,Cash,Donation
2715,25,1997-11-02T00:00:00-05:00,,4,Cash,Donation
2715,25,1997-11-02T00:00:00-05:00,,4,Cash,Donation
2715,10,1997-11-02T00:00:00-05:00,,4,Cash,Donation
2715,10,1997-11-02T00:00:00-05:00,,4,Cash,Donation
2719,10,1997-11-02T00:00:00-05:00,,1,Cash,Donation
2719,15,1997-11-02T00:00:00-05:00,,1,Cash,Donation
2719,15,1997-11-02T00:00:00-05:00,,1,Cash,Donation
2719,15,1997-11-02T00:00:00-05:00,,1,Cash,Donation
2719,15,1997-11-02T00:00:00-05:00,,4,Cash,Donation
2719,15,1997-11-02T00:00:00-05:00,,4,Cash,Donation
2719,15,1997-11-02T00:00:00-05:00,,4,Cash,Donation
2719,15,1997-11-02T00:00:00-05:00,,4,Cash,Donation
2719,15,1997-11-02T00:00:00-05:00,,4,Cash,Donation
2719,15,1997-11-02T00:00:00-05:00,,4,Cash,Donation
2719,15,1997-11-02T00:00:00-05:00,,4,Cash,Donation
2719,15,1997-11-02T00:00:00-05:00,,4,Cash,Donation
2719,15,1997-11-02T00:00:00-05:00,,4,Cash,Donation
2719,25,1997-12-31T16:51:20-05:00,,4,Cash,Donation
2719,25,1998-12-29T12:14:39-05:00,,4,Cash,Donation
2719,25,2000-01-03T08:50:17-05:00,,4,Cash,Donation
2719,25,2000-12-06T10:31:55-05:00,,4,Cash,Donation
2719,25,2001-12-03T08:54:50-05:00,,4,Cash,Donation
2719,25,2002-12-05T12:04:44-05:00,,4,Cash,Donation
2719,25,2004-01-05T12:09:37-05:00,,4,Cash,Donation
2719,25,2004-10-26T08:56:39-04:00,,4,Cash,Donation
2719,25,2005-11-30T02:39:53-05:00,,1,Cash,Donation
2719,20,2008-02-05T16:38:50.227-05:00,,1,Cash,Donation
2719,20,2009-12-18T15:47:30.277-05:00,,1,Cash,Donation
2719,20,2010-12-01T11:25:26.943-05:00,,1,Cash,Donation
2719,20,2011-11-18T16:28:35.327-05:00,,24,Cash,Donation
2719,50,2017-05-10T16:00:23.517-04:00,,1,Cash,Donation
2721,25,1997-11-02T00:00:00-05:00,,1,Cash,Donation
2721,25,1997-11-02T00:00:00-05:00,,1,Cash,Donation
2721,10,1997-11-02T00:00:00-05:00,,4,Cash,Donation
2721,10,1997-11-02T00:00:00-05:00,,4,Cash,Donation
2721,10,1997-11-02T00:00:00-05:00,,4,Cash,Donation
2721,10,1997-12-31T16:57:47-05:00,,4,Cash,Donation
2721,25,1998-12-29T12:15:21-05:00,,4,Cash,Donation
2721,20,2000-12-06T10:32:34-05:00,,4,Cash,Donation
2721,10,2001-12-03T08:55:42-05:00,,4,Cash,Donation
3864,25,1997-11-02T00:00:00-05:00,,1,Cash,Donation
5076,25,1997-11-02T00:00:00-05:00,,31,Cash,Donation
12034,10,2003-10-21T11:29:21-04:00,,24,Cash,Donation
12034,50,2004-01-05T14:18:21-05:00,,24,Cash,Donation
12034,10,2005-07-05T10:20:24-04:00,,53,Cash,Donation
5776,10,1997-11-02T00:00:00-05:00,,4,Cash,Donation
5776,25,1997-11-02T00:00:00-05:00,,4,Cash,Donation
579,70,1997-11-02T00:00:00-05:00,,12,Cash,Donation
579,70,1997-11-02T00:00:00-05:00,,12,Cash,Donation
2586,25,1997-11-02T00:00:00-05:00,,12,Cash,Donation
2586,25,1997-11-02T00:00:00-05:00,,12,Cash,Donation
2586,25,1998-08-05T13:39:59-04:00,,12,Cash,Donation
2586,25,1999-09-01T15:16:50-04:00,,12,Cash,Donation
2586,50,2000-08-31T11:48:09-04:00,,12,Cash,Donation
5961,25,1997-11-02T00:00:00-05:00,,4,Cash,Donation
2592,100,1997-11-02T00:00:00-05:00,,18,Cash,Donation
4779,25,1997-11-02T00:00:00-05:00,,8,Cash,Donation
2723,10,1997-11-02T00:00:00-05:00,,1,Cash,Donation
2723,10,1997-11-02T00:00:00-05:00,,4,Cash,Donation
2723,10,1997-11-02T00:00:00-05:00,,4,Cash,Donation
2723,10,1997-11-02T00:00:00-05:00,,4,Cash,Donation
2723,15,2000-01-03T08:56:57-05:00,,4,Cash,Donation
2661,25,1997-11-02T00:00:00-05:00,,1,Cash,Donation
2661,25,1997-11-02T00:00:00-05:00,,1,Cash,Donation
2661,25,1997-11-02T00:00:00-05:00,,1,Cash,Donation
2661,25,1997-11-02T00:00:00-05:00,,1,Cash,Donation
2661,25,1997-11-02T00:00:00-05:00,,1,Cash,Donation
2838,100,1997-11-02T00:00:00-05:00,,18,Cash,Donation
2838,35,1997-11-02T00:00:00-05:00,,12,Cash,Donation
11881,25,2002-12-05T10:52:08-05:00,,4,Cash,Donation
11881,25,2004-01-07T10:08:12-05:00,,4,Cash,Donation
11881,10,2006-03-06T16:49:39.627-05:00,,4,Cash,Donation
11881,25,2007-03-06T10:30:30.91-05:00,,4,Cash,Donation
2850,10,1997-11-02T00:00:00-05:00,,1,Cash,Donation
2850,100,1997-11-02T00:00:00-05:00,,18,Cash,Donation
5896,500,1997-11-02T00:00:00-05:00,,16,Cash,Donation
5896,250,1997-11-02T00:00:00-05:00,,16,Cash,Donation
5896,200,1998-03-27T08:45:51-05:00,,16,Cash,Donation
5896,200,1999-10-05T09:40:09-04:00,,16,Cash,Donation
635,100,1997-12-09T15:43:43-05:00,,11,Cash,Donation
635,100,2005-03-21T16:56:56-05:00,,16,Cash,Donation
635,100,2006-04-06T13:11:53.713-04:00,,16,Cash,Donation
635,200,2007-05-15T12:23:19.703-04:00,,16,Cash,Donation
635,200,2008-02-26T11:42:49.353-05:00,,16,Cash,Donation
635,200,2009-04-20T09:38:12.28-04:00,,16,Cash,Donation
635,100,2009-12-29T16:20:58.79-05:00,,1,Cash,Donation
635,500,2010-02-18T13:17:15.98-05:00,,82,Cash,Donation
635,80,2011-02-18T11:09:52.29-05:00,,78,Cash,Donation
635,100,2011-12-20T16:00:32.71-05:00,,1,CreditCard,Donation
635,500,2012-01-31T19:25:38.487-05:00,,78,CreditCard,Donation
635,250,2013-03-19T09:55:21.733-04:00,,78,Cash,Donation
635,50,2013-04-18T15:03:43.27-04:00,,16,Cash,Donation
635,500,2014-02-27T13:59:13.593-05:00,,78,Cash,Donation
635,500,2015-04-09T09:25:28.733-04:00,,78,Cash,Donation
635,100,2015-12-23T11:53:07.323-05:00,,16,Cash,Donation
635,300,2016-04-18T16:11:07.297-04:00,,78,Cash,Donation
635,100,2016-12-23T13:53:40.08-05:00,,1,Cash,Donation
635,500,2017-04-11T19:23:40.27-04:00,,78,Cash,Donation
635,500,2018-04-10T16:40:36.537-04:00,,78,Cash,Donation
635,100,2020-07-24T13:19:41.007-04:00,,12,Cash,Donation
635,240,2022-04-11T16:56:28.627-04:00,,82,Cash,Donation
5100,5,1997-11-02T00:00:00-05:00,,7,Cash,Donation
2854,25,1997-11-02T00:00:00-05:00,,1,Cash,Donation
5229,5000,1997-11-02T00:00:00-05:00,,22,Cash,Donation
5229,100,1998-12-29T13:38:18-05:00,,16,Cash,Donation
5229,100,2001-09-04T09:23:49-04:00,,16,Cash,Donation
5229,200,2005-03-21T16:02:54-05:00,,16,Cash,Donation
2856,50,1997-11-02T00:00:00-05:00,,18,Cash,Donation
2856,50,1997-11-02T00:00:00-05:00,,18,Cash,Donation
6554,80,2016-06-14T15:12:03.09-04:00,,12,Cash,Donation
6554,40,2017-06-16T11:05:00.71-04:00,,12,Cash,Donation
6554,80,2018-06-04T13:59:06.37-04:00,,12,Cash,Donation
6554,80,2019-06-21T13:57:57.753-04:00,,12,Cash,Donation
6554,100,2020-07-24T13:28:27.157-04:00,,12,Cash,Donation
6554,100,2021-05-21T16:19:07.81-04:00,,12,Cash,Donation
6554,100,2022-05-20T16:11:39.19-04:00,,12,Cash,Donation
6554,50,2023-05-01T19:54:36.073-04:00,,7,Cash,Donation
6554,100,2024-01-22T20:45:50.467-05:00,,1,Cash,Donation
2925,35,1997-11-02T00:00:00-05:00,,7,Cash,Donation
2925,40,1997-11-02T00:00:00-05:00,,12,Cash,Donation
2925,40,1997-11-02T00:00:00-05:00,,12,Cash,Donation
2925,40,1997-11-02T00:00:00-05:00,,12,Cash,Donation
2925,50,1998-03-27T08:46:40-05:00,,12,Cash,Donation
2925,40,1999-03-05T10:21:13-05:00,,12,Cash,Donation
2925,45,2000-02-01T11:35:24-05:00,,12,Cash,Donation
2925,50,2001-01-30T13:40:33-05:00,,12,Cash,Donation
2925,50,2003-05-09T08:29:25-04:00,,12,Cash,Donation
2925,50,2004-06-01T11:47:41-04:00,,12,Cash,Donation
2925,50,2005-10-31T03:41:12-05:00,,12,Cash,Donation
2925,50,2011-02-11T14:05:11.35-05:00,,1,Cash,Donation
2925,75,2011-06-10T14:36:45.307-04:00,,12,Cash,Donation
2925,75,2012-06-15T16:02:49.273-04:00,,12,Cash,Donation
2925,50,2013-04-23T19:20:47.12-04:00,,7,Cash,Donation
2925,50,2014-02-10T16:46:34.197-05:00,,7,Cash,Donation
2925,50,2014-07-15T16:06:55.573-04:00,,12,Cash,Donation
2864,500,1997-11-02T00:00:00-05:00,,8,Cash,Donation
2864,100,1997-11-02T00:00:00-05:00,,16,Cash,Donation
2864,100,1997-11-02T00:00:00-05:00,,16,Cash,Donation
2864,100,1997-11-02T00:00:00-05:00,,16,Cash,Donation
2864,500,1997-11-02T00:00:00-05:00,,16,Cash,Donation
2864,850,1997-11-02T00:00:00-05:00,,7,Cash,Donation
2864,175,1997-11-02T00:00:00-05:00,,35,Cash,Donation
2864,250,1997-11-02T00:00:00-05:00,,16,Cash,Donation
2864,250,1997-11-02T00:00:00-05:00,,16,Cash,Donation
2864,175,1997-11-02T00:00:00-05:00,,35,Cash,Donation
2864,250,1998-09-29T13:08:38-04:00,,16,Cash,Donation
2864,500,2000-04-04T11:25:06-04:00,,16,Cash,Donation
2864,250,2001-05-31T14:53:59-04:00,,16,Cash,Donation
2864,1000,2002-11-04T14:25:05-05:00,,16,Cash,Donation
2864,250,2004-02-27T11:10:38-05:00,,16,Cash,Donation
2864,500,2006-11-29T10:13:35.217-05:00,,16,Cash,Donation
2864,1000,2008-05-19T11:52:44.513-04:00,,16,Cash,Donation
2864,1000,2009-06-19T13:58:55.26-04:00,,16,Cash,Donation
2864,500,2011-11-14T10:17:52.203-05:00,,1,Cash,Donation
2864,500,2013-03-27T19:50:29.56-04:00,,82,Cash,Donation
2868,25,1997-11-02T00:00:00-05:00,,8,Cash,Donation
2868,25,1997-11-02T00:00:00-05:00,,8,Cash,Donation
2868,25,1997-11-02T00:00:00-05:00,,8,Cash,Donation
2868,25,1997-11-02T00:00:00-05:00,,12,Cash,Donation
2868,35,1997-11-02T00:00:00-05:00,,12,Cash,Donation
2874,25000,1997-11-02T00:00:00-05:00,,18,Cash,Donation
2874,25,1997-11-02T00:00:00-05:00,,7,Cash,Donation
2290,25,1997-11-02T00:00:00-05:00,,12,Cash,Donation
2290,35,1997-11-02T00:00:00-05:00,,12,Cash,Donation
2290,25,1997-11-02T00:00:00-05:00,,12,Cash,Donation
2290,25,1997-11-02T00:00:00-05:00,,12,Cash,Donation
2290,15,1997-11-02T00:00:00-05:00,,12,Cash,Donation
2290,25,1997-11-02T00:00:00-05:00,,12,Cash,Donation
2290,25,1997-11-02T00:00:00-05:00,,12,Cash,Donation
2290,25,1997-11-02T00:00:00-05:00,,12,Cash,Donation
2290,25,1997-11-02T00:00:00-05:00,,12,Cash,Donation
2290,15,1997-11-02T00:00:00-05:00,,12,Cash,Donation
2290,25,1997-11-02T00:00:00-05:00,,12,Cash,Donation
2290,25,1997-11-02T00:00:00-05:00,,12,Cash,Donation
2290,25,1997-11-02T00:00:00-05:00,,12,Cash,Donation
2290,25,1997-11-02T00:00:00-05:00,,12,Cash,Donation
2290,25,1998-07-02T10:51:47-04:00,,12,Cash,Donation
2290,25,1999-07-05T16:01:20-04:00,,12,Cash,Donation
2290,25,2000-05-30T11:07:42-04:00,,12,Cash,Donation
2290,20,2001-10-31T16:01:31-05:00,,1,Cash,Donation
2290,25,2003-06-03T13:25:53-04:00,,12,Cash,Donation
2290,25,2004-07-02T10:58:51-04:00,,12,Cash,Donation
2290,25,2005-09-02T09:18:09-04:00,,12,Cash,Donation
2290,25,2008-06-30T16:20:07.897-04:00,,12,Cash,Donation
12414,20,2004-11-24T10:41:30-05:00,,4,Cash,Donation
14957,20,2011-05-16T15:03:51.57-04:00,,7,Cash,GiftInKind
3705,40,1997-11-02T00:00:00-05:00,,1,Cash,Donation
4278,25,1997-11-02T00:00:00-05:00,,4,Cash,Donation
4278,20,1997-11-02T00:00:00-05:00,,4,Cash,Donation
4278,25,1997-11-02T00:00:00-05:00,,4,Cash,Donation
4278,15,1997-11-02T00:00:00-05:00,,4,Cash,Donation
4278,25,1997-11-02T00:00:00-05:00,,4,Cash,Donation
4278,10,1997-11-02T00:00:00-05:00,,4,Cash,Donation
4278,15,1997-11-02T00:00:00-05:00,,4,Cash,Donation
4278,25,1997-11-02T00:00:00-05:00,,4,Cash,Donation
5289,10,1997-11-02T00:00:00-05:00,,4,Cash,Donation
12085,150,2004-02-27T09:18:20-05:00,,16,Cash,Donation
689,100,2002-10-01T10:19:57-04:00,,54,Cash,Donation
2884,25,1997-11-02T00:00:00-05:00,,2,Cash,Donation
2884,25,1997-11-02T00:00:00-05:00,,2,Cash,Donation
2884,10,1997-11-02T00:00:00-05:00,,2,Cash,Donation
2884,10,1997-11-02T00:00:00-05:00,,2,Cash,Donation
693,10,1997-11-02T00:00:00-05:00,,2,Cash,Donation
693,10,1997-11-02T00:00:00-05:00,,2,Cash,Donation
12439,50,2006-07-20T15:56:24.97-04:00,,12,Cash,Donation
12439,100,2007-06-19T11:36:13.78-04:00,,12,Cash,Donation
12439,50,2008-05-19T14:01:12.34-04:00,,12,Cash,Donation
2735,5,1997-11-02T00:00:00-05:00,,1,Cash,Donation
2735,5,1997-11-02T00:00:00-05:00,,1,Cash,Donation
2735,10,1997-11-02T00:00:00-05:00,,1,Cash,Donation
2735,5,1997-11-02T00:00:00-05:00,,4,Cash,Donation
2735,5,1997-11-02T00:00:00-05:00,,4,Cash,Donation
2735,5,1997-11-02T00:00:00-05:00,,4,Cash,Donation
2735,3,1997-11-02T00:00:00-05:00,,4,Cash,Donation
2735,5,1997-11-02T00:00:00-05:00,,4,Cash,Donation
2735,5,1997-11-02T00:00:00-05:00,,4,Cash,Donation
2735,5,1997-11-02T00:00:00-05:00,,4,Cash,Donation
2735,5,1997-11-02T00:00:00-05:00,,4,Cash,Donation
2735,5,1997-11-02T00:00:00-05:00,,4,Cash,Donation
2735,5,1997-12-15T09:28:10-05:00,,4,Cash,Donation
741,1000,1997-12-26T16:47:33-05:00,,11,Cash,PledgePayment
741,1000,1998-03-27T08:48:12-05:00,,11,Cash,PledgePayment
3016,25,1997-11-02T00:00:00-05:00,,1,Cash,Donation
3016,25,1997-11-02T00:00:00-05:00,,1,Cash,Donation
3016,25,1997-11-02T00:00:00-05:00,,1,Cash,Donation
3016,20,1997-11-02T00:00:00-05:00,,1,Cash,Donation
3016,25,1997-11-02T00:00:00-05:00,,1,Cash,Donation
3016,25,1997-11-02T00:00:00-05:00,,2,Cash,Donation
3016,25,1997-11-02T00:00:00-05:00,,2,Cash,Donation
3016,25,1997-11-02T00:00:00-05:00,,32,Cash,Donation
3016,25,1997-11-02T00:00:00-05:00,,2,Cash,Donation
3016,25,1997-12-31T14:08:36-05:00,,1,Cash,Donation
3016,25,1998-12-29T13:40:36-05:00,,1,Cash,Donation
3016,25,2000-01-03T09:31:51-05:00,,4,Cash,Donation
3016,25,2001-01-01T09:56:09-05:00,,4,Cash,Donation
3016,25,2001-12-31T15:22:03-05:00,,4,Cash,Donation
3016,25,2004-01-05T14:12:25-05:00,,4,Cash,Donation
741,100,1997-11-02T00:00:00-05:00,,7,Cash,Donation
741,1500,1997-11-02T00:00:00-05:00,,18,Cash,Donation
741,100,1997-12-30T10:33:58-05:00,,27,Cash,Donation
741,500,2000-04-04T10:10:09-04:00,,11,Cash,Donation
741,100,2002-08-05T08:49:44-04:00,,12,Cash,Donation
8677,2216.4,1999-08-31T15:06:52-04:00,,16,Cash,Stock
3031,200,1997-11-02T00:00:00-05:00,,18,Cash,Donation
6146,50,1997-11-02T00:00:00-05:00,,14,Cash,Donation
6146,50,1997-12-24T14:03:27-05:00,,14,Cash,Donation
6146,50,1998-12-29T13:44:55-05:00,,14,Cash,Donation
2738,15,1997-11-02T00:00:00-05:00,,1,Cash,Donation
2738,10,1997-11-02T00:00:00-05:00,,4,Cash,Donation
2738,10,1997-11-02T00:00:00-05:00,,4,Cash,Donation
2738,10,1997-11-02T00:00:00-05:00,,4,Cash,Donation
2738,10,1997-11-02T00:00:00-05:00,,4,Cash,Donation
2738,10,1997-11-02T00:00:00-05:00,,4,Cash,Donation
2738,10,1997-11-02T00:00:00-05:00,,4,Cash,Donation
2738,10,1997-11-02T00:00:00-05:00,,4,Cash,Donation
2738,10,1997-11-02T00:00:00-05:00,,4,Cash,Donation
2738,10,1997-11-02T00:00:00-05:00,,4,Cash,Donation
2738,10,1997-12-15T10:02:08-05:00,,4,Cash,Donation
2738,10,1998-12-29T12:18:46-05:00,,4,Cash,Donation
2738,10,1999-12-31T14:24:01-05:00,,4,Cash,Donation
2738,10,2000-12-06T10:38:45-05:00,,4,Cash,Donation
787,50,1997-11-02T00:00:00-05:00,,1,Cash,Donation
787,50,1997-11-02T00:00:00-05:00,,1,Cash,Donation
787,100,1997-12-09T16:29:13-05:00,,11,Cash,Donation
5310,50,1997-11-02T00:00:00-05:00,,4,Cash,Donation
5310,25,1997-11-02T00:00:00-05:00,,4,Cash,Donation
5310,25,1997-11-02T00:00:00-05:00,,4,Cash,Donation
5334,5,1997-11-02T00:00:00-05:00,,4,Cash,Donation
5334,5,1997-11-02T00:00:00-05:00,,4,Cash,Donation
5334,5,1997-11-02T00:00:00-05:00,,4,Cash,Donation
3070,50,1997-11-02T00:00:00-05:00,,7,Cash,Donation
3070,80,1997-11-02T00:00:00-05:00,,12,Cash,Donation
3070,50,1997-11-02T00:00:00-05:00,,12,Cash,Donation
3070,90,1999-09-01T15:30:25-04:00,,12,Cash,Donation
10618,100,2007-07-11T15:33:36.903-04:00,,12,Cash,Donation
10618,100,2008-01-15T17:12:40.743-05:00,,1,Cash,Donation
10618,100,2008-05-19T13:08:24.217-04:00,,12,Cash,Donation
11962,500,2003-03-07T13:57:14-05:00,,58,Cash,Donation
3084,100,1997-11-02T00:00:00-05:00,,1,Cash,Donation
3084,100,1997-11-02T00:00:00-05:00,,1,Cash,Donation
3084,100,1997-11-02T00:00:00-05:00,,1,Cash,Donation
3084,100,1997-11-02T00:00:00-05:00,,13,Cash,Donation
3084,200,1997-11-02T00:00:00-05:00,,7,Cash,Donation
3086,25,1997-11-02T00:00:00-05:00,,1,Cash,Donation
3086,50,1997-11-02T00:00:00-05:00,,1,Cash,Donation
3086,50,1997-11-02T00:00:00-05:00,,1,Cash,Donation
3086,50,1997-11-02T00:00:00-05:00,,1,Cash,Donation
3086,100,1997-11-02T00:00:00-05:00,,1,Cash,Donation
3086,100,1997-11-02T00:00:00-05:00,,7,Cash,Donation
3086,100,1997-11-02T00:00:00-05:00,,1,Cash,Donation
3086,100,1997-11-02T00:00:00-05:00,,1,Cash,Donation
3086,100,1997-11-02T00:00:00-05:00,,13,Cash,Donation
3094,50,1997-11-02T00:00:00-05:00,,1,Cash,Donation
3094,50,1997-11-02T00:00:00-05:00,,1,Cash,Donation
3094,50,1997-11-02T00:00:00-05:00,,1,Cash,Donation
3094,50,1997-11-02T00:00:00-05:00,,1,Cash,Donation
3094,50,1997-11-02T00:00:00-05:00,,7,Cash,Donation
3094,200,1997-11-02T00:00:00-05:00,,1,Cash,Donation
4498,10,1997-11-02T00:00:00-05:00,,1,Cash,Donation
3086,100,1997-11-02T00:00:00-05:00,,1,Cash,Donation
3086,100,1997-11-02T00:00:00-05:00,,1,Cash,Donation
3086,100,1997-11-02T00:00:00-05:00,,7,Cash,Donation
4498,25,1997-11-02T00:00:00-05:00,,4,Cash,Donation
4498,25,1997-11-02T00:00:00-05:00,,4,Cash,Donation
3086,100,1997-11-02T00:00:00-05:00,,7,Cash,Donation
3086,100,1997-11-02T00:00:00-05:00,,7,Cash,Donation
3086,100,1997-12-22T14:21:11-05:00,,7,Cash,Donation
3084,100,1997-12-24T14:33:12-05:00,,7,Cash,Donation
3086,100,1998-12-29T13:47:04-05:00,,7,Cash,Donation
3086,100,1999-12-30T16:45:44-05:00,,7,Cash,Donation
3086,100,2000-04-27T15:01:21-04:00,,24,Cash,Donation
3086,100,2000-07-31T13:54:00-04:00,,24,Cash,Donation
3086,100,2000-12-21T11:51:44-05:00,,7,Cash,Donation
3086,200,2005-10-31T03:44:31-05:00,,24,Cash,Donation
2742,10,1997-11-02T00:00:00-05:00,,1,Cash,Donation
2742,10,1997-11-02T00:00:00-05:00,,1,Cash,Donation
2742,10,1997-11-02T00:00:00-05:00,,1,Cash,Donation
2742,10,1997-11-02T00:00:00-05:00,,1,Cash,Donation
2742,10,1997-11-02T00:00:00-05:00,,4,Cash,Donation
2742,10,1997-11-02T00:00:00-05:00,,4,Cash,Donation
2742,10,1997-11-02T00:00:00-05:00,,4,Cash,Donation
3057,25,1997-11-02T00:00:00-05:00,,1,Cash,Donation
3096,100,1997-11-02T00:00:00-05:00,,16,Cash,Donation
2742,20,1997-11-02T00:00:00-05:00,,4,Cash,Donation
3096,100,1997-11-02T00:00:00-05:00,,16,Cash,Donation
2742,20,1997-11-02T00:00:00-05:00,,4,Cash,Donation
3096,100,1997-11-02T00:00:00-05:00,,35,Cash,Donation
3096,100,1997-11-02T00:00:00-05:00,,16,Cash,Donation
2742,20,1997-11-02T00:00:00-05:00,,4,Cash,Donation
3096,100,1997-11-02T00:00:00-05:00,,16,Cash,Donation
3096,175,1997-11-02T00:00:00-05:00,,35,Cash,Donation
5784,25,1997-11-02T00:00:00-05:00,,4,Cash,Donation
3096,100,1997-11-02T00:00:00-05:00,,16,Cash,Donation
3096,175,1997-11-02T00:00:00-05:00,,35,Cash,Donation
3096,500,2014-03-06T20:51:26.937-05:00,,78,Cash,Donation
3096,500,2015-04-09T09:36:42.073-04:00,,78,Cash,Donation
849,15,1997-11-02T00:00:00-05:00,,2,Cash,Donation
849,15,1997-11-02T00:00:00-05:00,,2,Cash,Donation
849,20,1997-12-30T10:39:11-05:00,,29,Cash,Donation
849,100,2003-01-03T16:54:26-05:00,,54,Cash,Donation
5627,250,1997-11-02T00:00:00-05:00,,16,Cash,Donation
3109,5,1997-11-02T00:00:00-05:00,,4,Cash,Donation
3109,25,1997-11-02T00:00:00-05:00,,18,Cash,Donation
8018,50,1998-12-29T13:49:26-05:00,,24,Cash,Donation
8018,75,2003-07-08T13:57:12-04:00,,12,Cash,Donation
3124,100,1997-11-02T00:00:00-05:00,,18,Cash,Donation
3124,35,1997-11-02T00:00:00-05:00,,12,Cash,Donation
3124,100,1997-11-02T00:00:00-05:00,,12,Cash,Donation
3124,100,1997-11-02T00:00:00-05:00,,1,Cash,Donation
3124,100,1997-11-02T00:00:00-05:00,,7,Cash,Donation
4808,20,1997-11-02T00:00:00-05:00,,8,Cash,Donation
4808,25,1997-11-02T00:00:00-05:00,,8,Cash,Donation
887,50,1997-11-02T00:00:00-05:00,,8,Cash,Donation
887,30,1997-11-02T00:00:00-05:00,,9,Cash,Donation
887,20,1997-11-02T00:00:00-05:00,,9,Cash,Donation
887,25,1997-11-02T00:00:00-05:00,,7,Cash,Donation
887,40,1997-11-02T00:00:00-05:00,,7,Cash,Donation
887,40,1997-11-02T00:00:00-05:00,,4,Cash,Donation
887,10,1997-11-02T00:00:00-05:00,,7,Cash,Donation
887,5,1997-11-02T00:00:00-05:00,,7,Cash,Donation
887,50,1997-11-02T00:00:00-05:00,,13,Cash,Donation
887,25,1997-11-02T00:00:00-05:00,,1,Cash,Donation
887,15,1997-11-02T00:00:00-05:00,,2,Cash,Donation
887,15,1997-11-02T00:00:00-05:00,,2,Cash,Donation
887,50,1997-11-02T00:00:00-05:00,,2,Cash,Donation
887,35,1997-11-02T00:00:00-05:00,,2,Cash,Donation
887,50,1997-11-02T00:00:00-05:00,,12,Cash,Donation
887,30,1997-11-02T00:00:00-05:00,,7,Cash,Donation
887,50,1997-11-02T00:00:00-05:00,,12,Cash,Donation
887,10,1997-12-30T16:59:16-05:00,,29,Cash,Donation
887,100,2001-12-03T11:08:20-05:00,,51,Cash,Donation
887,25,2002-08-05T09:12:24-04:00,,12,Cash,Donation
887,25,2004-04-29T11:14:40-04:00,,7,Cash,Donation
887,40,2019-06-21T10:54:02.933-04:00,,12,Cash,Donation
887,50,2020-07-24T15:48:20.177-04:00,,12,Cash,Donation
887,50,2021-06-15T14:42:04.327-04:00,,12,Cash,Donation
887,30,2022-07-05T08:38:07.567-04:00,,12,Cash,Donation
887,25,2023-08-31T19:33:26.493-04:00,,12,Cash,Donation
893,50,1997-11-02T00:00:00-05:00,,1,Cash,Donation
893,500,1997-11-02T00:00:00-05:00,,1,Cash,Donation
893,500,1997-11-02T00:00:00-05:00,,1,Cash,Donation
893,500,1997-11-02T00:00:00-05:00,,1,Cash,Donation
893,500,1997-11-02T00:00:00-05:00,,1,Cash,Donation
893,25,1997-11-02T00:00:00-05:00,,1,Cash,Donation
893,500,1997-11-02T00:00:00-05:00,,1,Cash,Donation
893,300,1997-11-02T00:00:00-05:00,,7,Cash,Donation
893,10,1997-11-02T00:00:00-05:00,,2,Cash,Donation
893,500,1997-11-02T00:00:00-05:00,,4,Cash,Donation
893,15,1997-11-02T00:00:00-05:00,,26,Cash,Donation
893,100,1997-11-02T00:00:00-05:00,,7,Cash,Donation
893,100,1997-11-02T00:00:00-05:00,,8,Cash,Donation
893,80,1997-11-02T00:00:00-05:00,,7,Cash,Donation
893,500,1997-11-02T00:00:00-05:00,,1,Cash,Donation
893,20,1997-11-02T00:00:00-05:00,,1,Cash,Donation
893,100,1997-11-02T00:00:00-05:00,,30,Cash,Donation
893,500,1997-11-02T00:00:00-05:00,,1,Cash,Donation
893,20,1997-11-02T00:00:00-05:00,,26,Cash,Donation
901,15,1997-11-02T00:00:00-05:00,,1,Cash,Donation
901,75,1997-11-02T00:00:00-05:00,,1,Cash,Donation
901,100,1997-11-02T00:00:00-05:00,,8,Cash,Donation
901,100,1997-11-02T00:00:00-05:00,,8,Cash,Donation
901,100,1997-11-02T00:00:00-05:00,,8,Cash,Donation
901,100,1997-11-02T00:00:00-05:00,,8,Cash,Donation
901,100,1997-11-02T00:00:00-05:00,,8,Cash,Donation
901,15,1997-11-02T00:00:00-05:00,,7,Cash,Donation
901,100,1997-11-02T00:00:00-05:00,,22,Cash,Donation
901,100,1997-11-02T00:00:00-05:00,,21,Cash,Donation
901,100,1997-11-02T00:00:00-05:00,,21,Cash,Donation
901,40,1997-11-02T00:00:00-05:00,,21,Cash,Donation
901,100,1997-11-02T00:00:00-05:00,,2,Cash,Donation
901,50,1997-11-02T00:00:00-05:00,,2,Cash,Donation
901,100,1997-11-02T00:00:00-05:00,,14,Cash,Donation
901,100,1997-11-02T00:00:00-05:00,,7,Cash,Donation
901,250,1998-02-04T10:00:37-05:00,,14,Cash,Donation
901,50,1998-02-11T15:30:23-05:00,,24,Cash,Donation
901,295.32,1998-11-17T08:57:07-05:00,,1,Cash,GiftInKind
901,306.82,2000-08-22T16:09:46-04:00,,24,Cash,GiftInKind
901,70.95,2000-10-04T15:57:06-04:00,,24,Cash,Donation
901,200,2000-12-21T11:53:25-05:00,,46,Cash,Donation
4596,20,1997-11-02T00:00:00-05:00,,1,Cash,Donation
4596,20,1997-11-02T00:00:00-05:00,,4,Cash,Donation
4596,20,1997-11-02T00:00:00-05:00,,1,Cash,Donation
4596,20,1997-11-02T00:00:00-05:00,,4,Cash,Donation
4596,20,1997-11-02T00:00:00-05:00,,4,Cash,Donation
4596,20,1997-11-02T00:00:00-05:00,,4,Cash,Donation
4596,20,1997-11-02T00:00:00-05:00,,4,Cash,Donation
4596,25,1997-11-02T00:00:00-05:00,,4,Cash,Donation
4596,25,1997-12-24T14:13:08-05:00,,4,Cash,Donation
4596,20,1998-12-29T13:52:37-05:00,,1,Cash,Donation
4596,25,1999-12-30T16:45:09-05:00,,1,Cash,Donation
4596,25,2001-01-01T09:53:48-05:00,,4,Cash,Donation
4596,25,2001-12-26T10:21:57-05:00,,4,Cash,Donation
4596,25,2003-02-14T11:45:38-05:00,,4,Cash,Donation
4596,25,2004-01-07T10:11:00-05:00,,4,Cash,Donation
4596,25,2004-12-31T14:04:11-05:00,,4,Cash,Donation
4596,25,2007-03-06T09:49:52.597-05:00,,4,Cash,Donation
4596,25,2011-12-29T14:51:12.153-05:00,,7,Cash,Donation
4596,25,2014-12-22T11:15:22.767-05:00,,1,Cash,Donation
4596,25,2016-01-15T10:17:30.577-05:00,,7,Cash,Donation
4596,25,2016-12-29T15:20:45.02-05:00,,7,Cash,Donation
4596,25,2017-12-29T12:57:25.78-05:00,,7,Cash,Donation
4596,25,2018-12-28T15:10:36.04-05:00,,7,Cash,Donation
4596,20,2024-01-11T11:51:40.04-05:00,,7,Cash,Donation
4598,10,1997-11-02T00:00:00-05:00,,1,Cash,Donation
6723,100,1997-12-30T14:13:39-05:00,,31,Cash,Donation
3154,25,1997-11-02T00:00:00-05:00,,1,Cash,Donation
3154,150,1998-03-02T17:56:24-05:00,,1,Cash,Donation
3154,25,1998-12-02T09:38:40-05:00,,1,Cash,Donation
3154,100,1999-10-05T10:20:46-04:00,,1,Cash,Donation
3154,125,2001-01-01T09:59:22-05:00,,1,Cash,Donation
3154,115,2001-12-26T09:37:54-05:00,,1,Cash,Donation
3154,100,2004-01-05T14:10:25-05:00,,4,Cash,Donation
3154,100,2004-12-31T14:02:43-05:00,,4,Cash,Donation
3154,110,2005-11-30T02:38:22-05:00,,1,Cash,Donation
3154,125,2006-08-08T14:10:36.31-04:00,,14,Cash,Donation
3154,100,2007-09-21T09:26:40.39-04:00,,1,PersonalCheck,Donation
3154,75,2011-04-07T16:49:11.35-04:00,,1,Cash,Donation
3154,50,2012-01-18T19:10:11.287-05:00,,1,Cash,Donation
3154,50,2013-01-18T19:46:37.063-05:00,,1,Cash,Donation
3154,50,2013-09-11T16:07:38.583-04:00,,1,Cash,Donation
3154,150,2014-01-17T19:56:01.417-05:00,,1,Cash,Donation
3154,150,2015-02-18T09:38:25.3-05:00,,1,Cash,Donation
3161,30,1997-11-02T00:00:00-05:00,,8,Cash,Donation
3161,25,1997-11-02T00:00:00-05:00,,12,Cash,Donation
3161,25,1997-11-02T00:00:00-05:00,,8,Cash,Donation
3161,50,1997-11-02T00:00:00-05:00,,7,Cash,Donation
945,300,1997-11-02T00:00:00-05:00,,1,Cash,Donation
945,200,1997-11-02T00:00:00-05:00,,8,Cash,Donation
945,125,1997-11-02T00:00:00-05:00,,35,Cash,Donation
945,200,1997-11-02T00:00:00-05:00,,1,Cash,Donation
945,50,1997-11-02T00:00:00-05:00,,1,Cash,Donation
945,125,1997-11-02T00:00:00-05:00,,7,Cash,Donation
945,125,1997-11-02T00:00:00-05:00,,35,Cash,Donation
945,25,1997-11-02T00:00:00-05:00,,2,Cash,Donation
945,150,1997-11-02T00:00:00-05:00,,35,Cash,Donation
945,150,1997-11-02T00:00:00-05:00,,35,Cash,Donation
945,100,1997-11-02T00:00:00-05:00,,7,Cash,Donation
945,150,1997-11-02T00:00:00-05:00,,35,Cash,Donation
3742,15,1997-11-02T00:00:00-05:00,,1,Cash,Donation
945,150,1997-11-02T00:00:00-05:00,,2,Cash,Donation
3161,25,1997-11-02T00:00:00-05:00,,12,Cash,Donation
945,10,1997-11-02T00:00:00-05:00,,7,Cash,Donation
3161,25,1997-11-02T00:00:00-05:00,,7,Cash,Donation
3161,30,1997-11-02T00:00:00-05:00,,2,Cash,Donation
3161,30,1997-11-02T00:00:00-05:00,,12,Cash,Donation
3161,50,1997-11-02T00:00:00-05:00,,12,Cash,Donation
3161,20,1997-11-02T00:00:00-05:00,,7,Cash,Donation
3161,25,1997-11-02T00:00:00-05:00,,12,Cash,Donation
3161,55,1997-11-02T00:00:00-05:00,,12,Cash,Donation
3161,25,1997-11-26T14:59:09-05:00,,7,Cash,Donation
3161,25,1998-09-29T13:13:58-04:00,,12,Cash,Donation
3161,30,1999-07-05T16:09:46-04:00,,12,Cash,Donation
3161,50,2000-05-30T11:36:12-04:00,,12,Cash,Donation
3161,25,2001-01-30T13:44:38-05:00,,12,Cash,Donation
3161,100,2003-06-03T13:43:12-04:00,,12,Cash,Donation
3161,30,2003-10-22T11:09:31-04:00,,7,Cash,Donation
3161,25,2004-07-30T10:10:23-04:00,,12,Cash,Donation
3161,75,2005-03-01T13:54:08-05:00,,1,Cash,Donation
3161,50,2005-09-02T09:05:30-04:00,,12,Cash,Donation
3161,25,2005-11-30T02:57:44-05:00,,7,Cash,Donation
3161,25,2007-03-06T11:14:44.503-05:00,,12,Cash,Donation
3161,50,2008-05-19T14:05:08.7-04:00,,12,Cash,Donation
3161,25,2009-12-21T14:11:07.727-05:00,,1,Cash,Donation
3161,25,2010-12-16T13:54:01.347-05:00,,1,Cash,Donation
3161,30,2011-11-14T10:25:33.823-05:00,,7,Cash,Donation
3161,50,2012-12-21T12:18:38.24-05:00,,91,Cash,Donation
5629,25,1997-11-02T00:00:00-05:00,,16,Cash,Donation
5629,50,1997-11-02T00:00:00-05:00,,16,Cash,Donation
5269,5,1997-11-02T00:00:00-05:00,,12,Cash,Donation
5269,3,1997-11-02T00:00:00-05:00,,2,Cash,Donation
5269,3,1997-11-02T00:00:00-05:00,,12,Cash,Donation
16767,124.7,2015-04-30T14:53:08.957-04:00,,12,Cash,GiftInKind
16767,200,2020-07-24T13:46:25.85-04:00,,12,Cash,Donation
2746,5,1997-11-02T00:00:00-05:00,,1,Cash,Donation
3872,5,1997-11-02T00:00:00-05:00,,4,Cash,Donation
3235,100,1997-11-02T00:00:00-05:00,,1,Cash,Donation
3235,100,1997-11-02T00:00:00-05:00,,1,Cash,Donation
3283,25,1997-11-02T00:00:00-05:00,,12,Cash,Donation
3283,10,1997-11-02T00:00:00-05:00,,12,Cash,Donation
3283,25,1997-11-02T00:00:00-05:00,,7,Cash,Donation
3283,25,1997-11-02T00:00:00-05:00,,8,Cash,Donation
3283,25,1997-11-02T00:00:00-05:00,,12,Cash,Donation
3283,20,1997-11-02T00:00:00-05:00,,12,Cash,Donation
3283,20,1997-11-02T00:00:00-05:00,,12,Cash,Donation
4816,25,1997-11-02T00:00:00-05:00,,8,Cash,Donation
4816,75,1997-11-02T00:00:00-05:00,,12,Cash,Donation
3283,20,1997-11-02T00:00:00-05:00,,12,Cash,Donation
3283,20,1997-11-02T00:00:00-05:00,,7,Cash,Donation
2752,5,1997-11-02T00:00:00-05:00,,4,Cash,Donation
2756,20,1997-11-02T00:00:00-05:00,,4,Cash,Donation
2756,20,1997-11-02T00:00:00-05:00,,4,Cash,Donation
2756,20,1997-11-02T00:00:00-05:00,,4,Cash,Donation
2756,20,1997-11-02T00:00:00-05:00,,4,Cash,Donation
2756,25,1997-11-02T00:00:00-05:00,,4,Cash,Donation
3713,10,1997-11-02T00:00:00-05:00,,4,Cash,Donation
3713,10,1997-11-02T00:00:00-05:00,,4,Cash,Donation
4508,20,1997-11-02T00:00:00-05:00,,1,Cash,Donation
4508,10,1997-11-02T00:00:00-05:00,,4,Cash,Donation
4508,15,1997-11-02T00:00:00-05:00,,4,Cash,Donation
6060,50,1997-11-02T00:00:00-05:00,,16,Cash,Donation
6060,50,1997-11-02T00:00:00-05:00,,16,Cash,Donation
5699,175,1997-11-02T00:00:00-05:00,,35,Cash,Donation
5699,175,1997-11-02T00:00:00-05:00,,35,Cash,Donation
5699,175,1997-11-02T00:00:00-05:00,,35,Cash,Donation
5699,175,1997-11-02T00:00:00-05:00,,35,Cash,Donation
3354,100,1997-11-02T00:00:00-05:00,,18,Cash,Donation
4043,25,1997-11-02T00:00:00-05:00,,1,Cash,Donation
3570,25,1997-11-02T00:00:00-05:00,,12,Cash,Donation
6263,25,1997-11-02T00:00:00-05:00,,14,Cash,Donation
3568,100,1997-11-02T00:00:00-05:00,,16,Cash,Donation
3568,100,1997-11-02T00:00:00-05:00,,16,Cash,Donation
3568,100,1997-11-02T00:00:00-05:00,,16,Cash,Donation
3568,100,1997-11-02T00:00:00-05:00,,16,Cash,Donation
3568,250,1997-11-02T00:00:00-05:00,,18,Cash,Donation
3568,100,1997-11-02T00:00:00-05:00,,16,Cash,Donation
3568,250,1997-11-02T00:00:00-05:00,,18,Cash,Donation
3568,250,1997-11-02T00:00:00-05:00,,18,Cash,Donation
3568,100,1997-11-02T00:00:00-05:00,,16,Cash,Donation
3568,10,1997-11-02T00:00:00-05:00,,7,Cash,Donation
3568,100,1997-11-02T00:00:00-05:00,,16,Cash,Donation
3568,250,1997-11-02T00:00:00-05:00,,18,Cash,Donation
3568,100,1997-11-02T00:00:00-05:00,,16,Cash,Donation
3568,200,1997-11-02T00:00:00-05:00,,21,Cash,Donation
3568,200,1997-11-02T00:00:00-05:00,,7,Cash,Donation
3568,200,1997-11-02T00:00:00-05:00,,16,Cash,Donation
3568,1000,1997-11-02T00:00:00-05:00,,1,Cash,Donation
3568,200,1997-11-02T00:00:00-05:00,,16,Cash,Donation
3568,50,1997-11-02T00:00:00-05:00,,18,Cash,Donation
3568,250,1997-11-02T00:00:00-05:00,,16,Cash,Donation
3568,25,1997-11-02T00:00:00-05:00,,2,Cash,Donation
3568,25,1997-11-02T00:00:00-05:00,,5,Cash,Donation
3568,25,1997-11-02T00:00:00-05:00,,6,Cash,Donation
3568,50,1997-11-02T00:00:00-05:00,,7,Cash,Donation
3568,25,1997-11-02T00:00:00-05:00,,12,Cash,Donation
3568,25,1997-11-02T00:00:00-05:00,,35,Cash,Donation
3568,25,1997-11-02T00:00:00-05:00,,4,Cash,Donation
3568,200,1997-11-02T00:00:00-05:00,,16,Cash,Donation
3568,125,1997-11-02T00:00:00-05:00,,14,Cash,Donation
3568,50,1997-11-02T00:00:00-05:00,,12,Cash,Donation
3568,1000,1997-11-02T00:00:00-05:00,,11,Cash,Donation
3358,100,1997-11-02T00:00:00-05:00,,1,Cash,Donation
3358,100,1997-11-02T00:00:00-05:00,,1,Cash,Donation
3358,100,1997-11-02T00:00:00-05:00,,1,Cash,Donation
3358,100,1997-11-02T00:00:00-05:00,,9,Cash,Donation
3358,100,1997-11-02T00:00:00-05:00,,1,Cash,Donation
3358,25,1997-11-02T00:00:00-05:00,,12,Cash,Donation
3358,100,1997-11-02T00:00:00-05:00,,4,Cash,Donation
3358,100,1997-11-02T00:00:00-05:00,,4,Cash,Donation
3358,25,1997-11-02T00:00:00-05:00,,1,Cash,Donation
3358,100,1997-11-02T00:00:00-05:00,,12,Cash,Donation
3358,100,1997-11-02T00:00:00-05:00,,1,Cash,Donation
3358,105,1997-11-02T00:00:00-05:00,,12,Cash,Donation
3358,50,1997-11-02T00:00:00-05:00,,15,Cash,Donation
3358,110,1997-11-02T00:00:00-05:00,,12,Cash,Donation
3358,100,1997-11-02T00:00:00-05:00,,12,Cash,Donation
3358,100,1997-11-02T00:00:00-05:00,,1,Cash,Donation
3358,110,1997-11-02T00:00:00-05:00,,12,Cash,Donation
3358,100,1997-11-02T00:00:00-05:00,,14,Cash,Donation
3358,100,1997-11-02T00:00:00-05:00,,1,Cash,Donation
3358,100,1997-11-02T00:00:00-05:00,,14,Cash,Donation
3358,100,1997-11-02T00:00:00-05:00,,14,Cash,Donation
3358,100,1997-11-02T00:00:00-05:00,,12,Cash,Donation
3358,100,1997-11-02T00:00:00-05:00,,14,Cash,Donation
3379,10,1997-11-02T00:00:00-05:00,,9,Cash,Donation
3379,62.01,1997-11-02T00:00:00-05:00,,4,Cash,Donation
3381,10,1997-11-02T00:00:00-05:00,,8,Cash,Donation
3381,15,1997-11-02T00:00:00-05:00,,10,Cash,Donation
3381,15,1997-11-02T00:00:00-05:00,,12,Cash,Donation
3381,10,1997-11-02T00:00:00-05:00,,12,Cash,Donation
3381,10,1997-11-02T00:00:00-05:00,,12,Cash,Donation
3381,10,1997-11-02T00:00:00-05:00,,12,Cash,Donation
3381,10,1997-11-02T00:00:00-05:00,,12,Cash,Donation
1163,100,1997-11-02T00:00:00-05:00,,1,Cash,Donation
1163,50,1997-11-02T00:00:00-05:00,,1,Cash,Donation
1163,15,1997-11-02T00:00:00-05:00,,35,Cash,Donation
1163,50,1997-11-02T00:00:00-05:00,,1,Cash,Donation
1163,75,1997-11-02T00:00:00-05:00,,1,Cash,Donation
1163,50,1997-11-02T00:00:00-05:00,,1,Cash,Donation
1163,25,1997-11-02T00:00:00-05:00,,2,Cash,Donation
1163,100,1997-11-02T00:00:00-05:00,,18,Cash,Donation
1163,25,1997-11-02T00:00:00-05:00,,2,Cash,Donation
1163,100,1997-11-02T00:00:00-05:00,,18,Cash,Donation
3381,15,1997-11-02T00:00:00-05:00,,12,Cash,Donation
1163,10,1997-11-02T00:00:00-05:00,,7,Cash,Donation
3379,10,1997-11-02T00:00:00-05:00,,2,Cash,Donation
1163,25,1997-11-02T00:00:00-05:00,,2,Cash,Donation
3381,20,1997-11-02T00:00:00-05:00,,12,Cash,Donation
3379,10,1997-11-02T00:00:00-05:00,,2,Cash,Donation
1163,25,1997-11-02T00:00:00-05:00,,1,Cash,Donation
5635,50,1997-11-02T00:00:00-05:00,,4,Cash,Donation
1163,50,1997-11-02T00:00:00-05:00,,2,Cash,Donation
5749,35,1997-11-02T00:00:00-05:00,,12,Cash,Donation
1163,25,1997-11-02T00:00:00-05:00,,2,Cash,Donation
3379,15,1997-11-02T00:00:00-05:00,,2,Cash,Donation
3381,25,1997-11-02T00:00:00-05:00,,12,Cash,Donation
1163,25,1997-11-02T00:00:00-05:00,,2,Cash,Donation
3381,15,1997-11-02T00:00:00-05:00,,12,Cash,Donation
3381,20,1997-11-02T00:00:00-05:00,,12,Cash,Donation
1163,50,1997-11-02T00:00:00-05:00,,2,Cash,Donation
3379,20,1997-11-02T00:00:00-05:00,,2,Cash,Donation
3404,100,1997-11-02T00:00:00-05:00,,8,Cash,Donation
3404,35,1997-11-02T00:00:00-05:00,,12,Cash,Donation
3404,50,1997-11-02T00:00:00-05:00,,12,Cash,Donation
3404,35,1997-11-02T00:00:00-05:00,,12,Cash,Donation
3404,1000,1997-11-02T00:00:00-05:00,,18,Cash,Donation
3404,35,1997-11-02T00:00:00-05:00,,12,Cash,Donation
3404,40,1997-11-02T00:00:00-05:00,,12,Cash,Donation
3404,25,1997-11-02T00:00:00-05:00,,12,Cash,Donation
4330,50,1997-11-02T00:00:00-05:00,,4,Cash,Donation
3404,70,1997-11-02T00:00:00-05:00,,12,Cash,Donation
3404,100,1997-11-02T00:00:00-05:00,,12,Cash,Donation
3404,25,1997-11-02T00:00:00-05:00,,7,Cash,Donation
3404,200,1997-11-02T00:00:00-05:00,,20,Cash,Donation
3404,150,1997-11-02T00:00:00-05:00,,1,Cash,Donation
3404,200,1997-11-02T00:00:00-05:00,,12,Cash,Donation
3404,100,1997-11-02T00:00:00-05:00,,7,Cash,Donation
3404,500,1997-11-02T00:00:00-05:00,,2,Cash,Donation
3404,100,1997-11-02T00:00:00-05:00,,12,Cash,Donation
3404,100,1997-11-02T00:00:00-05:00,,7,Cash,Donation
3404,100,1997-11-02T00:00:00-05:00,,16,Cash,Donation
3404,100,1997-11-02T00:00:00-05:00,,12,Cash,Donation
3404,100,1997-11-02T00:00:00-05:00,,2,Cash,Donation
3404,50,1997-11-02T00:00:00-05:00,,12,Cash,Donation
3404,100,1997-11-02T00:00:00-05:00,,16,Cash,Donation
3404,100,1997-11-02T00:00:00-05:00,,12,Cash,Donation
3404,200,1997-11-02T00:00:00-05:00,,16,Cash,Donation
3404,100,1997-11-02T00:00:00-05:00,,12,Cash,Donation
3404,300,1997-11-02T00:00:00-05:00,,16,Cash,Donation
3404,125,1997-11-02T00:00:00-05:00,,14,Cash,Donation
3413,25,1997-11-02T00:00:00-05:00,,1,Cash,Donation
3413,25,1997-11-02T00:00:00-05:00,,1,Cash,Donation
3413,25,1997-11-02T00:00:00-05:00,,1,Cash,Donation
1183,5,1997-11-02T00:00:00-05:00,,1,Cash,Donation
1191,10,1997-11-02T00:00:00-05:00,,1,Cash,Donation
1191,10,1997-11-02T00:00:00-05:00,,2,Cash,Donation
3416,5,1997-11-02T00:00:00-05:00,,10,Cash,Donation
3416,10,1997-11-02T00:00:00-05:00,,12,Cash,Donation
3416,10,1997-11-02T00:00:00-05:00,,12,Cash,Donation
3416,10,1997-11-02T00:00:00-05:00,,12,Cash,Donation
3416,25,1997-11-02T00:00:00-05:00,,1,Cash,Donation
3416,10,1997-11-02T00:00:00-05:00,,12,Cash,Donation
2771,15,1997-11-02T00:00:00-05:00,,1,Cash,Donation
2771,15,1997-11-02T00:00:00-05:00,,1,Cash,Donation
2771,15,1997-11-02T00:00:00-05:00,,1,Cash,Donation
2771,20,1997-11-02T00:00:00-05:00,,1,Cash,Donation
2771,20,1997-11-02T00:00:00-05:00,,4,Cash,Donation
2771,20,1997-11-02T00:00:00-05:00,,4,Cash,Donation
2771,20,1997-11-02T00:00:00-05:00,,4,Cash,Donation
2771,20,1997-11-02T00:00:00-05:00,,4,Cash,Donation
2771,20,1997-11-02T00:00:00-05:00,,4,Cash,Donation
2771,20,1997-11-02T00:00:00-05:00,,4,Cash,Donation
2771,20,1997-11-02T00:00:00-05:00,,4,Cash,Donation
2771,20,1997-11-02T00:00:00-05:00,,4,Cash,Donation
1213,25,1997-11-02T00:00:00-05:00,,14,Cash,Donation
1213,50,1997-11-02T00:00:00-05:00,,14,Cash,Donation
1213,50,1997-11-02T00:00:00-05:00,,15,Cash,Donation
1213,125,1997-11-02T00:00:00-05:00,,14,Cash,Donation
1213,50,1997-11-02T00:00:00-05:00,,15,Cash,Donation
5800,50,1997-11-02T00:00:00-05:00,,4,Cash,Donation
5800,50,1997-11-02T00:00:00-05:00,,4,Cash,Donation
2775,5,1997-11-02T00:00:00-05:00,,1,Cash,Donation
2775,5,1997-11-02T00:00:00-05:00,,7,Cash,Donation
2775,5,1997-11-02T00:00:00-05:00,,4,Cash,Donation
2775,10,1997-11-02T00:00:00-05:00,,7,Cash,Donation
2775,1529.62,1997-11-02T00:00:00-05:00,,7,Cash,Donation
1237,125,1997-11-02T00:00:00-05:00,,14,Cash,Donation
1237,100,1997-11-02T00:00:00-05:00,,15,Cash,Donation
1237,100,1997-11-02T00:00:00-05:00,,15,Cash,Donation
1237,50,1997-11-02T00:00:00-05:00,,2,Cash,Donation
1237,100,1997-11-02T00:00:00-05:00,,14,Cash,Donation
1237,125,1997-11-02T00:00:00-05:00,,15,Cash,Donation
1237,50,1997-11-02T00:00:00-05:00,,14,Cash,Donation
1237,150,1997-11-02T00:00:00-05:00,,15,Cash,Donation
1237,200,1997-11-02T00:00:00-05:00,,15,Cash,Donation
1237,150,1997-11-02T00:00:00-05:00,,15,Cash,Donation
1237,100,1997-11-02T00:00:00-05:00,,2,Cash,Donation
1237,125,1997-11-02T00:00:00-05:00,,15,Cash,Donation
1237,125,1997-11-02T00:00:00-05:00,,15,Cash,Donation
1237,150,1997-11-02T00:00:00-05:00,,15,Cash,Donation
1237,250,1997-11-02T00:00:00-05:00,,2,Cash,Donation
1237,250,1997-11-02T00:00:00-05:00,,14,Cash,Donation
1237,150,1997-11-02T00:00:00-05:00,,15,Cash,Donation
3516,10,1997-11-02T00:00:00-05:00,,1,Cash,Donation
3516,20,1997-11-02T00:00:00-05:00,,1,Cash,Donation
3516,20,1997-11-02T00:00:00-05:00,,1,Cash,Donation
3516,10,1997-11-02T00:00:00-05:00,,1,Cash,Donation
3516,10,1997-11-02T00:00:00-05:00,,4,Cash,Donation
3516,10,1997-11-02T00:00:00-05:00,,4,Cash,Donation
3516,10,1997-11-02T00:00:00-05:00,,4,Cash,Donation
3516,5,1997-11-02T00:00:00-05:00,,4,Cash,Donation
3516,5,1997-11-02T00:00:00-05:00,,4,Cash,Donation
3516,15,1997-11-02T00:00:00-05:00,,4,Cash,Donation
3516,10,1997-11-02T00:00:00-05:00,,4,Cash,Donation
3516,10,1997-11-02T00:00:00-05:00,,4,Cash,Donation
3516,10,1997-11-02T00:00:00-05:00,,4,Cash,Donation
3598,20,1997-11-02T00:00:00-05:00,,8,Cash,Donation
3598,25,1997-11-02T00:00:00-05:00,,12,Cash,Donation
3598,20,1997-11-02T00:00:00-05:00,,1,Cash,Donation
3598,25,1997-11-02T00:00:00-05:00,,12,Cash,Donation
3598,25,1997-11-02T00:00:00-05:00,,12,Cash,Donation
5483,30,1997-11-02T00:00:00-05:00,,21,Cash,Donation
3598,20,1997-11-02T00:00:00-05:00,,12,Cash,Donation
3644,500,1997-11-02T00:00:00-05:00,,14,Cash,Donation
3644,500,1997-11-02T00:00:00-05:00,,14,Cash,Donation
3644,500,1997-11-02T00:00:00-05:00,,14,Cash,Donation
3644,15,1997-11-02T00:00:00-05:00,,1,Cash,Donation
3644,500,1997-11-02T00:00:00-05:00,,1,Cash,Donation
3644,500,1997-11-02T00:00:00-05:00,,14,Cash,Donation
3644,500,1997-11-02T00:00:00-05:00,,18,Cash,Donation
3644,90,1997-11-02T00:00:00-05:00,,15,Cash,Donation
3644,500,1997-11-02T00:00:00-05:00,,14,Cash,Donation
3644,90,1997-11-02T00:00:00-05:00,,15,Cash,Donation
3644,45,1997-11-02T00:00:00-05:00,,15,Cash,Donation
3644,50,1997-11-02T00:00:00-05:00,,14,Cash,Donation
3644,500,1997-11-02T00:00:00-05:00,,14,Cash,Donation
3644,100,1997-11-02T00:00:00-05:00,,15,Cash,Donation
3644,200,1997-11-02T00:00:00-05:00,,13,Cash,Donation
3644,500,1997-11-02T00:00:00-05:00,,14,Cash,Donation
3644,100,1997-11-02T00:00:00-05:00,,15,Cash,Donation
3644,500,1997-11-02T00:00:00-05:00,,14,Cash,Donation
3644,100,1997-11-02T00:00:00-05:00,,15,Cash,Donation
3644,50,1997-11-02T00:00:00-05:00,,15,Cash,Donation
3644,10,1997-11-02T00:00:00-05:00,,7,Cash,Donation
3644,50,1997-11-02T00:00:00-05:00,,7,Cash,Donation
3644,500,1997-11-02T00:00:00-05:00,,14,Cash,Donation
3644,100,1997-11-02T00:00:00-05:00,,15,Cash,Donation
3644,480,1997-11-02T00:00:00-05:00,,21,Cash,Donation
3644,100,1997-11-02T00:00:00-05:00,,23,Cash,Donation
3644,500,1997-11-02T00:00:00-05:00,,14,Cash,Donation
3644,50,1997-11-02T00:00:00-05:00,,15,Cash,Donation
3644,500,1997-11-02T00:00:00-05:00,,7,Cash,Donation
3644,400,1997-11-02T00:00:00-05:00,,7,Cash,Donation
3644,500,1997-11-02T00:00:00-05:00,,14,Cash,Donation
3644,50,1997-11-02T00:00:00-05:00,,15,Cash,Donation
3644,500,1997-11-02T00:00:00-05:00,,2,Cash,Donation
3644,500,1997-11-02T00:00:00-05:00,,14,Cash,Donation
3644,50,1997-11-02T00:00:00-05:00,,15,Cash,Donation
3644,500,1997-11-02T00:00:00-05:00,,7,Cash,Donation
3644,20,1997-11-02T00:00:00-05:00,,12,Cash,Donation
3644,500,1997-11-02T00:00:00-05:00,,14,Cash,Donation
3644,50,1997-11-02T00:00:00-05:00,,15,Cash,Donation
3644,40,1997-11-02T00:00:00-05:00,,7,Cash,Donation
2780,20,1997-11-02T00:00:00-05:00,,1,Cash,Donation
2780,20,1997-11-02T00:00:00-05:00,,1,Cash,Donation
2780,25,1997-11-02T00:00:00-05:00,,1,Cash,Donation
2780,25,1997-11-02T00:00:00-05:00,,1,Cash,Donation
2780,50,1997-11-02T00:00:00-05:00,,4,Cash,Donation
2780,50,1997-11-02T00:00:00-05:00,,4,Cash,Donation
2780,50,1997-11-02T00:00:00-05:00,,4,Cash,Donation
2953,50,1997-11-02T00:00:00-05:00,,1,Cash,Donation
2953,50,1997-11-02T00:00:00-05:00,,1,Cash,Donation
2953,100,1997-11-02T00:00:00-05:00,,1,Cash,Donation
2953,100,1997-11-02T00:00:00-05:00,,4,Cash,Donation
2953,0,1997-11-02T00:00:00-05:00,,1,Cash,Donation
1309,100,1997-11-02T00:00:00-05:00,,2,Cash,Donation
1309,100,1997-11-02T00:00:00-05:00,,2,Cash,Donation
1309,100,1997-11-02T00:00:00-05:00,,2,Cash,Donation
1309,25,1997-11-02T00:00:00-05:00,,2,Cash,Donation
1309,25,1997-11-02T00:00:00-05:00,,2,Cash,Donation
1309,15,1997-11-02T00:00:00-05:00,,2,Cash,Donation
1309,15,1997-11-02T00:00:00-05:00,,2,Cash,Donation
1309,50,1997-11-02T00:00:00-05:00,,14,Cash,Donation
3730,100,1997-11-02T00:00:00-05:00,,16,Cash,Donation
3730,100,1997-11-02T00:00:00-05:00,,16,Cash,Donation
3730,100,1997-11-02T00:00:00-05:00,,16,Cash,Donation
3730,125,1997-11-02T00:00:00-05:00,,16,Cash,Donation
3730,100,1997-11-02T00:00:00-05:00,,16,Cash,Donation
3730,100,1997-11-02T00:00:00-05:00,,16,Cash,Donation
3733,25,1997-11-02T00:00:00-05:00,,10,Cash,Donation
3733,10,1997-11-02T00:00:00-05:00,,8,Cash,Donation
3765,25,1997-11-02T00:00:00-05:00,,8,Cash,Donation
3765,100,1997-11-02T00:00:00-05:00,,18,Cash,Donation
3767,100,1997-11-02T00:00:00-05:00,,18,Cash,Donation
3765,35,1997-11-02T00:00:00-05:00,,12,Cash,Donation
3765,35,1997-11-02T00:00:00-05:00,,12,Cash,Donation
3765,50,1997-11-02T00:00:00-05:00,,12,Cash,Donation
3765,75,1997-11-02T00:00:00-05:00,,12,Cash,Donation
3765,40,1997-11-02T00:00:00-05:00,,12,Cash,Donation
3765,35,1997-11-02T00:00:00-05:00,,12,Cash,Donation
6451,50,1997-11-02T00:00:00-05:00,,36,Cash,Donation
6451,100,1997-11-02T00:00:00-05:00,,12,Cash,Donation
5624,25,1997-11-02T00:00:00-05:00,,4,Cash,Donation
4525,25,1997-11-02T00:00:00-05:00,,1,Cash,Donation
3795,50,1997-11-02T00:00:00-05:00,,16,Cash,Donation
4529,5,1997-11-02T00:00:00-05:00,,1,Cash,Donation
4529,10,1997-11-02T00:00:00-05:00,,4,Cash,Donation
4375,100,1997-11-02T00:00:00-05:00,,16,Cash,Donation
4375,100,1997-11-02T00:00:00-05:00,,16,Cash,Donation
5255,35,1997-11-02T00:00:00-05:00,,12,Cash,Donation
2808,10,1997-11-02T00:00:00-05:00,,1,Cash,Donation
2808,25,1997-11-02T00:00:00-05:00,,4,Cash,Donation
2808,50,1997-11-02T00:00:00-05:00,,4,Cash,Donation
2808,50,1997-11-02T00:00:00-05:00,,4,Cash,Donation
2808,50,1997-11-02T00:00:00-05:00,,4,Cash,Donation
2808,25,1997-11-02T00:00:00-05:00,,4,Cash,Donation
2808,25,1997-11-02T00:00:00-05:00,,4,Cash,Donation
2811,15,1997-11-02T00:00:00-05:00,,1,Cash,Donation
2811,10,1997-11-02T00:00:00-05:00,,1,Cash,Donation
2811,25,1997-11-02T00:00:00-05:00,,1,Cash,Donation
2811,25,1997-11-02T00:00:00-05:00,,1,Cash,Donation
2811,25,1997-11-02T00:00:00-05:00,,4,Cash,Donation
2811,25,1997-11-02T00:00:00-05:00,,4,Cash,Donation
2811,25,1997-11-02T00:00:00-05:00,,4,Cash,Donation
2811,25,1997-11-02T00:00:00-05:00,,4,Cash,Donation
2811,25,1997-11-02T00:00:00-05:00,,4,Cash,Donation
2811,25,1997-11-02T00:00:00-05:00,,4,Cash,Donation
2811,25,1997-11-02T00:00:00-05:00,,4,Cash,Donation
2811,25,1997-11-02T00:00:00-05:00,,4,Cash,Donation
2811,50,1997-11-02T00:00:00-05:00,,4,Cash,Donation
4405,100,1997-11-02T00:00:00-05:00,,16,Cash,Donation
4405,100,1997-11-02T00:00:00-05:00,,16,Cash,Donation
4405,100,1997-11-02T00:00:00-05:00,,16,Cash,Donation
4405,100,1997-11-02T00:00:00-05:00,,16,Cash,Donation
4405,100,1997-11-02T00:00:00-05:00,,16,Cash,Donation
4405,100,1997-11-02T00:00:00-05:00,,16,Cash,Donation
4412,100,1997-11-02T00:00:00-05:00,,1,Cash,Donation
4412,25,1997-11-02T00:00:00-05:00,,9,Cash,Donation
4412,120,1997-11-02T00:00:00-05:00,,1,Cash,Donation
4412,100,1997-11-02T00:00:00-05:00,,1,Cash,Donation
4412,100,1997-11-02T00:00:00-05:00,,8,Cash,Donation
4419,10,1997-11-02T00:00:00-05:00,,1,Cash,Donation
6458,125,1997-11-02T00:00:00-05:00,,15,Cash,Donation
6217,100,1997-11-02T00:00:00-05:00,,16,Cash,Donation
45685,130,2017-03-20T17:38:27.593-04:00,,82,CreditCard,Donation
4448,15,1997-11-02T00:00:00-05:00,,1,Cash,Donation
4448,20,1997-11-02T00:00:00-05:00,,7,Cash,Donation
4448,10,1997-11-02T00:00:00-05:00,,4,Cash,Donation
4448,10,1997-11-02T00:00:00-05:00,,4,Cash,Donation
4448,15,1997-11-02T00:00:00-05:00,,4,Cash,Donation
4448,15,1997-11-02T00:00:00-05:00,,4,Cash,Donation
4448,20,1997-11-02T00:00:00-05:00,,4,Cash,Donation
4452,50,1997-11-02T00:00:00-05:00,,7,Cash,Donation
4452,60,1997-11-02T00:00:00-05:00,,7,Cash,Donation
4452,15,1997-11-02T00:00:00-05:00,,12,Cash,Donation
4452,10,1997-11-02T00:00:00-05:00,,7,Cash,Donation
3398,100,1997-11-02T00:00:00-05:00,,12,Cash,Donation
3398,100,1997-11-02T00:00:00-05:00,,12,Cash,Donation
3398,100,1997-11-02T00:00:00-05:00,,12,Cash,Donation
3398,100,1997-11-02T00:00:00-05:00,,4,Cash,Donation
3398,100,1997-11-02T00:00:00-05:00,,12,Cash,Donation
3398,100,1997-11-02T00:00:00-05:00,,12,Cash,Donation
3398,100,1997-11-02T00:00:00-05:00,,7,Cash,Donation
3398,100,1997-11-02T00:00:00-05:00,,12,Cash,Donation
3398,100,1997-11-02T00:00:00-05:00,,12,Cash,Donation
3398,100,1997-11-02T00:00:00-05:00,,12,Cash,Donation
3398,100,1997-11-02T00:00:00-05:00,,12,Cash,Donation
3398,100,1997-11-02T00:00:00-05:00,,12,Cash,Donation
4556,10,1997-11-02T00:00:00-05:00,,14,Cash,Donation
4556,10,1997-11-02T00:00:00-05:00,,14,Cash,Donation
4556,10,1997-11-02T00:00:00-05:00,,4,Cash,Donation
4556,10,1997-11-02T00:00:00-05:00,,1,Cash,Donation
4556,10,1997-11-02T00:00:00-05:00,,4,Cash,Donation
4556,10,1997-11-02T00:00:00-05:00,,4,Cash,Donation
4556,10,1997-11-02T00:00:00-05:00,,4,Cash,Donation
4456,100,1997-11-02T00:00:00-05:00,,1,Cash,Donation
4456,50,1997-11-02T00:00:00-05:00,,15,Cash,Donation
4456,100,1997-11-02T00:00:00-05:00,,18,Cash,Donation
4456,10,1997-11-02T00:00:00-05:00,,2,Cash,Donation
4456,50,1997-11-02T00:00:00-05:00,,15,Cash,Donation
4456,50,1997-11-02T00:00:00-05:00,,1,Cash,Donation
4456,50,1997-11-02T00:00:00-05:00,,15,Cash,Donation
4456,50,1997-11-02T00:00:00-05:00,,15,Cash,Donation
4456,50,1997-11-02T00:00:00-05:00,,2,Cash,Donation
4456,100,1997-11-02T00:00:00-05:00,,14,Cash,Donation
4456,100,1997-11-02T00:00:00-05:00,,14,Cash,Donation
4456,50,1997-11-02T00:00:00-05:00,,15,Cash,Donation
4558,10,1997-11-02T00:00:00-05:00,,1,Cash,Donation
1921,10,1997-11-02T00:00:00-05:00,,1,Cash,Donation
1921,10,1997-11-02T00:00:00-05:00,,1,Cash,Donation
1921,10,1997-11-02T00:00:00-05:00,,1,Cash,Donation
2819,20,1997-11-02T00:00:00-05:00,,1,Cash,Donation
2819,20,1997-11-02T00:00:00-05:00,,1,Cash,Donation
2819,10,1997-11-02T00:00:00-05:00,,1,Cash,Donation
2819,10,1997-11-02T00:00:00-05:00,,1,Cash,Donation
2819,10,1997-11-02T00:00:00-05:00,,4,Cash,Donation
2819,15,1997-11-02T00:00:00-05:00,,4,Cash,Donation
2819,10,1997-11-02T00:00:00-05:00,,4,Cash,Donation
2819,10,1997-11-02T00:00:00-05:00,,4,Cash,Donation
2819,10,1997-11-02T00:00:00-05:00,,4,Cash,Donation
2819,10,1997-11-02T00:00:00-05:00,,4,Cash,Donation
2819,10,1997-11-02T00:00:00-05:00,,4,Cash,Donation
2819,10,1997-11-02T00:00:00-05:00,,4,Cash,Donation
2819,10,1997-11-02T00:00:00-05:00,,4,Cash,Donation
4627,100,1997-11-02T00:00:00-05:00,,16,Cash,Donation
4627,100,1997-11-02T00:00:00-05:00,,16,Cash,Donation
4627,50,1997-11-02T00:00:00-05:00,,16,Cash,Donation
1931,10,1997-11-02T00:00:00-05:00,,2,Cash,Donation
2824,5,1997-11-02T00:00:00-05:00,,1,Cash,Donation
2824,5,1997-11-02T00:00:00-05:00,,1,Cash,Donation
2824,5,1997-11-02T00:00:00-05:00,,4,Cash,Donation
2824,5,1997-11-02T00:00:00-05:00,,4,Cash,Donation
2824,5,1997-11-02T00:00:00-05:00,,4,Cash,Donation
2824,5,1997-11-02T00:00:00-05:00,,4,Cash,Donation
2824,5,1997-11-02T00:00:00-05:00,,4,Cash,Donation
2824,5,1997-11-02T00:00:00-05:00,,4,Cash,Donation
2824,5,1997-11-02T00:00:00-05:00,,4,Cash,Donation
2824,10,1997-11-02T00:00:00-05:00,,4,Cash,Donation
2824,5,1997-11-02T00:00:00-05:00,,4,Cash,Donation
5873,25,1997-11-02T00:00:00-05:00,,1,Cash,Donation
5873,45,1997-11-02T00:00:00-05:00,,12,Cash,Donation
5873,90,1997-11-02T00:00:00-05:00,,12,Cash,Donation
5873,50,1997-12-24T14:32:20-05:00,,12,Cash,Donation
5637,20,1997-11-02T00:00:00-05:00,,4,Cash,Donation
5637,20,1997-11-02T00:00:00-05:00,,4,Cash,Donation
5637,10,1997-11-02T00:00:00-05:00,,4,Cash,Donation
5637,20,1997-11-02T00:00:00-05:00,,4,Cash,Donation
2827,15,1997-11-02T00:00:00-05:00,,1,Cash,Donation
2827,15,1997-11-02T00:00:00-05:00,,1,Cash,Donation
2827,15,1997-11-02T00:00:00-05:00,,4,Cash,Donation
2827,15,1997-11-02T00:00:00-05:00,,4,Cash,Donation
2827,15,1997-11-02T00:00:00-05:00,,4,Cash,Donation
4680,100,1997-11-02T00:00:00-05:00,,7,Cash,Donation
4680,110,1997-11-02T00:00:00-05:00,,7,Cash,Donation
2827,15,1997-11-02T00:00:00-05:00,,4,Cash,Donation
2827,15,1997-11-02T00:00:00-05:00,,4,Cash,Donation
2827,15,1997-11-02T00:00:00-05:00,,4,Cash,Donation
2827,15,1997-11-02T00:00:00-05:00,,4,Cash,Donation
2827,15,1997-11-02T00:00:00-05:00,,4,Cash,Donation
2827,15,1997-11-02T00:00:00-05:00,,4,Cash,Donation
2829,3,1997-11-02T00:00:00-05:00,,4,Cash,Donation
2829,5,1997-11-02T00:00:00-05:00,,1,Cash,Donation
2829,3,1997-11-02T00:00:00-05:00,,4,Cash,Donation
2829,3,1997-11-02T00:00:00-05:00,,4,Cash,Donation
2829,3,1997-11-02T00:00:00-05:00,,4,Cash,Donation
2829,5,1997-11-02T00:00:00-05:00,,4,Cash,Donation
2829,5,1997-11-02T00:00:00-05:00,,4,Cash,Donation
2831,10,1997-11-02T00:00:00-05:00,,1,Cash,Donation
2833,20,1997-11-02T00:00:00-05:00,,1,Cash,Donation
4562,10,1997-11-02T00:00:00-05:00,,1,Cash,Donation
4562,10,1997-11-02T00:00:00-05:00,,4,Cash,Donation
2009,100,1997-11-02T00:00:00-05:00,,1,Cash,Donation
2009,30,1997-11-02T00:00:00-05:00,,7,Cash,Donation
2009,50,1997-11-02T00:00:00-05:00,,4,Cash,Donation
2009,100,1997-11-02T00:00:00-05:00,,1,Cash,Donation
2009,50,1997-11-02T00:00:00-05:00,,4,Cash,Donation
2009,100,1997-11-02T00:00:00-05:00,,2,Cash,Donation
2009,120,1997-11-02T00:00:00-05:00,,21,Cash,Donation
2009,50,1997-11-02T00:00:00-05:00,,2,Cash,Donation
5124,100,1997-11-02T00:00:00-05:00,,2,Cash,Donation
5124,50,1997-11-02T00:00:00-05:00,,2,Cash,Donation
5124,2000,1997-11-02T00:00:00-05:00,,1,Cash,Donation
5124,50,1997-11-02T00:00:00-05:00,,7,Cash,Donation
4956,10,1997-11-02T00:00:00-05:00,,4,Cash,Donation
4956,10,1997-11-02T00:00:00-05:00,,4,Cash,Donation
4956,10,1997-11-02T00:00:00-05:00,,4,Cash,Donation
4956,10,1997-11-02T00:00:00-05:00,,4,Cash,Donation
4956,10,1997-11-02T00:00:00-05:00,,4,Cash,Donation
4956,10,1997-11-02T00:00:00-05:00,,4,Cash,Donation